numero,nombre,estado,latitud,longitud
01009,LA LABOR (SMN),AGUASCALIENTES,21.96222222,-102.6947222
01010,LA TINAJA,AGUASCALIENTES,22.16444444,-102.5541667
01007,JESUS MARIA (SMN),AGUASCALIENTES,21.96222222,-102.3447222
01024,SAN ISIDRO,AGUASCALIENTES,21.77861111,-102.1038889
01003,CALVILLO (SMN),AGUASCALIENTES,21.88333333,-102.7188889
01016,GANADERIA PEÑUELAS,AGUASCALIENTES,21.71055556,-102.2822222
01021,RANCHO VIEJO,AGUASCALIENTES,22.12333333,-102.5111111
01012,PRESA MEDIA LUNA,AGUASCALIENTES,21.79444444,-102.8016667
01005,PRESA EL NIAGARA,AGUASCALIENTES,21.78055556,-102.3716667
01015,PALO ALTO,AGUASCALIENTES,21.91638889,-101.9694444
01036,SANTA ROSA,AGUASCALIENTES,21.81666667,-102.3
01020,PRESA LA CODORNIZ,AGUASCALIENTES,21.99666667,-102.6741667
01029,ASIENTOS,AGUASCALIENTES,22.23972222,-102.0888889
01027,VENADERO (DGE),AGUASCALIENTES,21.87722222,-102.4633333
01019,PRESA JOCOQUE,AGUASCALIENTES,22.12805556,-102.3594444
01025,SAN FRANCISCO DE LOS ROMO (SMN),AGUASCALIENTES,22.07722222,-102.2711111
01035,SAN FRANCISCO DE LOS VIVEROS,AGUASCALIENTES,21.91194444,-102.13
01032,LAS FRAGUAS,AGUASCALIENTES,22.03916667,-101.8925
01031,EL NOVILLO,AGUASCALIENTES,22.01888889,-101.9991667
01006,EL TULE (SMN),AGUASCALIENTES,22.08166667,-102.0913889
01004,CAÑADA HONDA,AGUASCALIENTES,22.00083333,-102.1988889
01013,MESILLAS,AGUASCALIENTES,22.31333333,-102.1658333
01026,TEPEZALA,AGUASCALIENTES,22.22361111,-102.1688889
01008,PUERTO DE LA CONCEPCION,AGUASCALIENTES,22.20277778,-102.135
01022,SAN BARTOLO,AGUASCALIENTES,21.74805556,-102.1702778
01023,CALVILLO (DGE),AGUASCALIENTES,21.83666667,-102.7116667
01014,PABELLON CAMPO EXPERIMENTAL,AGUASCALIENTES,22.16694444,-102.2927778
01043,E.T.A. 127 AGUASCALIENTES,AGUASCALIENTES,21.88333333,-102.3
01047,AGUA ZARCA,AGUASCALIENTES,21.97416667,-102.5844444
01001,AGUASCALIENTES (OBS),AGUASCALIENTES,21.85027778,-102.2908333
01028,VILLA JUAREZ,AGUASCALIENTES,22.10083333,-102.0677778
01034,SANDOVALES,AGUASCALIENTES,21.885,-102.1091667
01063,PEÑUELAS (SMN),AGUASCALIENTES,21.725,-102.275
01011,MALPASO,AGUASCALIENTES,21.86,-102.6638889
01033,LOS CONOS,AGUASCALIENTES,21.89777778,-101.9925
01018,PRESA PLUTARCO ELIAS CALLES,AGUASCALIENTES,22.14138889,-102.4152778
01045,EL TULE (DGE),AGUASCALIENTES,22.08305556,-102.0911111
01017,PRESA POTRERILLOS,AGUASCALIENTES,22.23277778,-102.4436111
01046,LA LABOR (DGE),AGUASCALIENTES,21.96444444,-102.6972222
01076,LOS NEGRITOS,AGUASCALIENTES,21.87055556,-102.3491667
01073,LA TINAJA,AGUASCALIENTES,21.80944444,-102.1297222
01077,EL OCOTE,AGUASCALIENTES,21.78277778,-102.5175
01041,PABELLON DE ARTEAGA (SMN),AGUASCALIENTES,22.15,-102.2833333
01057,VENADERO (SMN),AGUASCALIENTES,21.8725,-102.4666667
01078,EL OCOTE,AGUASCALIENTES,21.89027778,-102.8325
01079,PEÑUELAS (DGE),AGUASCALIENTES,21.72583333,-102.2722222
01085,TEPETATILLO,AGUASCALIENTES,22.09111111,-102.1813889
01075,MONTORO,AGUASCALIENTES,21.75722222,-102.3022222
01062,ARELLANO,AGUASCALIENTES,21.80194444,-102.2730556
01084,SAN GIL,AGUASCALIENTES,22.20833333,-102.0222222
01030,AGUASCALIENTES,AGUASCALIENTES,21.89555556,-102.3086111
01094,EL CHAYOTE,AGUASCALIENTES,22.28611111,-102.2358333
01074,CIENEGUILLA,AGUASCALIENTES,21.73111111,-102.4527778
01095,MILPILLAS DE ARRIBA,AGUASCALIENTES,21.935,-102.5508333
01091,LOS ALISOS,AGUASCALIENTES,21.74222222,-102.7169444
01080,PRESA CANUTILLO,AGUASCALIENTES,21.8375,-102.5222222
01090,JESUS MARIA (DGE),AGUASCALIENTES,21.96222222,-102.3505556
01104,ABELARDO L. RODRIGUEZ,AGUASCALIENTES,21.91444444,-102.4286111
01106,LA PRIMAVERA,AGUASCALIENTES,21.95861111,-102.4758333
01081,RANCHO SECO,AGUASCALIENTES,22.08833333,-101.9672222
01105,LOS CUARTOS,AGUASCALIENTES,21.98638889,-102.35
01103,ALAMITOS CAMPAMENTO,AGUASCALIENTES,22.1775,-102.5861111
01082,RINCON DE ROMOS,AGUASCALIENTES,22.23111111,-102.3152778
01099,JESUS TERAN (EL MUERTO),AGUASCALIENTES,21.97583333,-102.0619444
01098,LA POSTA U.A.A.,AGUASCALIENTES,21.9725,-102.3625
01089,PRESA 50 ANIVERSARIO,AGUASCALIENTES,22.18861111,-102.4641667
01097,AGUASCALIENTES II,AGUASCALIENTES,21.90555556,-102.265
01101,LAS PRESAS,AGUASCALIENTES,21.90916667,-102.0869444
01088,COSIO,AGUASCALIENTES,22.36277778,-102.2969444
01096,CALVILLITO,AGUASCALIENTES,21.83527778,-102.1825
01108,ARROYO HONDO  (CYCNA),AGUASCALIENTES,22.1825,-102.2077778
01102,PABELLON DE ARTEAGA (DGE),AGUASCALIENTES,22.14722222,-102.2791667
01083,SAN FRANCISCO DE LOS ROMO (DGE),AGUASCALIENTES,22.07888889,-102.2730556
02002,BAHIA DE LOS ANGELES,BAJA CALIFORNIA,28.60388889,-113.5561111
02001,AGUA CALIENTE,BAJA CALIFORNIA,32.1075,-116.4541667
02006,CHAPALA,BAJA CALIFORNIA,29.48805556,-114.3638889
02010,COMPOSTELA,BAJA CALIFORNIA,31.78333333,-115.7666667
02009,COLONIA JUAREZ,BAJA CALIFORNIA,32.29861111,-115.0161111
02019,EL COMPADRE,BAJA CALIFORNIA,32.3375,-116.2541667
02003,BATAQUEZ,BAJA CALIFORNIA,32.55111111,-115.0688889
02007,CERRO PRIETO (CFE),BAJA CALIFORNIA,32.43805556,-115.3875
02008,COLONIA GUERRERO,BAJA CALIFORNIA,30.71666667,-115.9833333
02013,EJIDO PLAN NACIONAL AGRARIO,BAJA CALIFORNIA,30.67,-115.1311111
02017,PLANTA DE BOMBEO ROSARITO,BAJA CALIFORNIA,32.32777778,-117.0472222
02027,ISLA CEDROS,BAJA CALIFORNIA,28.135,-115.175
02004,IGNACIO ZARAGOZA -BELEN-,BAJA CALIFORNIA,32.19527778,-116.4855556
02029,LA PROVIDENCIA,BAJA CALIFORNIA,30.96861111,-116.1566667
02012,EJIDO JOSE MARIA MORELOS,BAJA CALIFORNIA,28.3,-114.0258333
02024,EL TESTERAZO,BAJA CALIFORNIA,32.29638889,-116.5344444
02011,DELTA,BAJA CALIFORNIA,32.35305556,-115.1891667
02015,EL ARCO,BAJA CALIFORNIA,28.02861111,-113.3963889
02023,EL SOCORRO,BAJA CALIFORNIA,30.32055556,-115.8205556
02016,EL BARRIL,BAJA CALIFORNIA,28.3025,-112.8783333
02042,ROSARITO,BAJA CALIFORNIA,32.28777778,-117.0019444
02033,MEXICALI (DGE),BAJA CALIFORNIA,32.66333333,-115.4677778
02026,ISLA GUADALUPE (OBS),BAJA CALIFORNIA,29.02,-118.2780556
02021,EL PINAL,BAJA CALIFORNIA,32.18333333,-116.2916667
02037,PRESA MORELOS,BAJA CALIFORNIA,32.71527778,-114.7288889
02032,LAS ESCOBAS,BAJA CALIFORNIA,30.57944444,-115.9377778
02030,LA PUERTA,BAJA CALIFORNIA,32.54388889,-116.6783333
02049,SAN JUAN DE DIOS NORTE,BAJA CALIFORNIA,32.1325,-116.165
02022,EL ROSARIO,BAJA CALIFORNIA,30.05944444,-115.7233333
02040,RANCHO ALEGRE,BAJA CALIFORNIA,28.22861111,-113.7552778
02025,ENSENADA (OBS),BAJA CALIFORNIA,31.85777778,-116.6058333
02048,SAN JOSE,BAJA CALIFORNIA,31.06666667,-115.5833333
02044,SAN BORJA,BAJA CALIFORNIA,28.73527778,-113.7525
02014,EL ALAMO,BAJA CALIFORNIA,31.59333333,-116.0544444
02005,BOQUILLA SANTA ROSA DE LA MISION,BAJA CALIFORNIA,32.02166667,-116.7769444
02043,SAN AGUSTIN,BAJA CALIFORNIA,29.9375,-114.9669444
02035,OJOS NEGROS,BAJA CALIFORNIA,31.91166667,-116.2647222
02054,SAN RAFAEL,BAJA CALIFORNIA,31.03333333,-115.9833333
02036,OLIVARES MEXICANOS,BAJA CALIFORNIA,32.04916667,-116.6808333
02052,SAN LUIS GONZAGA,BAJA CALIFORNIA,30.08333333,-114.6166667
02062,SANTA ISABEL,BAJA CALIFORNIA,31.87111111,-115.8172222
02041,NUEVO ROSARITO,BAJA CALIFORNIA,28.63444444,-114.0172222
02046,SAN FELIPE,BAJA CALIFORNIA,31.0275,-114.8352778
02034,MEXICALI (SMN),BAJA CALIFORNIA,32.55,-115.4666667
02020,EL MAYOR,BAJA CALIFORNIA,32.1275,-115.2780556
02051,SAN LUIS BAJA CALIFORNIA,BAJA CALIFORNIA,29.72722222,-114.7108333
02031,LA RUMOROSA,BAJA CALIFORNIA,32.54861111,-116.0463889
02070,VALLE REDONDO,BAJA CALIFORNIA,32.51777778,-116.7561111
02066,LAGUNA HANSON A. SIERRA DE JUAREZ,BAJA CALIFORNIA,32.00361111,-115.9483333
02050,SAN JUAN DE DIOS SUR,BAJA CALIFORNIA,30.18444444,-115.1375
02067,TEPIC,BAJA CALIFORNIA,31.15833333,-115.7205556
02076,LAS PALOMAS,BAJA CALIFORNIA,28.21833333,-113.0844444
02058,SANTA CATARINA SUR,BAJA CALIFORNIA,29.72194444,-115.1302778
02059,SANTA CLARA,BAJA CALIFORNIA,31.08055556,-115.2861111
02073,TIJUANA (CFE),BAJA CALIFORNIA,32.52416667,-117.0741667
02057,SANTA CATARINA NORTE,BAJA CALIFORNIA,31.65722222,-115.8238889
02053,SAN MIGUEL,BAJA CALIFORNIA,28.58333333,-113.95
02045,SAN CARLOS,BAJA CALIFORNIA,31.78527778,-116.4636111
02055,SAN TELMO,BAJA CALIFORNIA,30.95,-116.1
02039,PUNTA PRIETA,BAJA CALIFORNIA,29.15833333,-114.1458333
02038,PRESA RODRIGUEZ,BAJA CALIFORNIA,32.44694444,-116.9077778
02061,SANTA GERTRUDIS,BAJA CALIFORNIA,28.075,-113.0916667
02060,SANTA CRUZ,BAJA CALIFORNIA,30.87861111,-115.6277778
02075,SANTA GERTRUDIS MISION,BAJA CALIFORNIA,28.05055556,-113.3997222
02063,SANTA MARIA DEL MAR,BAJA CALIFORNIA,30.40166667,-115.8883333
02079,EL ALAMAR,BAJA CALIFORNIA,31.83555556,-116.2038889
02087,EJIDO DOCTOR OVIEDO MOTA,BAJA CALIFORNIA,32.22888889,-115.1694444
02069,VALLE DE LAS PALMAS,BAJA CALIFORNIA,32.37027778,-116.6536111
02047,SAN FERNANDO,BAJA CALIFORNIA,29.98333333,-115.2333333
02064,SANTO DOMINGO,BAJA CALIFORNIA,31.63333333,-116.3769444
02085,SAN REGIS,BAJA CALIFORNIA,28.59722222,-113.7547222
02094,EL FARITO,BAJA CALIFORNIA,31.98333333,-116.6666667
02088,EJIDO HEROES DE LA INDEPENDENCIA,BAJA CALIFORNIA,31.61027778,-115.9375
02086,EJIDO JACUME,BAJA CALIFORNIA,32.59055556,-116.1916667
02092,EJIDO SAN MATIAS,BAJA CALIFORNIA,31.33138889,-115.5436111
02056,SAN VICENTE,BAJA CALIFORNIA,31.32916667,-116.2477778
02071,COLONIA VALLE DE LA TRINIDAD,BAJA CALIFORNIA,31.35583333,-115.6963889
02093,EJIDO VALLE DE LA TRINIDAD,BAJA CALIFORNIA,32.35611111,-115.7488889
02089,EJIDO EMILIO LOPEZ ZAMORA,BAJA CALIFORNIA,31.10416667,-116.1683333
02100,EJIDO LEANDRO VALLE,BAJA CALIFORNIA,31.26666667,-115.7666667
02077,LA MISION,BAJA CALIFORNIA,32.10194444,-116.8111111
02095,LA BOCANA DE SANTO TOMAS,BAJA CALIFORNIA,29.86666667,-115.0
02105,SAN PEDRO MARTIR (PARQUE NACIONAL),BAJA CALIFORNIA,30.96888889,-115.5816667
02097,LAGUNA SALADA,BAJA CALIFORNIA,32.22388889,-115.6905556
02091,EJIDO IGNACIO  LOPEZ RAYON,BAJA CALIFORNIA,31.28777778,-116.2644444
02099,RANCHO LOS ALGODONES,BAJA CALIFORNIA,30.78138889,-115.175
02101,EL CENTINELA,BAJA CALIFORNIA,32.57527778,-115.7419444
02106,MANEADERO,BAJA CALIFORNIA,31.69555556,-116.5727778
02078,RANCHO P. P. CUCHUMA,BAJA CALIFORNIA,32.56888889,-116.6611111
02102,LA VENTANA,BAJA CALIFORNIA,31.43972222,-115.0536111
02107,PERCEBU,BAJA CALIFORNIA,30.88555556,-114.7791667
02065,SANTO TOMAS,BAJA CALIFORNIA,31.79194444,-116.4061111
02090,EJIDO ERENDIRA,BAJA CALIFORNIA,31.27527778,-116.3686111
02119,CANCIO,BAJA CALIFORNIA,32.30972222,-116.6
02072,PRESA EMILIO LOPEZ ZAMORA,BAJA CALIFORNIA,31.89583333,-115.5972222
02109,SANTA ROSALITA,BAJA CALIFORNIA,28.66805556,-114.2369444
02118,VALLE DE SAN RAFAEL,BAJA CALIFORNIA,31.91888889,-116.2341667
02111,EJIDO NUEVO BAJA CALIFORNIA,BAJA CALIFORNIA,30.51722222,-115.9313889
02121,EL HONGO,BAJA CALIFORNIA,32.51638889,-116.3027778
02120,EJIDO MEXICO,BAJA CALIFORNIA,31.07222222,-116.2061111
02104,El CIPRES,BAJA CALIFORNIA,31.79027778,-116.5880556
02122,REAL DEL CASTILLO VIEJO,BAJA CALIFORNIA,31.95138889,-116.7458333
02131,EJIDO RUBEN JARAMILLO,BAJA CALIFORNIA,30.92361111,-116.1275
02134,EJIDO CUERNAVACA,BAJA CALIFORNIA,32.56166667,-115.3055556
02132,EJIDO ZARAHEMILA,BAJA CALIFORNIA,30.69027778,-116.0063889
02068,TIJUANA,BAJA CALIFORNIA,32.525,-117.0416667
02143,EJIDO PLAN LIBERTADOR,BAJA CALIFORNIA,32.4,-117.0
02142,EJIDO GUADALAJARA,BAJA CALIFORNIA,32.54777778,-114.8786111
02084,EL PROGRESO,BAJA CALIFORNIA,29.9675,-115.1908333
02140,COLONIA ZARAGOZA,BAJA CALIFORNIA,32.61027778,-115.5311111
02096,LA CALENTURA,BAJA CALIFORNIA,31.27027778,-116.0369444
02149,PUERTECITOS,BAJA CALIFORNIA,30.36722222,-114.8083333
02138,COLONIA SIETE,BAJA CALIFORNIA,32.53,-115.4111111
02150,PUNTA FINAL,BAJA CALIFORNIA,29.7375,-114.31
02139,COLONIA RODRIGUEZ,BAJA CALIFORNIA,32.41861111,-115.0361111
02124,EL CARRIZO II,BAJA CALIFORNIA,32.49055556,-116.6838889
02146,COLONIA SAN PEDRO MARTIR,BAJA CALIFORNIA,31.0375,-115.2041667
02162,CAMALAJUE,BAJA CALIFORNIA,29.68333333,-114.1666667
02152,EJIDO JOSE MARIA PINO SUAREZ,BAJA CALIFORNIA,32.37277778,-116.0680556
02151,AGUA DE CHALE,BAJA CALIFORNIA,30.63805556,-114.75
02110,GUAYAQUIL,BAJA CALIFORNIA,29.96722222,-115.0969444
02114,EJIDO CARMEN SERDAN,BAJA CALIFORNIA,32.24361111,-116.5844444
02141,COMPUERTA BENASSINI,BAJA CALIFORNIA,32.57027778,-115.1108333
02167,RANCHO MELING,BAJA CALIFORNIA,30.97305556,-115.7452778
02166,SAN PEDRO MARTIR (OBS. ASTRON.),BAJA CALIFORNIA,31.04416667,-115.4588889
02160,EJIDO JAMAU,BAJA CALIFORNIA,31.50277778,-115.725
02136,AGUA HECHICERA,BAJA CALIFORNIA,32.53694444,-116.62
02165,MESA DE SAN JACINTO,BAJA CALIFORNIA,30.88444444,-116.1236111
02154,COLONIA ZACATECAS,BAJA CALIFORNIA,32.06027778,-115.0594444
02168,LOMA TOVA,BAJA CALIFORNIA,32.541028,-116.417
02144,ENSENADA BLANCA,BAJA CALIFORNIA,28.41055556,-113.8638889
02156,EL FLORIDO,BAJA CALIFORNIA,32.47222222,-116.8211111
02163,EJIDO NUEVO LEON (OBS),BAJA CALIFORNIA,32.41277778,-115.1919444
02164,EJIDO EL PORVENIR,BAJA CALIFORNIA,32.10638889,-115.8522222
02148,SAN FELIPE (OBS),BAJA CALIFORNIA,31.02916667,-114.8394444
02108,PUNTA BANDA,BAJA CALIFORNIA,31.71388889,-116.6661111
02137,COLONIA MARIANA,BAJA CALIFORNIA,32.25861111,-115.3222222
02145,RANCHO WILLIAMS,BAJA CALIFORNIA,32.62444444,-114.8777778
02153,EJIDO URUAPAN,BAJA CALIFORNIA,31.61861111,-116.455
03001,AEROPUERTO VIEJO,BAJA CALIFORNIA SUR,24.15,-110.2833333
03010,EL ALAMO,BAJA CALIFORNIA SUR,27.1,-112.9333333
03021,LA AGUJA,BAJA CALIFORNIA SUR,23.98333333,-110.8833333
03017,EL TABLON,BAJA CALIFORNIA SUR,27.76666667,-113.35
03004,BUENAVISTA DE LORETO,BAJA CALIFORNIA SUR,25.12083333,-111.8133333
03006,CADEGE,BAJA CALIFORNIA SUR,26.37611111,-112.5125
03023,LAGUNILLAS,BAJA CALIFORNIA SUR,24.02166667,-110.3552778
03016,EL ROSARITO,BAJA CALIFORNIA SUR,26.76416667,-112.4186111
03007,CADUAÑO,BAJA CALIFORNIA SUR,23.33194444,-109.9472222
03024,LA MAQUINA,BAJA CALIFORNIA SUR,25.46666667,-111.1833333
03003,BOCA DEL SALADO,BAJA CALIFORNIA SUR,23.28861111,-109.4377778
03025,LA PALMA,BAJA CALIFORNIA SUR,27.56666667,-112.6
03019,GUADALUPE,BAJA CALIFORNIA SUR,26.92222222,-112.4083333
03005,CABO SAN LUCAS,BAJA CALIFORNIA SUR,22.88194444,-109.9125
03020,IRAKY,BAJA CALIFORNIA SUR,24.82861111,-111.2188889
03014,EL MOLINO,BAJA CALIFORNIA SUR,24.84027778,-111.7833333
03026,LA PAZ (OBS),BAJA CALIFORNIA SUR,24.11666667,-110.3166667
03011,EL CAJONCITO,BAJA CALIFORNIA SUR,24.14583333,-110.2055556
03015,EL ROSARIO,BAJA CALIFORNIA SUR,23.86111111,-110.6555556
03034,LAS LAGUNAS,BAJA CALIFORNIA SUR,27.6,-113.5666667
03040,EL CIRUELITO,BAJA CALIFORNIA SUR,23.87805556,-110.1130556
03002,BAHIA TORTUGAS,BAJA CALIFORNIA SUR,27.68888889,-114.8972222
03027,LA POZA GRANDE,BAJA CALIFORNIA SUR,25.76111111,-112.0375
03031,LA SOLEDAD NTE,BAJA CALIFORNIA SUR,24.8125,-110.9805556
03032,LAS BARRACAS,BAJA CALIFORNIA SUR,23.47222222,-109.4527778
03008,COMONDU,BAJA CALIFORNIA SUR,26.05833333,-111.825
03028,LA POZA HONDA,BAJA CALIFORNIA SUR,25.36805556,-111.5194444
03009,EL AGUAJITO,BAJA CALIFORNIA SUR,24.83888889,-111.1272222
03033,LAS CRUCES,BAJA CALIFORNIA SUR,25.39722222,-111.755
03013,EL PILAR,BAJA CALIFORNIA SUR,24.46972222,-111.0016667
03022,LA ANGOSTURA,BAJA CALIFORNIA SUR,25.05333333,-111.1222222
03036,LOS DIVISADEROS,BAJA CALIFORNIA SUR,23.89305556,-110.1430556
03046,PUERTO CORTES (OBS),BAJA CALIFORNIA SUR,24.47805556,-111.8222222
03044,SAN LUCAS,BAJA CALIFORNIA SUR,27.22138889,-112.2205556
03035,LORETO (DGE),BAJA CALIFORNIA SUR,26.01277778,-111.3433333
03029,LA PURISIMA,BAJA CALIFORNIA SUR,26.18194444,-112.0777778
03043,PUERTO ADOLFO LOPEZ MATEOS,BAJA CALIFORNIA SUR,25.19527778,-112.1111111
03041,PATROCINIO,BAJA CALIFORNIA SUR,26.82083333,-112.7972222
03037,SAN JUAN DE LOS PLANES,BAJA CALIFORNIA SUR,23.96805556,-109.9361111
03039,OJO DE AGUA,BAJA CALIFORNIA SUR,26.32416667,-111.9847222
03053,SAN JACINTO,BAJA CALIFORNIA SUR,23.2375,-110.0680556
03049,SAN ANTONIO SUR,BAJA CALIFORNIA SUR,23.80694444,-110.0583333
03055,SAN JOSE DE GRACIA,BAJA CALIFORNIA SUR,26.58888889,-112.7222222
03052,SAN IGNACIO,BAJA CALIFORNIA SUR,27.29861111,-112.875
03012,EL PASO DE IRITU,BAJA CALIFORNIA SUR,24.77972222,-111.15
03050,SAN BARTOLO,BAJA CALIFORNIA SUR,23.74166667,-109.8402778
03054,SAN JAVIER,BAJA CALIFORNIA SUR,25.86527778,-111.5444444
03063,SANTO DOMINGO,BAJA CALIFORNIA SUR,25.49027778,-111.9152778
03042,LAS POCITAS,BAJA CALIFORNIA SUR,24.39166667,-111.1083333
03067,YENEKA,BAJA CALIFORNIA SUR,23.27083333,-109.7791667
03048,BOCA DE LA SIERRA,BAJA CALIFORNIA SUR,23.38527778,-109.8169444
03064,SIERRA DE LA LAGUNA,BAJA CALIFORNIA SUR,23.54861111,-110.0958333
03045,PUERTO SAN CARLOS,BAJA CALIFORNIA SUR,24.79166667,-112.1111111
03070,VIZCAINO,BAJA CALIFORNIA SUR,27.57166667,-113.5711111
03069,VILLA INSURGENTES,BAJA CALIFORNIA SUR,25.26166667,-111.7744444
03065,TEPENTU,BAJA CALIFORNIA SUR,25.09166667,-111.3255556
03058,SAN PEDRO,BAJA CALIFORNIA SUR,23.925,-110.2638889
03047,PUNTA ABREOJOS,BAJA CALIFORNIA SUR,26.71555556,-113.5741667
03074,LA PAZ (DGE),BAJA CALIFORNIA SUR,24.13472222,-110.3361111
03068,VILLA CONSTITUCION,BAJA CALIFORNIA SUR,25.03222222,-111.6702778
03075,SAN PEDRO DE LA PRESA,BAJA CALIFORNIA SUR,24.84444444,-110.9736111
03076,TODOS SANTOS (SMN),BAJA CALIFORNIA SUR,23.40638889,-110.2016667
03056,SAN JOSE DEL CABO,BAJA CALIFORNIA SUR,23.06944444,-109.7069444
03018,EL TRIUNFO,BAJA CALIFORNIA SUR,23.80222222,-110.1091667
03061,SANTA ROSALIA (DGE),BAJA CALIFORNIA SUR,27.33888889,-112.2697222
03060,SANTA GERTRUDIS,BAJA CALIFORNIA SUR,23.53333333,-110.0744444
03077,EL CARRIZAL,BAJA CALIFORNIA SUR,23.75555556,-110.2705556
03062,SANTIAGO,BAJA CALIFORNIA SUR,23.48222222,-109.7183333
03038,MULEGE,BAJA CALIFORNIA SUR,26.88888889,-111.9844444
03095,E.T.A. 184 VILLA INSURGENTES,BAJA CALIFORNIA SUR,25.26388889,-111.7763889
03057,SAN JUANICO,BAJA CALIFORNIA SUR,26.25694444,-112.4827778
03072,EL COYOTE,BAJA CALIFORNIA SUR,26.77361111,-111.9097222
03066,TODOS SANTOS (DGE),BAJA CALIFORNIA SUR,23.44861111,-110.2233333
03093,SAN BRUNO,BAJA CALIFORNIA SUR,27.15416667,-112.1527778
03096,LAS CUEVAS,BAJA CALIFORNIA SUR,23.53888889,-109.6763889
03073,GUSTAVO DIAZ ORDAZ,BAJA CALIFORNIA SUR,27.64722222,-113.4430556
03094,SANTA ANITA,BAJA CALIFORNIA SUR,23.17833333,-109.7016667
03098,LOS DOLORES,BAJA CALIFORNIA SUR,26.52666667,-112.6533333
03030,LA RIBERA,BAJA CALIFORNIA SUR,23.59722222,-109.5861111
03101,VILLA MORELOS,BAJA CALIFORNIA SUR,24.93,-111.6283333
03102,EMILIANO ZAPATA,BAJA CALIFORNIA SUR,27.54861111,-113.3888889
03097,EL PESCADERO,BAJA CALIFORNIA SUR,23.36388889,-110.1652778
03100,SAN ZACARIAS,BAJA CALIFORNIA SUR,27.1375,-112.9055556
03107,SANTA AGUEDA,BAJA CALIFORNIA SUR,27.26,-112.3508333
03103,SAN JOSE DE MAGDALENA,BAJA CALIFORNIA SUR,27.06111111,-112.2388889
03114,ENSENADA DE MUERTOS,BAJA CALIFORNIA SUR,23.99694444,-109.8266667
03113,EL CONEJO,BAJA CALIFORNIA SUR,24.07361111,-110.9972222
03115,LOS LAURELES,BAJA CALIFORNIA SUR,27.6,-113.55
03105,SAN IGNACIO DE LOS ROMERO,BAJA CALIFORNIA SUR,25.5875,-111.6402778
03125,SAN AGUSTIN,BAJA CALIFORNIA SUR,24.15833333,-110.9236111
03104,LOS ROBLES,BAJA CALIFORNIA SUR,24.03611111,-110.125
03110,ALFREDO V. BONFIL,BAJA CALIFORNIA SUR,24.14861111,-110.5677778
03136,LOS FILOS,BAJA CALIFORNIA SUR,23.96666667,-110.4666667
03106,SAN JOSE DEL PACIFICO,BAJA CALIFORNIA SUR,27.5375,-114.4722222
03124,RAMADITAS,BAJA CALIFORNIA SUR,25.12222222,-111.9541667
03112,EL CARDON,BAJA CALIFORNIA SUR,26.79805556,-113.1511111
03123,PUNTA EUGENIA,BAJA CALIFORNIA SUR,27.84694444,-115.0813889
03126,SAN ANTONIO DE LA SIERRA,BAJA CALIFORNIA SUR,26.52083333,-112.5041667
03117,BAHIA ASUNCION,BAJA CALIFORNIA SUR,27.1425,-114.3
03109,LA POZA DE LEON,BAJA CALIFORNIA SUR,25.3625,-111.1722222
03133,SAN ANTONIO NORTE,BAJA CALIFORNIA SUR,26.14166667,-111.4555556
03116,LOS CERRITOS,BAJA CALIFORNIA SUR,25.18888889,-111.4111111
03120,COLONIA PLUTARCO ELIAS CALLES,BAJA CALIFORNIA SUR,23.22083333,-110.1444444
03128,SAN LUIS GONZAGA,BAJA CALIFORNIA SUR,24.9075,-111.2905556
03140,SAN JUAN DE LA COSTA,BAJA CALIFORNIA SUR,24.375,-110.6916667
03139,C.E.F. LA PAZ,BAJA CALIFORNIA SUR,23.38333333,-110.15
03130,SAN RAMON,BAJA CALIFORNIA SUR,25.27916667,-111.2852778
03122,GUILLERMO PRIETO,BAJA CALIFORNIA SUR,27.83888889,-113.3208333
03149,SAN ISIDRO,BAJA CALIFORNIA SUR,23.65,-110.2916667
03147,AGUAJITO,BAJA CALIFORNIA SUR,26.2,-112.15
03138,LIGUI,BAJA CALIFORNIA SUR,25.73472222,-111.2694444
03051,SAN FELIPE,BAJA CALIFORNIA SUR,23.10833333,-109.8541667
03151,PICHILINGUE,BAJA CALIFORNIA SUR,24.26944444,-110.3208333
03143,LAS PALMAS,BAJA CALIFORNIA SUR,23.68055556,-109.6972222
03135,LA CANDELARIA,BAJA CALIFORNIA SUR,23.075,-110.0258333
03137,LA SOLEDAD SUR,BAJA CALIFORNIA SUR,23.14333333,-110.0011111
03146,SANTA RITA,BAJA CALIFORNIA SUR,24.59027778,-111.4638889
03131,SANTA FE,BAJA CALIFORNIA SUR,24.30416667,-111.2125
03141,SAN LUCAS NORTE,BAJA CALIFORNIA SUR,25.61388889,-111.7461111
03119,BENITO JUAREZ,BAJA CALIFORNIA SUR,27.88472222,-113.7777778
03129,SAN NICOLAS,BAJA CALIFORNIA SUR,26.54333333,-111.5491667
03150,TIGUANA,BAJA CALIFORNIA SUR,25.20833333,-111.1263889
03155,SAN RAYMUNDO,BAJA CALIFORNIA SUR,26.38055556,-112.5986111
03162,LAS BARRANCAS,BAJA CALIFORNIA SUR,26.0025,-112.1977778
03144,MANGLE,BAJA CALIFORNIA SUR,23.34583333,-109.6458333
03132,CIUDAD CONSTITUCION (OBS),BAJA CALIFORNIA SUR,25.00972222,-111.6466667
03154,LEY FEDERAL DE AGUAS 5,BAJA CALIFORNIA SUR,25.09444444,-111.5083333
03165,JUNTA DE LOS ARROYOS,BAJA CALIFORNIA SUR,23.66527778,-110.075
03181,LA NUEVA CALIFORNIA,BAJA CALIFORNIA SUR,23.43333333,-109.7833333
03148,EL MEZQUITAL,BAJA CALIFORNIA SUR,27.41111111,-112.5777778
03156,SAN MIGUEL,BAJA CALIFORNIA SUR,26.72083333,-112.3055556
03173,SAN PEDRITO (CFE),BAJA CALIFORNIA SUR,24.9,-111.25
03163,AGUA CALIENTE,BAJA CALIFORNIA SUR,23.44111111,-109.7944444
03176,LA FORTUNA,BAJA CALIFORNIA SUR,24.65138889,-111.2152778
03167,EL SARGENTO,BAJA CALIFORNIA SUR,24.08027778,-109.9944444
03168,LORETO (OBS),BAJA CALIFORNIA SUR,26.01666667,-111.3472222
03172,GUAJADEMI,BAJA CALIFORNIA SUR,26.34861111,-112.1708333
03186,AGUA DE SAN ANTONIO,BAJA CALIFORNIA SUR,23.69027778,-109.9444444
03174,GUERRERO NEGRO,BAJA CALIFORNIA SUR,27.96805556,-114.0458333
03177,VALLE PERDIDO,BAJA CALIFORNIA SUR,23.69583333,-110.1194444
03178,SANTA INES,BAJA CALIFORNIA SUR,23.54222222,-110.1491667
03188,SAN JAVIER SUR,BAJA CALIFORNIA SUR,22.99666667,-109.8452778
03179,LEY FEDERAL DE AGUAS 4,BAJA CALIFORNIA SUR,25.20138889,-111.5597222
03184,JOSEFA ORTIZ DE DOMINGUEZ,BAJA CALIFORNIA SUR,25.00055556,-111.8338889
03183,SAN VICENTE DE LA SIERRA,BAJA CALIFORNIA SUR,23.17222222,-109.9861111
03166,PABELLON,BAJA CALIFORNIA SUR,25.95916667,-112.0819444
03190,SAN LAZARO,BAJA CALIFORNIA SUR,23.59138889,-109.6791667
03175,LA MUELA,BAJA CALIFORNIA SUR,23.58194444,-110.2208333
03194,BUENAVISTA SUR,BAJA CALIFORNIA SUR,23.98055556,-110.15
03180,LEY FEDERAL DE AGUAS 1,BAJA CALIFORNIA SUR,25.33555556,-111.6391667
03196,LA HIGUERILLA,BAJA CALIFORNIA SUR,23.86944444,-110.0708333
03198,POTRERILLOS,BAJA CALIFORNIA SUR,24.68472222,-110.8444444
03191,SAN FRANCISCO DE LA SIERRA,BAJA CALIFORNIA SUR,27.59833333,-113.0319444
03182,EL CRUCERO,BAJA CALIFORNIA SUR,23.43888889,-110.0694444
03185,SANTA MARTHA,BAJA CALIFORNIA SUR,27.54861111,-112.975
03197,LA PALMILLA,BAJA CALIFORNIA SUR,23.79222222,-109.875
03189,EL SAUZAL,BAJA CALIFORNIA SUR,23.05305556,-109.915
03187,EL IHUAJIL,BAJA CALIFORNIA SUR,24.99166667,-111.4
03099,SAN JUAN LONDO,BAJA CALIFORNIA SUR,26.22472222,-111.475
03134,LOS CANTILITOS,BAJA CALIFORNIA SUR,24.59388889,-110.9916667
03108,HUATAMOTE,BAJA CALIFORNIA SUR,25.59722222,-111.3361111
03121,EL DATIL,BAJA CALIFORNIA SUR,26.885,-112.6161111
03195,QUEMADO,BAJA CALIFORNIA SUR,24.05222222,-110.2011111
03158,SAN MARTIN,BAJA CALIFORNIA SUR,26.62916667,-112.3327778
03169,SANTA ROSALIA (OBS),BAJA CALIFORNIA SUR,27.28333333,-112.25
04002,CALKINI (SMN),CAMPECHE,20.36,-90.05416667
04004,CANDELARIA (SMN),CAMPECHE,18.18444444,-91.04611111
04005,CAYO ARCAS,CAMPECHE,20.20472222,-91.96222222
04025,PALMAR DE VISTA ALEGRE,CAMPECHE,18.15083333,-92.01638889
04012,HOOL,CAMPECHE,19.5125,-90.41083333
04003,CAMPECHE (OBS),CAMPECHE,19.83333333,-90.5
04020,MIGUEL HIDALGO,CAMPECHE,17.98333333,-90.83333333
04006,CAYO ARENAS,YUCATÁN,22.115,-91.39777778
04001,BOLONCHEN,CAMPECHE,20.00361111,-89.7475
04007,EL CARMEN - LIMNOLOGIA (SMN),CAMPECHE,18.65472222,-91.76166667
04027,PLACERES,CAMPECHE,18.15555556,-89.42277778
04035,XMABEN,CAMPECHE,19.23472222,-89.31388889
04008,CHAMPOTON (SMN),CAMPECHE,19.35,-90.71666667
04009,DZIBALCHEN,CAMPECHE,19.45916667,-89.73805556
04017,ITURBIDE,CAMPECHE,19.57833333,-89.60055556
04018,LA ESPERANZA,CAMPECHE,18.16666667,-90.08333333
04036,XPUGIL,CAMPECHE,18.50833333,-89.395
04040,EL CARMEN - CALETA (DGE),CAMPECHE,18.658055555,-91.76611111
04014,ISLA ARENAS,CAMPECHE,20.69027778,-90.4525
04034,XCUPIL (SMN),CAMPECHE,19.71666667,-89.85
04046,ALTAMIRA,CAMPECHE,18.58138889,-90.25777778
04019,NANZAL,CAMPECHE,18.26388889,-91.30277778
04047,CASTAMAY,CAMPECHE,19.83777778,-90.43055556
04032,TENABO (SMN),CAMPECHE,20.03333333,-90.23333333
04013,HOPELCHEN,CAMPECHE,19.75777778,-89.84305556
04029,SABANCUY,CAMPECHE,18.97277778,-91.17583333
04024,PALIZADA,CAMPECHE,18.25305556,-92.09194444
04045,EDZNA I,CAMPECHE,19.45833333,-90.10444444
04030,SAN ISIDRO,CAMPECHE,18.63166667,-91.05027778
04039,CANDELARIA (DGE),CAMPECHE,18.18277778,-91.04583333
04016,ISLA PEREZ,CAMPECHE,22.3825,-89.68777778
04011,HECELCHAKAN (DGE),CAMPECHE,20.18333333,-90.13333333
04023,NILCHI,CAMPECHE,19.845,-90.27
04041,CHAMPOTON (DGE),CAMPECHE,19.35555556,-90.72333333
04031,SILVITUC,CAMPECHE,18.63833333,-90.29833333
04021,MONCLOVA,CAMPECHE,18.05666667,-90.82055556
04010,ESCARCEGA (SMN),CAMPECHE,18.60444444,-90.74111111
04015,ISLA AGUADA,CAMPECHE,18.78222222,-91.49444444
04038,CAMPECHE (DGE),CAMPECHE,19.84222222,-90.53166667
04054,CHICBUL,CAMPECHE,18.77805556,-90.9225
04033,TRIANGULO OESTE,YUCATÁN,20.959166666,-92.307222222
04050,E.T.A. 006 TENABO,CAMPECHE,20.05,-90.2
04059,TINUN,CAMPECHE,19.96138889,-90.22777778
04026,PIXOYAL (DGE),CAMPECHE,18.93416667,-90.59888889
04037,ZOH LAGUNA,CAMPECHE,18.59222222,-89.41722222
04062,YOHALTUN,CAMPECHE,19.01666667,-90.31666667
04060,XBONIL,CAMPECHE,18.63555556,-90.16555556
04055,CAMPO EXPERIMENTAL EL TORMENTO,CAMPECHE,18.6,-90.71666667
04043,HECELCHAKAN (SMN),CAMPECHE,20.19722222,-90.12222222
04052,CANASAYAB,CAMPECHE,19.29444444,-90.57583333
04028,PUSTUNICH,CAMPECHE,19.14472222,-90.47944444
04058,NOH YAXCHE,CAMPECHE,19.61472222,-90.21666667
04073,TENABO (DGE),CAMPECHE,20.03972222,-90.22527778
04051,E.T.A. 086 CALKINI,CAMPECHE,20.36666667,-90.05
04065,NUNKINI,CAMPECHE,20.3875,-90.14305556
04070,DZITBALCHE,CAMPECHE,20.32138889,-90.05888889
04067,CALKINI (DGE),CAMPECHE,20.37388889,-90.05222222
04066,XCUPIL (DGE),CAMPECHE,19.66444444,-89.85916667
04057,MAMANTEL,CAMPECHE,18.52472222,-91.08916667
04044,PIXOYAL (SMN),CAMPECHE,18.93277778,-90.59861111
04056,MOLINO CHUMPAN,CAMPECHE,17.93888889,-91.73611111
04068,CHINA,CAMPECHE,19.67305556,-90.47361111
04075,CANKI,CAMPECHE,19.98805556,-90.11777778
04072,SIHO CHAC,CAMPECHE,19.50555556,-90.58416667
04042,ESCARCEGA (DGE),CAMPECHE,18.6,-90.73333333
04053,SANTA CRISTINA,CAMPECHE,19.81527778,-90.38111111
04063,EDZNA II,CAMPECHE,19.52722222,-90.18777778
04064,BECAL,CAMPECHE,20.42638889,-90.03111111
04078,CHAC CHEITO,CAMPECHE,19.05083333,-90.40694444
04079,VISTA ALEGRE,CAMPECHE,18.04333333,-91.6575
04085,POMUCH,CAMPECHE,20.13694444,-90.17472222
04082,PABLO T. BURGOS,CAMPECHE,18.29666667,-90.69694444
04086,EL ZAPOTE,CAMPECHE,18.21638889,-91.80138889
04083,ENTRE HERMANOS,CAMPECHE,18.45694444,-91.14194444
04071,POCYAXUN,CAMPECHE,19.72972222,-90.35083333
04077,SAN JUAN BAUTISTA,CAMPECHE,19.87388889,-89.92694444
04080,ALVARADO,CAMPECHE,18.01722222,-89.27
04076,CHUNCHINTOK,CAMPECHE,19.35944444,-89.58111111
04084,TIXMUCUY,CAMPECHE,19.60194444,-90.28166667
04061,CONHUAS,CAMPECHE,18.53944444,-89.92222222
04081,CRISTOBAL COLON,CAMPECHE,18.22166667,-89.45361111
04087,POCBOC,CAMPECHE,20.23694444,-90.10305556
05006,COLONIA TORREON JARDIN,COAHUILA DE ZARAGOZA,25.53333333,-103.4
05012,EJIDO SAN BLAS,COAHUILA DE ZARAGOZA,27.41694444,-101.7180556
05001,AGUA NUEVA,COAHUILA DE ZARAGOZA,27.92916667,-100.575
05008,CONCHOS,COAHUILA DE ZARAGOZA,27.96111111,-101.375
05003,ARTEAGA (SMN),COAHUILA DE ZARAGOZA,25.45,-100.85
05005,CANDELA (DGE),COAHUILA DE ZARAGOZA,26.84138889,-100.7602778
05007,CONCORDIA,COAHUILA DE ZARAGOZA,25.78333333,-103.1166667
05010,EJIDO EL SOCORRO,COAHUILA DE ZARAGOZA,27.67083333,-102.3166667
05017,LA PALMA,COAHUILA DE ZARAGOZA,25.5875,-103.2983333
05004,BAJIO DE AHUICHILA,COAHUILA DE ZARAGOZA,25.11611111,-102.6322222
05013,EJIDO SAN MIGUEL,COAHUILA DE ZARAGOZA,28.63666667,-102.9483333
05015,EUTIMIAS,COAHUILA DE ZARAGOZA,28.8,-102.8166667
05009,CUATRO CIENEGAS (DGE),COAHUILA DE ZARAGOZA,26.97222222,-102.0683333
05021,NUEVA ROSITA,COAHUILA DE ZARAGOZA,27.91666667,-101.25
05023,PALESTINA (DGE),COAHUILA DE ZARAGOZA,29.15861111,-100.9883333
05020,MUZQUIZ (DGE),COAHUILA DE ZARAGOZA,27.86916667,-101.5194444
05002,ALLENDE (SMN),COAHUILA DE ZARAGOZA,28.33333333,-100.8333333
05016,GENERAL CEPEDA,COAHUILA DE ZARAGOZA,25.38305556,-101.4755556
05022,OCAMPO,COAHUILA DE ZARAGOZA,27.3125,-102.3963889
05025,PIEDRAS NEGRAS (OBS),COAHUILA DE ZARAGOZA,28.7,-100.5166667
05024,PARRAS,COAHUILA DE ZARAGOZA,25.43833333,-102.1727778
05011,EJIDO REATA,COAHUILA DE ZARAGOZA,26.12805556,-101.0763889
05026,PRESA COYOTE,COAHUILA DE ZARAGOZA,25.54222222,-103.4691667
05037,SAN VICENTE,COAHUILA DE ZARAGOZA,25.61666667,-102.2166667
05035,SAN ANTONIO LAS ALAZANAS (DGE),COAHUILA DE ZARAGOZA,25.2725,-100.5794444
05028,PRESA DE GUADALUPE,COAHUILA DE ZARAGOZA,25.75888889,-103.0536111
05018,LAS NIEVES,COAHUILA DE ZARAGOZA,25.72972222,-102.0127778
05038,SANTA TERESA,COAHUILA DE ZARAGOZA,26.39277778,-101.3533333
05041,VIESCA (DGE),COAHUILA DE ZARAGOZA,25.31861111,-102.8080556
05046,LA ESMERALDA,COAHUILA DE ZARAGOZA,27.28805556,-103.6619444
05039,SIERRA MOJADA,COAHUILA DE ZARAGOZA,27.28555556,-103.7002778
05047,MONCLOVA (DGE),COAHUILA DE ZARAGOZA,26.9,-101.4166667
05030,PRESA VENUSTIANO CARRANZA,COAHUILA DE ZARAGOZA,27.51888889,-100.6197222
05049,SAN ANTONIO LAS ALAZANAS (SMN),COAHUILA DE ZARAGOZA,25.28333333,-100.6166667
05042,ZARAGOZA (SMN),COAHUILA DE ZARAGOZA,28.49166667,-100.9286111
05029,PRESA LA FLOR,COAHUILA DE ZARAGOZA,25.06805556,-103.2838889
05061,E.T.A. 183 CUATRO CIENEGAS,COAHUILA DE ZARAGOZA,26.96666667,-102.0666667
05054,SECTOR SIETE,COAHUILA DE ZARAGOZA,25.75944444,-103.2769444
05064,RINCON DEL BUITRE,COAHUILA DE ZARAGOZA,25.83305556,-103.1177778
05033,SABINAS (DGE),COAHUILA DE ZARAGOZA,27.84666667,-101.1227778
05019,MONCLOVA (OBS),COAHUILA DE ZARAGOZA,26.90833333,-101.4225
05052,CASTAÑOS (SMN),COAHUILA DE ZARAGOZA,26.78333333,-101.4333333
05043,ALLENDE I (DGE),COAHUILA DE ZARAGOZA,28.34444444,-100.8538889
05036,SAN PEDRO,COAHUILA DE ZARAGOZA,25.75722222,-102.9955556
05051,VIESCA (SMN),COAHUILA DE ZARAGOZA,25.35,-102.8
05057,EL MACHO,COAHUILA DE ZARAGOZA,28.39166667,-101.2138889
05034,SALTILLO (OBS),COAHUILA DE ZARAGOZA,25.37638889,-101.0166667
05050,SAN BUENAVENTURA (SMN),COAHUILA DE ZARAGOZA,27.05,-101.5333333
05048,SALTILLO (DGE),COAHUILA DE ZARAGOZA,25.436667,-100.919722
05058,LA ROSITA,COAHUILA DE ZARAGOZA,28.45166667,-103.3025
05045,JUAREZ,COAHUILA DE ZARAGOZA,27.61388889,-100.725
05031,PROGRESO,COAHUILA DE ZARAGOZA,27.42222222,-101.0022222
05066,SABINAS (SMN),COAHUILA DE ZARAGOZA,27.84388889,-101.1247222
05032,RAMOS ARIZPE (SMN),COAHUILA DE ZARAGOZA,25.53333333,-100.9833333
05040,TORREON (OBS),COAHUILA DE ZARAGOZA,25.51972222,-103.4311111
05027,EL CUIJE,COAHUILA DE ZARAGOZA,25.69666667,-103.3402778
05060,E.T.A. 010 DERRAMADERO,COAHUILA DE ZARAGOZA,25.26666667,-101.25
05075,ALLENDE II (DGE),COAHUILA DE ZARAGOZA,28.34777778,-100.8536111
05053,MATAMOROS,COAHUILA DE ZARAGOZA,25.52777778,-103.2280556
05069,MUZQUIZ (SMN),COAHUILA DE ZARAGOZA,27.8675,-101.5144444
05068,PALESTINA (SMN),COAHUILA DE ZARAGOZA,29.16444444,-100.9866667
05081,CARNEROS,COAHUILA DE ZARAGOZA,25.11916667,-101.1111111
05055,CUATRO CIENEGAS (SMN),COAHUILA DE ZARAGOZA,26.97277778,-102.0677778
05074,ZARAGOZA (DGE),COAHUILA DE ZARAGOZA,28.48722222,-100.9166667
05063,E.T.A. 110 ALLENDE,COAHUILA DE ZARAGOZA,28.35416667,-100.8588889
05086,PRESA SAN MIGUEL,COAHUILA DE ZARAGOZA,29.03638889,-100.9555556
05085,PRESA CENTENARIO,COAHUILA DE ZARAGOZA,29.21472222,-100.945
05133,LA VENTANA,COAHUILA DE ZARAGOZA,25.3275,-103.4719444
05130,C.E.F.Z.A. LA SAUCEDA,COAHUILA DE ZARAGOZA,25.85,-101.3166667
05134,LOS AMERICANOS,COAHUILA DE ZARAGOZA,27.17555556,-103.2847222
05144,SANTA TERESA DE SOFIA,COAHUILA DE ZARAGOZA,26.61333333,-102.2730556
05142,HIPOLITO,COAHUILA DE ZARAGOZA,25.69833333,-101.4047222
05149,CIENEGA DE LA PURISIMA,COAHUILA DE ZARAGOZA,25.33805556,-100.5302778
05140,RAMOS ARIZPE (DGE),COAHUILA DE ZARAGOZA,25.53916667,-100.9508333
05141,GOMEZ FARIAS,COAHUILA DE ZARAGOZA,24.96388889,-101.0302778
05139,EMILIANO ZAPATA,COAHUILA DE ZARAGOZA,25.48944444,-102.9425
05135,EL GUAJE,COAHUILA DE ZARAGOZA,28.09222222,-103.2872222
05136,LAS HORMIGAS,COAHUILA DE ZARAGOZA,24.96027778,-100.8605556
05145,SAN JUAN DE LA VAQUERIA,COAHUILA DE ZARAGOZA,25.25472222,-101.22
05146,HUACHICHIL,COAHUILA DE ZARAGOZA,25.20805556,-100.8297222
05151,ALTO DE NORIAS,COAHUILA DE ZARAGOZA,25.97694444,-101.2488889
05155,LAMADRID,COAHUILA DE ZARAGOZA,27.04611111,-101.7930556
05150,ABASOLO,COAHUILA DE ZARAGOZA,27.18277778,-101.4327778
05166,LAS ESPERANZAS,COAHUILA DE ZARAGOZA,27.74583333,-101.3530556
05158,EL TANQUITO,COAHUILA DE ZARAGOZA,26.62138889,-101.3125
05154,HUIZACHAL,COAHUILA DE ZARAGOZA,26.83333333,-101.3333333
05173,SANTO DOMINGO,COAHUILA DE ZARAGOZA,25.62611111,-101.0661111
05160,ARTEAGA (DGE),COAHUILA DE ZARAGOZA,25.44527778,-100.8466667
05163,EL GATO,COAHUILA DE ZARAGOZA,27.22861111,-101.7255556
05159,ACATITA,COAHUILA DE ZARAGOZA,26.4825,-103.0352778
05157,SAN FRANCISCO DEL VALLE,COAHUILA DE ZARAGOZA,26.8275,-102.725
05164,SAN FRANCISCO NADADORES,COAHUILA DE ZARAGOZA,27.14222222,-101.6522222
05156,PALAU,COAHUILA DE ZARAGOZA,27.88666667,-101.4022222
05152,BAJAN,COAHUILA DE ZARAGOZA,26.53138889,-101.2588889
05167,EL MARQUEZ,COAHUILA DE ZARAGOZA,26.64138889,-101.3583333
05178,TEJABAN DE LA ROSITA,COAHUILA DE ZARAGOZA,25.27527778,-103.2063889
05172,SAN BUENAVENTURA (DGE),COAHUILA DE ZARAGOZA,27.05972222,-101.5483333
05168,NOCHE BUENA,COAHUILA DE ZARAGOZA,28.37722222,-103.4191667
05174,EL TUNAL,COAHUILA DE ZARAGOZA,25.45111111,-100.8772222
05171,SACRAMENTO,COAHUILA DE ZARAGOZA,27.00388889,-101.7244444
05179,ESTANQUE DE LEON,COAHUILA DE ZARAGOZA,26.93472222,-102.2072222
05175,LA VENTURA,COAHUILA DE ZARAGOZA,24.63805556,-100.8897222
05170,LA ROSA,COAHUILA DE ZARAGOZA,25.51833333,-101.3861111
05162,DOS DE ABRIL,COAHUILA DE ZARAGOZA,25.36472222,-101.5780556
05148,POTRERO DE ABREGO,COAHUILA DE ZARAGOZA,25.28444444,-100.3427778
05185,DIECIOCHO DE MARZO,COAHUILA DE ZARAGOZA,25.93916667,-103.2825
05153,CASTAÑOS (DGE),COAHUILA DE ZARAGOZA,26.77305556,-101.4158333
05147,EJIDO PRIMERO DE MAYO,COAHUILA DE ZARAGOZA,27.22916667,-101.2275
05187,REPRESA LA AMISTAD,COAHUILA DE ZARAGOZA,29.45,-101.0833333
05176,JAME,COAHUILA DE ZARAGOZA,25.36694444,-100.6205556
05188,SALITRILLOS,COAHUILA DE ZARAGOZA,26.85333333,-101.1113889
05169,RODRIGUEZ,COAHUILA DE ZARAGOZA,27.1975,-101.3669444
05180,FRANCISCO I. MADERO,COAHUILA DE ZARAGOZA,25.77388889,-103.2627778
05184,TANQUE AGUILEREÑO,COAHUILA DE ZARAGOZA,24.81472222,-102.95
05186,CABECERAS,COAHUILA DE ZARAGOZA,29.03805556,-101.0830556
05210,EL SAUCILLO,COAHUILA DE ZARAGOZA,26.81666667,-100.7333333
05190,SANTA TERESA DE LA RUEDA,COAHUILA DE ZARAGOZA,27.9797222,-102.6944444
05181,EL SOL,COAHUILA DE ZARAGOZA,25.62277778,-102.6222222
05182,LAS MORENAS,COAHUILA DE ZARAGOZA,26.93916667,-102.2230556
05189,DON MARTIN,COAHUILA DE ZARAGOZA,27.59444444,-100.7744444
06004,CAMOTLAN DE MIRAFLORES,COLIMA,19.225,-104.2322222
06011,ISLA SOCORRO (OBS),COLIMA,18.72611111,-110.9530556
06012,IXTLAHUACAN (DGE),COLIMA,19.0,-103.7347222
06002,BUENAVISTA,COLIMA,19.26194444,-103.6133333
06009,CUAUHTEMOC (DGE),COLIMA,19.33805556,-103.6072222
06005,CERRO DE ORTEGA,COLIMA,18.75888889,-103.7258333
06016,SAN GABRIEL,COLIMA,18.91388889,-103.7316667
06003,CALLEJONES,COLIMA,18.81555556,-103.6341667
06006,COLIMA (OBS),COLIMA,19.24222222,-103.7202778
06021,QUESERIA,COLIMA,19.39083333,-103.5708333
06001,ARMERIA,COLIMA,18.93833333,-103.9463889
06017,PRESA DERIVADORA GREGORIO TORRES QUINTERO,COLIMA,19.11222222,-103.8838889
06020,PUEBLO JUAREZ,COLIMA,19.16666667,-103.9308333
06015,LOS ORTICES,COLIMA,19.11777778,-103.7455556
06013,LA SALADA,COLIMA,19.05611111,-103.7863889
06025,VENUSTIANO CARRANZA,COLIMA,19.0,-104.1094444
06010,ESTAPILLA,COLIMA,18.98277778,-103.5308333
06019,EL CHANAL,COLIMA,19.295,-103.7027778
06022,RANCHO PAPALOAPAN,COLIMA,18.80722222,-103.8127778
06014,PEÑITAS,COLIMA,19.36194444,-103.7936111
06030,PEÑA COLORADA,COLIMA,19.35972222,-104.0925
06049,E.T.A. 087 COFRADIA DE JUAREZ,COLIMA,18.96666667,-103.95
06023,TECOMAN (SMN),COLIMA,18.90888889,-103.8672222
06018,MANZANILLO (OBS),COLIMA,19.04888889,-104.2983333
06048,C.R.D.F. VENUSTIANO CARRANZA,COLIMA,18.93638889,-103.8738889
06041,CUAUHTEMOC (SMN),COLIMA,19.31666667,-103.6
06036,LOS OTATES V,COLIMA,19.26638889,-104.3416667
06051,PUNTA DE AGUA (SMN),COLIMA,19.16444444,-104.2666667
06061,CALERAS,COLIMA,18.99638889,-103.8797222
06008,COQUIMATLAN,COLIMA,19.21138889,-103.8063889
06060,CUYUTLAN,COLIMA,19.01833333,-104.1183333
06054,MANUEL AVILA CAMACHO,COLIMA,19.285,-104.245
06042,IXTLAHUACAN (SMN),COLIMA,19.00472222,-103.7313889
06039,MINATITLAN,COLIMA,19.38833333,-104.0469444
06068,LAS JUNTAS,COLIMA,19.06805556,-104.1347222
06053,ISLA CLARION,COLIMA,18.34972222,-114.7336111
06052,ETA #5 COMALA,COLIMA,19.31222222,-103.7261111
06063,CHANDIABLO,COLIMA,19.20333333,-104.335
06043,TEPAMES (DGE),COLIMA,19.10027778,-103.6205556
06062,SUCHITLAN,COLIMA,19.37666667,-103.7088889
06056,LA ESPERANZA,COLIMA,19.17166667,-103.8608333
06059,LAGUNA DE ALCUZAHUE,COLIMA,18.90222222,-103.7919444
06064,EL CHARCO,COLIMA,19.2225,-104.4905556
06076,PASO DEL RIO,COLIMA,18.95972222,-103.9527778
06069,PUNTA DE AGUA (DGE),COLIMA,19.16194444,-104.2655556
06071,TRAPICHILLOS,COLIMA,19.16222222,-103.5241667
06074,RADAR CUYUTLAN,COLIMA,18.93,-104.0811111
06075,EL ALGODONAL,COLIMA,19.24166667,-103.9661111
06058,TECOMAN (DGE),COLIMA,18.90833333,-103.8744444
06066,EL TERRERO,COLIMA,19.43361111,-103.95
06070,SAN JOSE DE LUMBER,COLIMA,19.18388889,-104.1255556
06007,COMALA,COLIMA,19.32888889,-103.7305556
06067,LAGUNA DE AMELA,COLIMA,18.80333333,-103.7738889
06024,TEPAMES (SMN),COLIMA,19.09944444,-103.6202778
06065,EL MIXCOATE,COLIMA,19.31555556,-103.9347222
06073,TRAPICHE,COLIMA,19.27888889,-103.6616667
06040,COLIMA (DGE),COLIMA,19.21666667,-103.7130556
07005,ALMANDRO (CFE),CHIAPAS,17.28333333,-92.68333333
07003,ACALA,CHIAPAS,16.55277778,-92.80416667
07004,AGUA AZUL,CHIAPAS,16.78333333,-90.91666667
07010,ARCO DE PIEDRA,CHIAPAS,16.2,-92.66666667
07002,ABELARDO L. RODRIGUEZ,CHIAPAS,16.37916667,-92.2375
07008,ANGEL ALBINO CORZO,CHIAPAS,15.86666667,-92.71666667
07013,ARRIAGA (OBS),CHIAPAS,16.24111111,-93.8975
07021,CATARINITAS,CHIAPAS,15.9025,-92.48277778
07001,ABASOLO CHIAPAS (CFE),CHIAPAS,16.83333333,-92.21722222
07029,CHAJUL,CHIAPAS,16.83333333,-90.93333333
07007,AMATENANGO DEL VALLE,CHIAPAS,16.52805556,-92.43777778
07009,AQUESPALA,CHIAPAS,15.79416667,-91.92027778
07014,BELISARIO DOMINGUEZ I,CHIAPAS,15.30833333,-92.35833333
07016,BOMBANA (CFE),CHIAPAS,16.94166667,-93.01666667
07015,BOCHIL,CHIAPAS,16.98638889,-92.89138889
07017,BONAMPAK,CHIAPAS,16.73333333,-91.08333333
07012,FINCA ARGOVIA,CHIAPAS,15.12666667,-92.29916667
07028,CHACAMAX,CHIAPAS,17.47333333,-91.70777778
07006,ALTAMIRANO (SMN),CHIAPAS,16.73916667,-92.03777778
07027,COPAINALA,CHIAPAS,17.08333333,-93.21666667
07026,CUAUHTEMOC (CFE),CHIAPAS,15.66527778,-92.00138889
07011,ARGELIA,CHIAPAS,15.88333333,-92.36666667
07032,CHAPULTENANGO,CHIAPAS,17.33333333,-93.1
07036,CHILIL,CHIAPAS,16.67777778,-92.48916667
07035,CHICOASEN (CFE),CHIAPAS,16.94166667,-93.09861111
07024,COMALAPA (CFE),CHIAPAS,15.61666667,-92.15
07025,COMITAN (OBS),CHIAPAS,16.23333333,-92.13333333
07037,FINCA CUXTEPEQUES,CHIAPAS,15.72861111,-92.96888889
07049,MAYA SOL,CHIAPAS,16.73444444,-93.31722222
07022,PLAYAS DE CATAZAJA,CHIAPAS,17.72833333,-92.01555556
07034,VILLA DE CHIAPILLA,CHIAPAS,16.5775,-92.71527778
07042,EL CARMEN (CFE),CHIAPAS,16.76666667,-91.61666667
07020,VERTEDOR 1-2-3,CHIAPAS,17.22083333,-93.73388889
07018,CACAHOATAN,CHIAPAS,14.98833333,-92.16444444
07043,EL CEDRO,CHIAPAS,16.41666667,-91.08333333
07031,CHANAL,CHIAPAS,16.65972222,-92.2625
07030,SAN JUAN CHAMULA,CHIAPAS,16.79694444,-92.69666667
07044,EL COLORADO (CFE),CHIAPAS,16.15,-91.15
07038,DESPOBLADO,CHIAPAS,15.2025,-92.55805556
07041,EL CALIENTE (CFE),CHIAPAS,16.3,-91.46666667
07046,EL EUSEBA (CFE),CHIAPAS,16.21666667,-91.33333333
07051,EL ROSARIO (CFE),CHIAPAS,16.85,-91.78333333
07060,FINCA GENOVA,CHIAPAS,15.16666667,-92.31666667
07056,FINCA CHIRIPA,CHIAPAS,15.16666667,-92.3
07048,FINCA EL TRIUNFO,CHIAPAS,15.34805556,-92.54861111
07050,EL PROGRESO,CHIAPAS,16.70888889,-93.4025
07052,EL ZAPOTAL (CFE),CHIAPAS,16.16666667,-91.5
07039,EL BOQUERON,CHIAPAS,16.64416667,-93.15722222
07058,EL PERU,CHIAPAS,15.1,-92.26666667
07057,FINCA CHICHARRAS,CHIAPAS,15.13305556,-92.24222222
07045,EL DORADO,CHIAPAS,14.67277778,-92.21277778
07023,CINTALAPA,CHIAPAS,16.7,-93.71666667
07072,HACIENDA LAS MARAVILLAS,CHIAPAS,15.1,-92.28333333
07066,FINCA SAN ENRIQUE,CHIAPAS,15.13333333,-92.3
07019,CAHUACAN,CHIAPAS,14.72222222,-92.26944444
07047,EL JABALI (CFE),CHIAPAS,16.13333333,-91.36666667
07033,SAN PEDRO CHENALHO (SMN),CHIAPAS,16.9,-92.6
07055,FINCA CHAYABE,CHIAPAS,16.38138889,-91.71055556
07071,GUAQUITEPEC,CHIAPAS,17.14472222,-92.29027778
07064,FINCA MORELIA,CHIAPAS,17.38333333,-92.55
07061,FINCA HAMBURGO,CHIAPAS,15.17388889,-92.32527778
07070,GUADALUPE GRIJALVA,CHIAPAS,15.69361111,-92.16111111
07088,LA CANJA,CHIAPAS,16.71666667,-91.05
07054,FINCA A. PRUSIA,CHIAPAS,15.73194444,-92.79416667
07074,HORCONES,CHIAPAS,15.95527778,-93.60555556
07069,GRIJALVA,CHIAPAS,16.96944444,-93.10472222
07065,FINCA OCOTLAN,CHIAPAS,16.36944444,-93.47722222
07068,FRONTERA HIDALGO,CHIAPAS,14.77722222,-92.17611111
07082,IXTACOMITAN,CHIAPAS,17.43027778,-93.095
07079,ROSARIO IZAPA (IMPA),CHIAPAS,14.97388889,-92.155
07073,HACIENDA SAN CRISTOBAL,CHIAPAS,15.98333333,-93.71666667
07067,FRONTERA AMATENANGO,CHIAPAS,15.43361111,-92.11416667
07084,JESUS CHIAPAS,CHIAPAS,15.80833333,-93.35833333
07091,LA ESCALERA,CHIAPAS,16.52583333,-92.9925
07092,LA ESPERANZA (CFE),CHIAPAS,15.3,-92.41666667
07093,LA LIBERTAD,CHIAPAS,16.56111111,-93.65777778
07095,LA NUEVA (CFE),CHIAPAS,15.21666667,-92.38333333
07078,IGNACIO LOPEZ RAYON,CHIAPAS,14.61777778,-92.18472222
07101,LAS DELICIAS (CFE),CHIAPAS,15.96666667,-91.86666667
07083,IXTAPA,CHIAPAS,16.76666667,-92.9
07081,IXCAN,CHIAPAS,16.83333333,-91.06666667
07086,LA ANGOSTURA (CFE),CHIAPAS,16.41972222,-92.76777778
07089,LA CATARATA (CFE),CHIAPAS,16.21666667,-91.31666667
07040,EL BURRERO,CHIAPAS,16.78916667,-92.82833333
07062,FINCA LA SOLEDAD,CHIAPAS,16.38805556,-91.8625
07053,ESCUINTLA (DGE),CHIAPAS,15.33083333,-92.65583333
07077,HUIXTLA,CHIAPAS,15.14138889,-92.48638889
07090,LA CONCORDIA (DGE),CHIAPAS,16.08333333,-92.66666667
07108,LIVINGSTON (CFE),CHIAPAS,16.76666667,-92.05
07098,LA TIGRERA,CHIAPAS,15.88333333,-93.51666667
07085,PALENQUE (SMN),CHIAPAS,17.50916667,-91.98222222
07097,LA PROVIDENCIA,CHIAPAS,16.51944444,-93.96138889
07107,LAS TAZAS (CFE),CHIAPAS,16.75861111,-91.61472222
07100,LA UNION,CHIAPAS,16.665,-93.80083333
07103,LAS LIMAS (CFE),CHIAPAS,16.57833333,-93.35833333
07096,LA PIMIENTA (CFE),CHIAPAS,16.31666667,-91.78333333
07063,FINCA LIQUIDAMBAR,CHIAPAS,15.78333333,-92.73333333
07104,LAS MARGARITAS,CHIAPAS,16.31055556,-91.97472222
07087,LA CABAÑA,CHIAPAS,16.71416667,-92.62888889
07094,LA MESILLA,CHIAPAS,16.18416667,-92.2875
07118,MIRAMAR (CFE),CHIAPAS,16.38333333,-91.58333333
07102,LAS FLORES,CHIAPAS,16.69194444,-93.56305556
07124,OSTIONAL,CHIAPAS,16.41666667,-91.25
07106,LAS PEÑITAS,CHIAPAS,17.40083333,-93.45
07099,ZAPALUTA,CHIAPAS,16.03638889,-92.08888889
07105,LAS NUBES,CHIAPAS,17.54,-92.34666667
07133,PRESA NEZAHUALCOYOTL (CFE),CHIAPAS,17.18333333,-93.4
07109,LOS ARCOS,CHIAPAS,16.7,-92.61666667
07075,HUEHUETAN,CHIAPAS,15.00222222,-92.40027778
07111,LOS VADOS,CHIAPAS,16.03333333,-92.55
07123,OCOZOCOAUTLA,CHIAPAS,16.75083333,-93.37388889
07127,PASO DEL SOLDADO (CFE),CHIAPAS,16.11666667,-91.78333333
07130,PLATANAR DE ARRIBA,CHIAPAS,17.555,-93.29666667
07121,NUEVA ESPERANZA,CHIAPAS,16.45,-91.13333333
07076,HUIXTAN (CFE),CHIAPAS,16.71388889,-92.45833333
07115,PUENTE MARGARITAS,CHIAPAS,15.58888889,-93.06055556
07126,PALENQUE (DGE),CHIAPAS,17.56666667,-91.98333333
07128,PICHUCALCO (SMN),CHIAPAS,17.51666667,-93.11666667
07114,YAQUINTELA,CHIAPAS,16.90944444,-91.73027778
07113,MAPASTEPEC,CHIAPAS,15.45166667,-92.87611111
07120,NEZAHUALCOYOTL,CHIAPAS,17.16666667,-93.41666667
07125,OXCHUC,CHIAPAS,16.78638889,-92.34277778
07119,MOTOZINTLA (SMN),CHIAPAS,15.36416667,-92.24805556
07117,METAPA DE DOMINGUEZ,CHIAPAS,14.83111111,-92.19166667
07112,MALPASO,CHIAPAS,17.21416667,-93.58166667
07132,PORTACELI,CHIAPAS,16.44916667,-93.12527778
07134,PUENTE COLGANTE,CHIAPAS,16.74055556,-93.03111111
07143,SAN CLEMENTE,CHIAPAS,16.36666667,-93.8
07137,PUJILTIC,CHIAPAS,16.28333333,-92.46666667
07136,PUERTO MADERO,CHIAPAS,14.70138889,-92.38638889
07139,RIO BLANCO (CFE),CHIAPAS,16.21666667,-92.51666667
07154,SANTA ELENA (CFE),CHIAPAS,16.11666667,-91.48333333
07122,OCOSINGO,CHIAPAS,16.90861111,-92.08861111
07142,SAN ANTONIO,CHIAPAS,16.55,-93.43333333
07150,SAN PEDRO CHIAPAS,CHIAPAS,16.05,-93.08333333
07151,SAN QUINTIN (CFE),CHIAPAS,16.40583333,-91.34583333
07159,SILTEPEC,CHIAPAS,15.55694444,-92.3225
07141,SALTO DE AGUA (DGE),CHIAPAS,17.55833333,-92.33333333
07129,PIJIJIAPAN,CHIAPAS,15.69777778,-93.21138889
07147,SAN JOAQUIN,CHIAPAS,17.55833333,-93.10833333
07116,MEDIO MONTE,CHIAPAS,14.91527778,-92.19055556
07155,SANTA ISABEL,CHIAPAS,16.0,-92.51666667
07153,SANTA CRUZ,CHIAPAS,17.8,-93.16
07148,SAN JUAN,CHIAPAS,16.89444444,-93.23083333
07170,TZIMBAC,CHIAPAS,17.24027778,-93.23888889
07138,REFORMA I,CHIAPAS,17.86666667,-93.13333333
07158,SAYULA,CHIAPAS,17.38333333,-93.41666667
07145,SAN FRANCISCO,CHIAPAS,15.87083333,-92.95361111
07169,TUMBALA (CFE),CHIAPAS,17.26666667,-92.3
07144,SAN CRISTOBAL DE LAS CASAS (OBS),CHIAPAS,16.73333333,-92.63333333
07173,VENUSTIANO CARRANZA (CFE),CHIAPAS,16.33805556,-92.56388889
07162,SOYALO (CFE),CHIAPAS,16.89027778,-92.92361111
07177,YAJALON (CFE),CHIAPAS,17.16666667,-92.31666667
07161,SOCOLTENANGO (CFE),CHIAPAS,16.24416667,-92.35138889
07149,SAN PEDRO CHENALHO (DGE),CHIAPAS,16.89361111,-92.62555556
07166,TALISMAN I,CHIAPAS,14.96305556,-92.14722222
07160,SIMOJOVEL (DGE),CHIAPAS,17.14,-92.71416667
07174,VILLA CORSO (CFE),CHIAPAS,16.19444444,-93.2625
07178,YAMONHO,CHIAPAS,17.11666667,-93.33055556
07135,PUENTE CONCORDIA (CFE),CHIAPAS,15.84861111,-91.96805556
07146,SAN JERONIMO,CHIAPAS,15.03972222,-92.13638889
07184,VILLA DE CHIAPILLA (CFE),CHIAPAS,16.56944444,-92.72
07164,TAPACHULA (OBS),CHIAPAS,14.92083333,-92.25
07167,TAPILULA,CHIAPAS,17.24861111,-93.01333333
07181,ARCO DE PIEDRA (CFE),CHIAPAS,16.18333333,-92.63333333
07171,TZIMOL (CFE),CHIAPAS,16.2,-92.26666667
07187,FINCA LA PATRIA,CHIAPAS,15.115,-92.23194444
07194,RAYON (CFE),CHIAPAS,17.2,-93.0
07157,SANTO DOMINGO,CHIAPAS,15.0275,-92.10416667
07156,SANTA MARIA,CHIAPAS,16.93888889,-93.82083333
07197,SANTA ISABEL (CFE),CHIAPAS,16.25,-92.86666667
07185,ESCUINTLA (SMN),CHIAPAS,15.31666667,-92.66666667
07152,SANTA CECILIA (CFE),CHIAPAS,16.36666667,-91.43333333
07182,ARRIAGA (DGE),CHIAPAS,16.24166667,-93.90833333
07140,SABANA,CHIAPAS,17.4,-92.21666667
07163,SUCHIATE I,CHIAPAS,14.71444444,-92.14888889
07189,LA CONCORDIA (SMN),CHIAPAS,16.08333333,-92.63333333
07196,SALTO DE AGUA (SMN),CHIAPAS,17.55,-92.33333333
07209,AGUA VERDE,CHIAPAS,17.03333333,-91.86666667
07195,SABANILLA (CFE),CHIAPAS,17.28583333,-92.55277778
07198,SIMOJOVEL (SMN),CHIAPAS,17.13333333,-92.71666667
07192,OCOSINGO (CFE),CHIAPAS,16.9,-92.1
07210,FINCA AGUA AZUL (CFE),CHIAPAS,17.26666667,-92.13333333
07165,TUXTLA GUTIERREZ (OBS),CHIAPAS,16.75,-93.13333333
07212,ZINACANTAN,CHIAPAS,16.79166667,-92.68
07172,UNION JUAREZ,CHIAPAS,15.0625,-92.08055556
07175,VILLAFLORES (SMN),CHIAPAS,16.22888889,-93.2625
07211,LA MESILLA (CFE),CHIAPAS,16.06666667,-92.61666667
07179,ALTAMIRANO (CFE),CHIAPAS,16.68333333,-92.0
07201,TONALA (SMN),CHIAPAS,16.08333333,-93.73333333
07188,IXTAPA (CFE),CHIAPAS,16.80277778,-92.90416667
07190,LA TRINITARIA (CFE),CHIAPAS,16.11777778,-92.05166667
07199,TANQUE REGULADOR (CFE),CHIAPAS,14.83333333,-92.28333333
07218,E.T.A. 012 VENUSTIANO CARRANZA,CHIAPAS,16.35,-92.55
07191,MALPASO,CHIAPAS,14.91972222,-92.25694444
07183,BENITO JUAREZ (CFE),CHIAPAS,16.04166667,-92.8175
07215,ALTAMIRANO (DGE),CHIAPAS,16.73333333,-92.03333333
07216,BAJADA GRANDE,CHIAPAS,17.70138889,-92.26083333
07223,SAN LUIS,CHIAPAS,16.63333333,-93.06666667
07220,E.T.A. 259 SALTO DE AGUA,CHIAPAS,17.6,-92.36666667
07180,JALTENANGO (CFE),CHIAPAS,15.87083333,-92.72388889
07168,TONALA (DGE),CHIAPAS,16.08416667,-93.74388889
07204,VILLAFLORES (DGE),CHIAPAS,16.23333333,-93.26666667
07206,BOCA DEL CIELO,CHIAPAS,15.85083333,-93.67083333
07207,LARRAINZAR,CHIAPAS,16.88694444,-92.71555556
07208,NOVILLERO,CHIAPAS,15.50055556,-92.94305556
07231,TZISCAO (CFE),CHIAPAS,16.08333333,-91.66666667
07226,REFORMA II,CHIAPAS,15.9,-92.93333333
07237,GUERRERO,CHIAPAS,16.05,-92.98333333
07234,C.A.E. LAS PALMAS,CHIAPAS,15.03333333,-92.4
07205,COMITAN (DGE),CHIAPAS,16.25111111,-92.13416667
07228,TRES PICOS,CHIAPAS,15.875,-93.54583333
07229,SANTO DOMINGO (CFE),CHIAPAS,16.45361111,-93.05555556
07244,SUCHIATE II,CHIAPAS,14.69944444,-92.14916667
07246,EL BOSQUE,CHIAPAS,17.05805556,-92.72361111
07219,JIQUIPILAS,CHIAPAS,16.66666667,-93.65
07224,CHICOMUSELO,CHIAPAS,15.75166667,-92.27361111
07203,VENUSTIANO CARRANZA,CHIAPAS,16.33694444,-92.56416667
07252,LA GRANDEZA,CHIAPAS,15.52111111,-92.22638889
07236,REVOLUCION MEXICANA,CHIAPAS,16.16305556,-93.07638889
07243,COAPILLA,CHIAPAS,17.1275,-93.16055556
07249,MARAVILLA TENEJAPA,CHIAPAS,16.14194444,-91.2975
07202,TUXTLA GUTIERREZ (DGE),CHIAPAS,16.75277778,-93.11666667
07193,PICHUCALCO (DGE),CHIAPAS,17.50861111,-93.12
07245,PLUTARCO ELIAS CALLES,CHIAPAS,17.60277778,-93.39138889
07233,TILTEPEC,CHIAPAS,16.39444444,-93.86805556
07248,BEJUCAL DE OCAMPO,CHIAPAS,15.45472222,-92.15833333
07253,EL MOZOTAL,CHIAPAS,15.42638889,-92.34138889
07186,FINCA EL ESCALON,CHIAPAS,17.35,-92.83333333
07217,SOLOSUCHIAPA,CHIAPAS,17.42833333,-93.02861111
07239,VILLA DE ACALA (CFE),CHIAPAS,16.66222222,-92.95638889
07251,ECHEGARAY,CHIAPAS,15.65444444,-93.15
07176,TUXTLA GUTIERREZ (CFE),CHIAPAS,16.76166667,-93.10277778
07247,EL CORO,CHIAPAS,15.44666667,-92.275
07230,SAN MIGUEL (CFE),CHIAPAS,15.70861111,-92.20861111
07200,TAPACHULA (DGE),CHIAPAS,14.90805556,-92.26055556
07238,EL SABINAL,CHIAPAS,16.75916667,-93.08861111
07227,TALISMAN II,CHIAPAS,14.95916667,-92.16833333
07316,EL AMBAR DE ECHEVERRIA,CHIAPAS,16.0975,-92.83333333
07325,LAS OLLAS,CHIAPAS,16.78333333,-92.55
07315,PASO DEL CAYUCO (CFE),CHIAPAS,17.24583333,-92.12361111
07324,CHACTE (CFE),CHIAPAS,16.93333333,-92.33333333
07318,LA GLORIA,CHIAPAS,16.2,-93.93333333
07319,SAN FERNANDO,CHIAPAS,16.87305556,-93.22694444
07328,PROVIDENCIA,CHIAPAS,15.31833333,-92.76833333
07327,URSULO GALVAN,CHIAPAS,16.27861111,-93.41861111
07331,VILLA LAS ROSAS,CHIAPAS,16.36722222,-92.36916667
07320,SALVACION,CHIAPAS,15.14388889,-92.70138889
07346,FINCA NUEVA LINDA,CHIAPAS,15.96944444,-92.48694444
07335,QUERETARO,CHIAPAS,15.83861111,-92.75555556
07330,SOYATITAN,CHIAPAS,16.28888889,-92.42833333
07333,BUENOS AIRES,CHIAPAS,15.3325,-92.2675
07352,SAN DIEGO,CHIAPAS,15.74166667,-93.3
07351,EL PARRAL,CHIAPAS,15.83333333,-92.75
07339,EL PORVENIR,CHIAPAS,15.45722222,-92.28111111
07353,SAN JOSE,CHIAPAS,16.78555556,-93.3475
07344,EJIDO IBARRA,CHIAPAS,15.33388889,-92.95222222
07343,CUAUHTEMOC,CHIAPAS,16.76166667,-92.92277778
07334,FRANCISCO SARABIA,CHIAPAS,15.41777778,-92.99833333
07329,CASCAJAL,CHIAPAS,16.30888889,-92.48611111
07356,BACHAJON,CHIAPAS,17.03555556,-92.18861111
07348,INDEPENDENCIA,CHIAPAS,15.34833333,-92.57833333
07347,GUADALUPE VICTORIA,CHIAPAS,15.50388889,-92.87944444
07336,PLAN DE IGUALA,CHIAPAS,14.95888889,-92.50416667
07349,MONTERREY,CHIAPAS,16.05888889,-93.36888889
07326,MAZATAN,CHIAPAS,14.88638889,-92.45388889
07342,BENITO JUAREZ,CHIAPAS,16.08277778,-92.84055556
07363,LA SELVA,CHIAPAS,17.00833333,-93.475
07369,TZINBAC (CFE),CHIAPAS,17.25,-93.25
07371,BELISARIO DOMINGUEZ II,CHIAPAS,15.3,-92.35
07358,FLORES MAGON,CHIAPAS,16.39333333,-92.69611111
07355,UNION ZARAGOZA,CHIAPAS,17.08166667,-92.85111111
07359,GALEANA,CHIAPAS,16.57305556,-93.36694444
07368,TORTUGUERO (CFE),CHIAPAS,17.21722222,-93.58111111
07365,OCOTEPEC,CHIAPAS,17.2225,-93.17444444
07366,GRIJALVA (CFE),CHIAPAS,16.96527778,-93.12027778
07360,LUIS ESPINOSA,CHIAPAS,17.14833333,-93.42361111
07362,ROSENDO SALAZAR,CHIAPAS,16.47111111,-94.00388889
07332,CRISTOBAL OBREGON,CHIAPAS,16.43,-93.44388889
07376,FRANCISCO I. MADERO,CHIAPAS,16.80277778,-93.75527778
07367,SAYULA (CFE),CHIAPAS,17.41666667,-93.38333333
07370,ADOLFO RUIZ CORTINEZ,CHIAPAS,14.875,-92.5375
07380,LAS BRISAS,CHIAPAS,15.51444444,-93.11694444
07386,SAN ISIDRO,CHIAPAS,15.74277778,-93.35138889
07383,NUEVA PALESTINA,CHIAPAS,16.49361111,-93.63222222
07372,BERRIOZABAL,CHIAPAS,16.79694444,-93.26527778
07397,PRESA PORTILLO,CHIAPAS,16.0,-92.75555556
07391,YASHA,CHIAPAS,16.39027778,-92.075
07350,MOTOZINTLA (DGE),CHIAPAS,15.36666667,-92.25
07337,LACANTUN (CFE),CHIAPAS,16.58083333,-90.70222222
07361,PASO HONDO,CHIAPAS,15.68444444,-92.00694444
07392,ZOOMAT,CHIAPAS,16.72277778,-93.015
07393,FINCA LA PAZ,CHIAPAS,15.34666667,-92.47611111
07398,ENAPROC_CHIAPAS,CHIAPAS,16.7683,-93.3606
07388,SANTA LUCIA,CHIAPAS,16.57277778,-93.59333333
07374,LA ESPERANZA,CHIAPAS,16.15416667,-91.86805556
07385,PUEBLO VIEJO,CHIAPAS,16.885,-93.89277778
07396,FINCA GERMANIA,CHIAPAS,15.19444444,-92.34583333
07373,TZONTEHUITZ,CHIAPAS,16.83388889,-92.58027778
07389,SITALA,CHIAPAS,17.02222222,-92.30722222
07394,FINCA SAN CRISTOBAL,CHIAPAS,15.18444444,-92.36277778
07390,CACALUTA,CHIAPAS,15.365,-92.73111111
07395,FINCA LA VICTORIA,CHIAPAS,15.28777778,-92.42083333
08002,AVALOS,CHIHUAHUA,28.61444444,-106.0116667
08012,CAJURICHI (SMN),CHIHUAHUA,28.09777778,-108.1369444
08007,BATOPILAS (SMN),CHIHUAHUA,27.01666667,-107.75
08011,COLONIA BUFALO (SMN),CHIHUAHUA,27.28333333,-105.1666667
08008,BAVICORA,CHIHUAHUA,29.37083333,-107.7408333
08006,BANDERAS,CHIHUAHUA,30.99805556,-105.5722222
08005,BALLEZA,CHIHUAHUA,26.95527778,-106.3463889
08014,C.A.E. DELICIAS,CHIHUAHUA,28.18333333,-105.4666667
08016,MADERA CAMPO DOS,CHIHUAHUA,29.64694444,-108.1925
08013,CAMARGO (CFE),CHIHUAHUA,27.66666667,-105.25
08010,SAN BUENAVENTURA,CHIHUAHUA,29.84361111,-107.4719444
08004,BACHINIVA,CHIHUAHUA,28.77166667,-107.2555556
08017,RANCHO EL VEINTICUATRO,CHIHUAHUA,30.41666667,-106.1333333
08020,CAÑON DEL ALAMO,CHIHUAHUA,29.44305556,-106.8166667
08022,CEROCAHUI,CHIHUAHUA,27.298258,-108.055892
08019,MEOQUI (SMN),CHIHUAHUA,28.27166667,-105.4941667
08015,MADERA CAMPO UNO,CHIHUAHUA,29.15194444,-108.3713889
08023,CORRALES U.G.R.CH.,CHIHUAHUA,29.56222222,-104.3986111
08030,JUAREZ (SMN),CHIHUAHUA,31.73944444,-106.4869444
08029,JIMENEZ (SMN),CHIHUAHUA,27.14055556,-104.9136111
08026,CUAUHTEMOC,CHIHUAHUA,28.405,-106.8666667
08035,COLONIA SOTO LA MARINA,CHIHUAHUA,29.25,-107.4166667
08036,CONCHEÑO,CHIHUAHUA,28.3,-108.2166667
08028,GUERRERO (SMN),CHIHUAHUA,28.54583333,-107.4841667
08003,BABORIGAME (CFE),CHIHUAHUA,26.45,-107.1666667
08025,CAMARGO (SMN),CHIHUAHUA,27.68555556,-105.1713889
08042,CHINATU,CHIHUAHUA,26.3,-106.75
08009,BELISARIO DOMINGUEZ,CHIHUAHUA,28.17027778,-106.5063889
08032,COLONIA ANAHUAC,CHIHUAHUA,28.48,-106.7441667
08034,COLONIA GARCIA,CHIHUAHUA,29.58805556,-108.3311111
08031,OJINAGA (SMN),CHIHUAHUA,29.56444444,-104.4163889
08039,CUCHILLO PARADO,CHIHUAHUA,29.43333333,-104.9
08041,CUITECO,CHIHUAHUA,27.434308,-108.004708
08033,COLONIA BUFALO (DGE),CHIHUAHUA,27.29944444,-105.1736111
08027,DELICIAS (SMN),CHIHUAHUA,28.2,-105.4666667
08038,CREEL (CFE),CHIHUAHUA,27.75,-107.6375
08060,EL TULE (SMN),CHIHUAHUA,27.05,-106.25
08053,EL OLIVO DE ABAJO,CHIHUAHUA,29.01666667,-106.3333333
08046,EJIDO FLORES MAGON I,CHIHUAHUA,29.94388889,-106.9630556
08001,ASCENSION (SMN),CHIHUAHUA,31.09277778,-107.9963889
08043,CHINIPAS (SMN),CHIHUAHUA,27.38333333,-108.5333333
08051,EL MEZQUITE,CHIHUAHUA,29.52777778,-104.6747222
08058,EL TERRERO,CHIHUAHUA,29.16666667,-107.3833333
08054,EL ORO,CHIHUAHUA,26.85916667,-105.8475
08040,CHIHUAHUA (OBS),CHIHUAHUA,28.67055556,-106.1302778
08045,DOLORES (CFE),CHIHUAHUA,25.98166667,-107.1702778
08055,EL POLEO,CHIHUAHUA,29.4,-108.4666667
08057,EL SITIO,CHIHUAHUA,27.57055556,-106.2877778
08068,GENERAL TRIAS,CHIHUAHUA,29.18,-106.7116667
08064,FALOMIR,CHIHUAHUA,29.06666667,-106.15
08049,LUIS L. LEON,CHIHUAHUA,28.97861111,-105.3116667
08048,EL CUERVO,CHIHUAHUA,29.285,-105.9861111
08062,ESCALON (DGE),CHIHUAHUA,26.74166667,-104.3380556
08044,DELICIAS (DGE),CHIHUAHUA,28.19416667,-105.4636111
08061,EL VERGEL (SMN),CHIHUAHUA,26.47416667,-106.3883333
08069,GOMEZ FARIAS,CHIHUAHUA,29.35694444,-107.7377778
08050,EL MAGUEY,CHIHUAHUA,27.59111111,-106.1558333
08066,GALEANA,CHIHUAHUA,30.11277778,-107.6161111
08076,GUERRERO (DGE),CHIHUAHUA,28.55,-107.4833333
08072,GUADALUPE,CHIHUAHUA,29.16222222,-105.3802778
08080,JANOS (SMN),CHIHUAHUA,30.88777778,-108.19
08077,GUZMAN,CHIHUAHUA,31.21666667,-107.45
08059,EL TINTERO,CHIHUAHUA,29.26361111,-107.4572222
08083,JULIMES,CHIHUAHUA,28.42305556,-105.4305556
08073,GUADALUPE Y CALVO (SMN),CHIHUAHUA,26.1,-106.9666667
08074,GUAPOCA (CFE),CHIHUAHUA,29.13333333,-108.3
08084,ASCENSION (DGE),CHIHUAHUA,31.09638889,-108.0127778
08086,LA CABALLADA,CHIHUAHUA,29.88555556,-106.6166667
08078,PRESA PARRAL,CHIHUAHUA,26.90555556,-105.7291667
08081,JIMENEZ (DGE),CHIHUAHUA,27.13333333,-104.9166667
08088,COMPAÑIA GANADERA LA CIENEGUILLA,CHIHUAHUA,27.9,-106.2166667
08089,LA CHICHARRA,CHIHUAHUA,29.86666667,-107.0833333
08094,LAS VARAS,CHIHUAHUA,29.86666667,-106.8333333
08093,PRESA LAS LAJAS (SMN),CHIHUAHUA,29.88055556,-107.0261111
08100,MANUEL BENAVIDES,CHIHUAHUA,29.10722222,-103.9063889
08096,LOPEZ MATEOS,CHIHUAHUA,28.46666667,-107.3333333
08105,NONOAVA (SMN),CHIHUAHUA,27.47083333,-106.7344444
08098,MAIJOMA,CHIHUAHUA,28.91666667,-104.3333333
08085,LA BOQUILLA,CHIHUAHUA,27.54388889,-105.4119444
08056,PRESA EL REJON (SMN),CHIHUAHUA,28.61416667,-106.1191667
08075,GUERACHIC (CFE),CHIHUAHUA,26.67722222,-107.3205556
08067,GALLEGOS,CHIHUAHUA,29.82416667,-106.3869444
08103,MESA DEL HURACAN,CHIHUAHUA,29.63333333,-108.2333333
08091,LA TRASQUILA,CHIHUAHUA,29.73611111,-107.0738889
08092,LAS BURRAS,CHIHUAHUA,28.515,-105.4305556
08104,NAMIQUIPA,CHIHUAHUA,29.25027778,-107.4091667
08114,PRESA EL REJON (DGE),CHIHUAHUA,28.63333333,-106.25
08099,MAJALCA,CHIHUAHUA,28.80277778,-106.4847222
08101,MATACHI (CFE),CHIHUAHUA,28.75,-107.7
08110,PALOMAS,CHIHUAHUA,31.77111111,-107.6355556
08117,MADERA CAMPO CINCO,CHIHUAHUA,29.3,-108.3
08107,NUEVO CASAS GRANDES (OBS),CHIHUAHUA,30.39777778,-107.9072222
08095,LAZARO CARDENAS,CHIHUAHUA,29.25,-108.3666667
08111,PARRITA,CHIHUAHUA,29.36666667,-106.4166667
08090,LA JUNTA,CHIHUAHUA,28.75416667,-107.9791667
08120,PLANTA ROSETILLA (CFE),CHIHUAHUA,28.21666667,-105.3333333
08112,POSTA ZOOTECNICA,CHIHUAHUA,28.68305556,-106.2422222
08118,RANCHO EL CUARENTA,CHIHUAHUA,30.07722222,-106.2547222
08106,NOROGACHI (CFE),CHIHUAHUA,27.274139,-107.137933
08126,SAN JUANITO,CHIHUAHUA,27.97,-107.6002778
08087,LA CAMPANA,CHIHUAHUA,29.27166667,-106.3580556
08125,SAN JUAN DE ARRIBA,CHIHUAHUA,29.80027778,-108.3041667
08124,SAN IGNACIO,CHIHUAHUA,26.849308,-107.842579
08109,CHIHUAHUA PALACIO DE GOBIERNO,CHIHUAHUA,28.63527778,-106.0888889
08134,SANTA ROSA,CHIHUAHUA,26.42111111,-107.9244444
08133,SANTA RITA,CHIHUAHUA,27.51666667,-104.9
08119,EJIDO FLORES MAGON II,CHIHUAHUA,29.95,-106.9666667
08127,SAN LORENZO,CHIHUAHUA,28.155,-106.4769444
08113,PRESA CHIHUAHUA (SMN),CHIHUAHUA,28.56944444,-106.1663889
08128,SAN PEDRO,CHIHUAHUA,26.18333333,-106.6
08129,SANTA ANITA,CHIHUAHUA,30.85638889,-108.7466667
08115,PRESA LAS LAJAS (DGE),CHIHUAHUA,29.88138889,-107.0213889
08123,SAN FRANCISCO DE BORJA (SMN),CHIHUAHUA,27.88333333,-106.7
08102,MEOQUI (DGE),CHIHUAHUA,28.26666667,-105.4833333
08121,SAMALAYUCA,CHIHUAHUA,31.3425,-106.4763889
08130,SANTA BARBARA,CHIHUAHUA,26.8,-105.8166667
08140,TACUBAYA,CHIHUAHUA,28.32333333,-104.5577778
08139,SUECO,CHIHUAHUA,29.91666667,-106.3833333
08135,SAUCILLO,CHIHUAHUA,28.03527778,-105.295
08144,TESEACHI,CHIHUAHUA,28.82638889,-107.4683333
08145,TOHAYANA (CFE),CHIHUAHUA,26.16666667,-107.6833333
08136,SATEVO,CHIHUAHUA,27.95416667,-106.1063889
08021,CARICHI,CHIHUAHUA,27.91694444,-107.0569444
08108,OJO CALIENTE,CHIHUAHUA,27.7,-105.2166667
08097,MADERA,CHIHUAHUA,29.19,-108.1413889
08137,SIERRA ROMURACHIC,CHIHUAHUA,27.85,-107.3666667
08147,CHIHUAHUA UNIVERSIDAD,CHIHUAHUA,28.70555556,-105.9938889
08131,SANTA CLARA,CHIHUAHUA,29.28333333,-107.5166667
08141,TEJOLOCACHI (SMN),CHIHUAHUA,28.70861111,-107.6936111
08154,VICTORIA,CHIHUAHUA,27.96666667,-104.55
08142,TEMOSACHI (OBS),CHIHUAHUA,28.95,-107.8166667
08148,URIQUE (SMN),CHIHUAHUA,27.221877,-107.905133
08149,URUACHI,CHIHUAHUA,27.91666667,-108.2166667
08151,VALLE DE ALLENDE (SMN),CHIHUAHUA,26.93972222,-105.3952778
08157,VILLA DE ALDAMA,CHIHUAHUA,28.83861111,-105.9111111
08138,SIQUIRICHI (SMN),CHIHUAHUA,27.26666667,-107.2166667
08166,CHINIPAS (CFE),CHIHUAHUA,27.4,-108.5166667
08160,VIVERO MADERA,CHIHUAHUA,29.16666667,-108.1333333
08161,BATOPILAS I (DGE),CHIHUAHUA,27.0,-107.75
08164,CRUCES,CHIHUAHUA,29.43611111,-107.3952778
08122,SAN ANTONIO,CHIHUAHUA,29.08333333,-106.25
08173,IGNACIO ZARAGOZA,CHIHUAHUA,29.58805556,-107.8705556
08169,EL TULE I (DGE),CHIHUAHUA,27.05277778,-106.2652778
08152,VALLE DE ZARAGOZA (SMN),CHIHUAHUA,27.45722222,-105.8108333
08153,VALLE DE ZARAGOZA (DGE),CHIHUAHUA,27.45444444,-105.8069444
08174,INDUSTRIAS UNIDAS,CHIHUAHUA,28.15,-105.4666667
08167,CHINIPAS (DGE),CHIHUAHUA,27.396147,-108.539194
08156,VILLA CORONADO,CHIHUAHUA,26.73861111,-105.16
08162,CAMARGO (DGE),CHIHUAHUA,27.7,-105.1833333
08172,GUADALUPE Y CALVO (DGE),CHIHUAHUA,26.07755,-106.99385
08175,LAGO DE JACALES,CHIHUAHUA,28.31277778,-106.3058333
08189,SAN PEDRO,CHIHUAHUA,29.33333333,-105.0
08180,MACLOVIO HERRERA,CHIHUAHUA,29.06388889,-105.1438889
08158,VILLALBA,CHIHUAHUA,27.98333333,-105.8166667
08187,ROSETILLA,CHIHUAHUA,28.255,-105.3005556
08191,URIQUE I (DGE),CHIHUAHUA,27.23333333,-107.8666667
08171,ESCALON (SMN),CHIHUAHUA,26.75,-104.35
08183,NONOAVA (DGE),CHIHUAHUA,27.46666667,-106.7333333
08190,TOHAYANA,CHIHUAHUA,26.17,-107.6936111
08186,PRESA TORREONCILLOS,CHIHUAHUA,26.68055556,-105.5616667
08179,LOS POZOS,CHIHUAHUA,29.08416667,-105.9672222
08196,HACIENDA TRES HERMANOS,CHIHUAHUA,27.75,-106.15
08203,LOS OJOS,CHIHUAHUA,29.15777778,-106.3536111
08207,SOTO MAYNES,CHIHUAHUA,29.16666667,-107.5333333
08178,LA PRIETA,CHIHUAHUA,26.93333333,-105.65
08199,KILOMETRO 099 CANAL PRINCIPAL,CHIHUAHUA,28.13333333,-105.5166667
08188,SAN FRANCISCO DE BORJA (DGE),CHIHUAHUA,27.90194444,-106.6844444
08192,URIQUE II (SMN),CHIHUAHUA,27.16666667,-107.9166667
08165,CHIHUAHUA,CHIHUAHUA,28.63333333,-106.0833333
08185,PRESA CHIHUAHUA (DGE),CHIHUAHUA,28.58333333,-106.1666667
08214,GUACHOCHI (SMN),CHIHUAHUA,26.85,-107.1
08216,SAN JOSE,CHIHUAHUA,28.89638889,-107.2363889
08211,CASA DE JANOS,CHIHUAHUA,30.71666667,-108.4227778
08182,MORIS,CHIHUAHUA,28.14722222,-108.52
08212,CARRETERA CAMPANA,CHIHUAHUA,28.63416667,-105.9769444
08210,NUEVO CASAS GRANDES (DGE),CHIHUAHUA,30.40083333,-107.9125
08146,TRES OJITOS,CHIHUAHUA,28.91666667,-108.1833333
08208,TEMOSACHI,CHIHUAHUA,28.95,-107.8333333
08220,AGUA SALADA,CHIHUAHUA,30.25972222,-108.4238889
08071,GUACHOCHI (CFE),CHIHUAHUA,26.81944444,-107.07
08222,CERROS PRIETOS,CHIHUAHUA,29.45194444,-105.8669444
08052,EL MULATO,CHIHUAHUA,29.39416667,-104.1688889
08155,VILLA AHUMADA,CHIHUAHUA,30.61861111,-106.5122222
08176,JANOS (DGE),CHIHUAHUA,30.86666667,-108.1833333
08204,LOS LAMENTOS,CHIHUAHUA,30.56666667,-105.8833333
08213,JUAREZ (DGE),CHIHUAHUA,31.73638889,-106.4863889
08202,PRESA FRANCISCO I. MADERO,CHIHUAHUA,28.16722222,-105.6275
08194,VILLA LOPEZ,CHIHUAHUA,27.00305556,-105.0361111
08221,CAJURICHI (DGE),CHIHUAHUA,28.08333333,-108.1333333
08219,PEÑITAS,CHIHUAHUA,29.25194444,-108.0927778
08223,EL BARREAL,CHIHUAHUA,31.27388889,-107.1630556
08184,NUEVO CASAS GRANDES (SMN),CHIHUAHUA,30.41333333,-107.9125
08215,LAS CHEPAS,CHIHUAHUA,28.71527778,-107.2458333
08244,VIVERO CECHISA ANAHUAC,CHIHUAHUA,28.48055556,-106.7430556
08229,TOSESIHUA,CHIHUAHUA,29.78305556,-105.4363889
08238,EL NOPAL,CHIHUAHUA,29.11333333,-106.0408333
08224,HUERTA CHACHITA,CHIHUAHUA,28.5,-107.4166667
08226,LAS CHOYAS,CHIHUAHUA,29.64777778,-106.0391667
08240,NOROGACHI,CHIHUAHUA,27.27361111,-107.1322222
08230,YEPOMERA,CHIHUAHUA,29.01666667,-107.8166667
08242,SAN ISIDRO,CHIHUAHUA,30.03888889,-106.9438889
08248,CUAUHTEMOC B (FIMSA),CHIHUAHUA,28.41666667,-106.8666667
08241,PRESA TARAHUMARA,CHIHUAHUA,29.53333333,-104.5
08249,COLONIA ALVARO OBREGON,CHIHUAHUA,28.74861111,-106.9061111
08250,ESCUELA SEC. CAMARGO,CHIHUAHUA,27.7,-105.1666667
08257,E.T.A. 168 SALAICES,CHIHUAHUA,27.03888889,-105.1952778
08251,ESCUELA SUP. DE ZOOTECNIA,CHIHUAHUA,28.56055556,-106.0094444
08253,MATACHI,CHIHUAHUA,28.8425,-107.7538889
08247,COYAME (DGE),CHIHUAHUA,29.45,-105.25
08255,PEGUIS,CHIHUAHUA,29.61666667,-105.6166667
08262,E.T.A. 014 COLONIA SOTO MAYNEZ,CHIHUAHUA,29.03194444,-107.4702778
08258,TOMOCHI,CHIHUAHUA,28.3475,-107.8461111
08264,AGOSTADERO,CHIHUAHUA,26.95,-106.6666667
08243,TEJOLOCACHI (DGE),CHIHUAHUA,28.75972222,-107.6975
08274,SAN MARCOS,CHIHUAHUA,28.8075,-106.3411111
08271,LAGO DE ARARECO,CHIHUAHUA,27.70305556,-107.595
08260,VALLE DE ALLENDE (DGE),CHIHUAHUA,26.95,-105.3833333
08265,ATASCADEROS,CHIHUAHUA,25.75222222,-106.8127778
08259,TUBARES,CHIHUAHUA,26.94194444,-107.9777778
08266,BATOVIRA,CHIHUAHUA,27.951233,-107.9397
08246,BASUCHIL,CHIHUAHUA,28.51805556,-107.4019444
08283,JUAREZ (CILA),CHIHUAHUA,31.73666667,-106.4002778
08280,RANCHO LA FINCA,CHIHUAHUA,28.14027778,-107.0327778
08279,ESCUELA SEC. LOPEZ MATEOS,CHIHUAHUA,28.47777778,-107.3316667
08290,SAMALAYUCA D. B. (CILA),CHIHUAHUA,31.35,-106.4666667
08269,LA LAJITA,CHIHUAHUA,26.492283,-107.854133
08277,EL PILAR,CHIHUAHUA,28.10527778,-108.6105556
08273,PARRAL A. EL HORMIGUERO,CHIHUAHUA,26.9,-105.6166667
08296,JUAREZ,CHIHUAHUA,30.30944444,-108.0763889
08267,EL VERGEL (DGE),CHIHUAHUA,26.47555556,-106.3875
08299,SANTO TOMAS,CHIHUAHUA,28.66666667,-107.5333333
08300,EL SOCORRO,CHIHUAHUA,28.41666667,-105.6166667
08297,CREEL,CHIHUAHUA,27.75,-107.6333333
08278,RANCHO EL RETIRO,CHIHUAHUA,28.93472222,-106.2688889
08301,CIENEGA PRIETA,CHIHUAHUA,26.419969,-107.619539
08254,OJINAGA (DGE),CHIHUAHUA,29.55,-104.4
08302,ASOCIACION DE FRUTICULTORES,CHIHUAHUA,28.51666667,-107.4
08307,C.R.M. CUAUHTEMOC,CHIHUAHUA,28.36666667,-106.9166667
08306,PRESA LA BOQUILLA,CHIHUAHUA,27.53972222,-105.4022222
08309,RANCHO LOS CERRITOS,CHIHUAHUA,31.65972222,-107.0880556
08304,ESCUELA DE AGRICULTURA,CHIHUAHUA,28.19333333,-105.4711111
08298,DUBLAN,CHIHUAHUA,30.47444444,-107.9338889
08270,LA MESA,CHIHUAHUA,28.77333333,-105.9636111
08314,EL ORO,CHIHUAHUA,26.85,-105.8333333
08315,SANTA MONICA,CHIHUAHUA,28.39888889,-107.4466667
08310,SANTA ROSALIA DE CUEVAS,CHIHUAHUA,28.04722222,-106.4758333
08317,VILLA MATAMOROS,CHIHUAHUA,26.76361111,-105.5822222
08318,ESCUELA SEC. JUAREZ,CHIHUAHUA,31.63333333,-106.4333333
08303,C.E.M. CIUDAD DEPORTIVA,CHIHUAHUA,28.7,-105.9833333
08316,EL ALAMO,CHIHUAHUA,29.55527778,-104.8638889
08325,SAN RAFAEL,CHIHUAHUA,27.5,-107.85
08319,LA LAGUNA,CHIHUAHUA,27.82777778,-107.5541667
08324,EL ENCINO,CHIHUAHUA,28.50805556,-107.4619444
08320,LOS LLANITOS,CHIHUAHUA,26.66,-106.2194444
08305,PARRAL (OBS),CHIHUAHUA,26.91666667,-105.6666667
08336,SAN BERNABE,CHIHUAHUA,28.19944444,-106.8625
08312,GUACHOCHI (DGE),CHIHUAHUA,26.813514,-107.072025
08333,NORTEÑA MANZANEROS UNIDOS,CHIHUAHUA,28.39972222,-106.9252778
08331,LA JOYA,CHIHUAHUA,28.08333333,-106.3166667
08323,CARTONERA,CHIHUAHUA,28.7,-106.0333333
08327,EL TULE II (DGE),CHIHUAHUA,27.05416667,-106.2661111
08339,SIQUIRICHI (DGE),CHIHUAHUA,27.26833333,-107.2175
08346,EL CARRIZO,CHIHUAHUA,29.97472222,-105.2619444
08337,SAN FELIPE,CHIHUAHUA,28.69722222,-105.6952778
08322,EL VERGEL (CFE),CHIHUAHUA,26.48333333,-106.3833333
08311,COLINA,CHIHUAHUA,27.57722222,-105.3713889
08340,LA VERANERA,CHIHUAHUA,27.26361111,-107.8647222
08344,TALAYOTES (CFE),CHIHUAHUA,27.91888889,-107.8108333
08347,CONSTITUCION,CHIHUAHUA,29.91666667,-106.7833333
08343,QUIRARE (CFE),CHIHUAHUA,27.1,-107.7333333
08332,LAS LAJAS,CHIHUAHUA,30.05472222,-106.9069444
08326,PRESA ABRAHAM GONZALEZ,CHIHUAHUA,28.50138889,-107.47
08341,BATOPILAS II (DGE),CHIHUAHUA,27.02666667,-107.7394444
08350,LA SOLEDAD,CHIHUAHUA,26.89777778,-103.8527778
08352,BASASEACHIC,CHIHUAHUA,28.18277778,-108.2138889
08353,YEPACHIC,CHIHUAHUA,28.42166667,-108.4216667
08334,PACHERA,CHIHUAHUA,28.2825,-107.3997222
08321,SAN JUAN DE CHINATU (CFE),CHIHUAHUA,26.22861111,-106.7711111
08348,PEÑASCOS,CHIHUAHUA,27.91833333,-104.6613889
09005,CALLE SALTO 13,CIUDAD DE MÉXICO,19.38333333,-99.21666667
09006,TACUBA 7,CIUDAD DE MÉXICO,19.43583333,-99.13888889
09001,AEROPUERTO (OBS),CIUDAD DE MÉXICO,19.43944444,-99.07416667
09008,CIUDAD UNIVERSITARIA,CIUDAD DE MÉXICO,19.32833333,-99.18333333
09002,AJUSCO,CIUDAD DE MÉXICO,19.21666667,-99.2
09017,CUAUTEPEC BARRIO BAJO,CIUDAD DE MÉXICO,19.54222222,-99.13055556
09009,COLONIA AGRICOLA ORIENTAL,CIUDAD DE MÉXICO,19.39944444,-99.075
09011,COLONIA DEL VALLE,CIUDAD DE MÉXICO,19.39777778,-99.16666667
09012,COLONIA ESCANDON,CIUDAD DE MÉXICO,19.40138889,-99.17722222
09003,AQUILES SERDAN 46,CIUDAD DE MÉXICO,19.46944444,-99.19
09010,COLONIA AMERICA,CIUDAD DE MÉXICO,19.4125,-99.20166667
09023,GUADALUPE INN,CIUDAD DE MÉXICO,19.35138889,-99.18611111
09016,CUAJIMALPA,CIUDAD DE MÉXICO,19.35,-99.3
09007,CINCEL 42,CIUDAD DE MÉXICO,19.41666667,-99.11666667
09015,RODANO 14 (CFE),CIUDAD DE MÉXICO,19.425,-99.17361111
09028,GRAN CANAL KM. 3+000,CIUDAD DE MÉXICO,19.45,-99.1
09013,COLONIA MOCTEZUMA,CIUDAD DE MÉXICO,19.42777778,-99.10555556
09030,LA VENTA CUAJIMALPA,CIUDAD DE MÉXICO,19.33333333,-99.3
09026,MORELOS 77,CIUDAD DE MÉXICO,19.36666667,-99.08333333
09024,HACIENDA PEÑA POBRE,CIUDAD DE MÉXICO,19.3,-99.18333333
09025,HACIENDA LA PATERA,CIUDAD DE MÉXICO,19.51277778,-99.15833333
09021,EGIPTO 7,CIUDAD DE MÉXICO,19.475,-99.18611111
09019,DESIERTO DE LOS LEONES,CIUDAD DE MÉXICO,19.31388889,-99.30972222
09033,COLONIA GUERRERO,CIUDAD DE MÉXICO,19.45,-99.13333333
09014,COLONIA SANTA URSULA COAPA,CIUDAD DE MÉXICO,19.30333333,-99.14805556
09020,DESVIACION ALTA AL PEDREGAL,CIUDAD DE MÉXICO,19.29694444,-99.18222222
09032,MILPA ALTA,CIUDAD DE MÉXICO,19.19055556,-99.02194444
09031,COLONIA ROMA,CIUDAD DE MÉXICO,19.41666667,-99.16666667
09042,SAN GREGORIO ATLAPULCO,CIUDAD DE MÉXICO,19.21666667,-99.08333333
09037,PRESA ANSALDO,CIUDAD DE MÉXICO,19.33333333,-99.21666667
09040,SAN BORJA 726,CIUDAD DE MÉXICO,19.38333333,-99.16666667
09052,UNIDAD MODELO,CIUDAD DE MÉXICO,19.36666667,-99.11666667
09038,PRESA MIXCOAC,CIUDAD DE MÉXICO,19.36666667,-99.26666667
09047,COLONIA TACUBA,CIUDAD DE MÉXICO,19.45972222,-99.18944444
09044,SAN LORENZO,CIUDAD DE MÉXICO,19.175,-99.03111111
09056,IXTACALCO,CIUDAD DE MÉXICO,19.3775,-99.12833333
09029,GRAN CANAL KM. 06+250,CIUDAD DE MÉXICO,19.47666667,-99.09138889
09050,LOMAS DE CHAPULTEPEC,CIUDAD DE MÉXICO,19.43333333,-99.21666667
09046,COLONIA SANTA FE,CIUDAD DE MÉXICO,19.38333333,-99.23333333
09055,PEDRO ARVIZU 36,CIUDAD DE MÉXICO,19.33333333,-99.13333333
09039,PRESA TACUBAYA,CIUDAD DE MÉXICO,19.39722222,-99.2125
09064,CHAPULTEPEC,CIUDAD DE MÉXICO,19.41666667,-99.18333333
09045,SANTA ANA TLACOTENCO,CIUDAD DE MÉXICO,19.17888889,-99.00277778
09067,MONTE ALEGRE,CIUDAD DE MÉXICO,19.21666667,-99.28333333
09004,CALVARIO 61,CIUDAD DE MÉXICO,19.20305556,-99.14916667
09062,VENCEDORA 44,CIUDAD DE MÉXICO,19.48333333,-99.13333333
09059,CASTAÑEDA,CIUDAD DE MÉXICO,19.36666667,-99.2
09049,TARANGO,CIUDAD DE MÉXICO,19.36,-99.2125
09043,SAN JUAN DE ARAGON,CIUDAD DE MÉXICO,19.46527778,-99.07916667
09036,PLAYA CALETA 454 COLONIA MARTE,CIUDAD DE MÉXICO,19.39527778,-99.09777778
09034,MOYOGUARDA,CIUDAD DE MÉXICO,19.25,-99.1
09054,GENERAL ANAYA,CIUDAD DE MÉXICO,19.36666667,-99.16666667
09041,SAN FRANCISCO TLALNEPANTLA,CIUDAD DE MÉXICO,19.19666667,-99.12861111
09068,PUENTE LA LLAVE,CIUDAD DE MÉXICO,19.42916667,-99.05277778
09071,COLONIA EDUCACION,CIUDAD DE MÉXICO,19.33388889,-99.13222222
09048,TACUBAYA CENTRAL (OBS),CIUDAD DE MÉXICO,19.40361111,-99.19611111
09069,COLONIA JUAREZ,CIUDAD DE MÉXICO,19.42916667,-99.15
09058,VERTEDOR MILPA ALTA,CIUDAD DE MÉXICO,19.18333333,-99.01666667
09070,CAMPO EXPERIMENTAL COYOACAN,CIUDAD DE MÉXICO,19.35138889,-99.17222222
09022,EL GUARDA,CIUDAD DE MÉXICO,19.13444444,-99.17305556
09051,TLAHUAC,CIUDAD DE MÉXICO,19.26277778,-99.00361111
10002,CANATLAN (SMN),DURANGO,24.55361111,-104.7422222
10001,ATOTONILCO,DURANGO,24.64055556,-103.6983333
10009,CIUDAD LERDO (OBS),DURANGO,25.53333333,-103.5166667
10008,CINCO DE MAYO,DURANGO,25.77361111,-104.2877778
10006,CENDRADILLAS,DURANGO,26.28277778,-106.0105556
10003,CANELAS,DURANGO,25.124844,-106.547422
10019,COMPAÑIA GANADERA EL CARMEN,DURANGO,23.85,-104.9166667
10015,LOS CHARCOS,DURANGO,23.00833333,-104.3036111
10010,COLONIA IGNACIO ZARAGOZA,DURANGO,25.35,-105.1
10007,CIENEGA DE ESCOBAR,DURANGO,25.60083333,-105.7463889
10004,CAÑON FERNANDEZ,DURANGO,25.26527778,-103.7736111
10005,CEBALLOS,DURANGO,26.32388889,-104.3511111
10025,EL SALTO (SMN),DURANGO,23.78333333,-105.3666667
10012,CUENCAME,DURANGO,24.86944444,-103.6983333
10014,CHARCO VERDE (CFE),DURANGO,23.96666667,-105.45
10016,CHINACATES,DURANGO,25.01,-105.2116667
10011,COLONIA INSURGENTES,DURANGO,23.98638889,-104.6361111
10020,EL DERRAME,DURANGO,26.23111111,-104.4983333
10021,EL PALMITO,DURANGO,25.61444444,-105.0036111
10018,EL CANTIL,DURANGO,24.94444444,-106.2591667
10032,HUAZAMOTA,DURANGO,22.525,-104.4930556
10024,EL SALTITO,DURANGO,24.02861111,-104.3494444
10023,EL PUEBLITO,DURANGO,23.96444444,-104.735
10034,INSURGENTES J. HERNANDEZ,DURANGO,23.42361111,-104.1311111
10027,FRANCISCO I. MADERO,DURANGO,24.40055556,-104.3188889
10022,EL PINO,DURANGO,24.61916667,-104.8658333
10030,GUADALUPE VICTORIA  (DGE),DURANGO,24.44611111,-104.1222222
10017,DURANGO (OBS),DURANGO,24.09472222,-104.5997222
10026,EL TARAHUMAR,DURANGO,25.61694444,-106.3244444
10031,HUAHUAPAN,DURANGO,24.5214,-105.951175
10029,GUANACEVI (SMN),DURANGO,25.93305556,-105.9516667
10045,MAPIMI,DURANGO,25.83222222,-103.8466667
10043,LAS VEGAS,DURANGO,24.18027778,-105.47
10044,LLANO GRANDE (CFE),DURANGO,23.88333333,-105.2
10035,J. SALOME ACOSTA,DURANGO,25.22055556,-105.4488889
10039,LA ZARCA,DURANGO,25.73333333,-104.7166667
10042,LAS TRUCHAS,DURANGO,24.466692,-105.968147
10054,PEÑA DEL AGUILA,DURANGO,24.20527778,-104.6580556
10028,EL CUARTO,DURANGO,24.945,-104.4808333
10052,PANUCO DE CORONADO,DURANGO,24.53833333,-104.3330556
10037,LA HUERTA,DURANGO,25.365222,-106.701569
10051,OTINAPA,DURANGO,24.05361111,-105.0086111
10036,LA CIUDAD (CFE),DURANGO,23.71666667,-105.5833333
10047,PRESA FRANCIASCO VILLA -A. NARCISO MENDOZA,DURANGO,24.00166667,-103.9608333
10040,LAS BAYAS,DURANGO,23.50444444,-104.8244444
10059,RAMON CORONA,DURANGO,24.185,-103.6308333
10038,LA PEÑA,DURANGO,23.55416667,-105.4111111
10050,EL OJITO DE CAMELLONES,DURANGO,25.059028,-106.214514
10055,PEDRICEÑA,DURANGO,25.11555556,-103.7883333
10046,SAN JUAN DEL MEZQUITAL,DURANGO,23.47888889,-104.4752778
10062,SAN ANTONIO,DURANGO,26.43333333,-105.35
10073,SANTA BARBARA (SMN),DURANGO,23.78333333,-104.9
10033,IGNACIO ALLENDE,DURANGO,24.47194444,-103.9972222
10067,SAN JUAN DE GUADALUPE (SMN),DURANGO,24.61666667,-102.75
10048,NAVIOS VIEJOS,DURANGO,23.83444444,-105.0416667
10069,SAN LUIS DEL CORDERO (SMN),DURANGO,25.41666667,-104.2833333
10053,PEÑOLES,DURANGO,25.65222222,-104.5291667
10077,SANTIAGO PAPASQUIARO (DGE),DURANGO,25.05,-105.45
10049,NAZAS A. AGUSTIN MELGAR,DURANGO,25.23,-104.1066667
10065,SAN FRANCISCO DEL MEZQUITAL,DURANGO,23.47,-104.3986111
10066,NOMBRE DE DIOS,DURANGO,23.80722222,-104.2663889
10058,PUEBLO NUEVO,DURANGO,23.38333333,-105.3666667
10070,SAN MARCOS,DURANGO,24.29444444,-103.5427778
10079,SIANORI,DURANGO,25.23333333,-106.7333333
10075,SANTA MARIA DEL ORO,DURANGO,25.95333333,-105.3666667
10061,ROSARIO,DURANGO,26.50611111,-105.6441667
10072,SAN PEDRO DEL GALLO (SMN),DURANGO,25.56722222,-104.2916667
10086,TOPIA,DURANGO,25.21666667,-106.5666667
10083,TEJAMEN,DURANGO,24.80833333,-105.1338889
10097,LA ZARCA (CFE),DURANGO,26.05,-104.9833333
10060,RODEO (SMN),DURANGO,25.18333333,-104.5333333
10056,PEÑON BLANCO (SMN),DURANGO,24.79111111,-104.0341667
10074,SANTA CLARA,DURANGO,24.46916667,-103.3530556
10063,SAN BARTOLO,DURANGO,24.52694444,-104.6555556
10091,COLUTA,DURANGO,25.1,-106.7255556
10080,SIMON BOLIVAR,DURANGO,24.68777778,-103.2263889
10084,TEPEHUANES (SMN),DURANGO,25.33333333,-105.7166667
10068,SAN JUAN DEL RIO,DURANGO,24.79972222,-104.3952778
10082,TAMAZULA DE VICTORIA,DURANGO,24.964883,-106.96542
10094,GUANACEVI (DGE),DURANGO,25.93333333,-105.9666667
10076,SANTIAGO BAYACORA,DURANGO,23.89888889,-104.6044444
10096,LA CHAPARRA (PFM),DURANGO,25.03333333,-105.65
10089,VILLA HIDALGO (SMN),DURANGO,26.23888889,-104.9083333
10078,SARDINAS,DURANGO,26.08416667,-105.5658333
10087,VASCOGIL,DURANGO,25.128036,-106.363906
10064,SAN DIMAS,DURANGO,24.146636,-105.954616
10071,SAN MIGUEL DE LOBOS,DURANGO,25.18333333,-105.9833333
10057,PRESA SANTA ELENA,DURANGO,23.62527778,-104.0555556
10098,RODEO (DGE),DURANGO,25.18333333,-104.5625
10085,TLAHUALILO,DURANGO,26.10638889,-103.4427778
10092,DURANGO (DGE),DURANGO,24.02444444,-104.6730556
10107,FRACCIONAMIENTO SAN IGNACIO,DURANGO,26.08333333,-104.9666667
10102,GUATIMAPE (SMN),DURANGO,24.80388889,-104.9225
10081,SUCHIL,DURANGO,23.62388889,-103.9177778
10118,E.T.A. 015 ABASOLO,DURANGO,25.25,-104.6666667
10123,SAN PABLO,DURANGO,23.86666667,-105.6166667
10101,TEPEHUANES (DGE),DURANGO,25.34333333,-105.7230556
10095,GUADALUPE VICTORIA (SMN),DURANGO,24.4375,-104.1211111
10090,CANATLAN (DGE),DURANGO,24.51805556,-104.7833333
10109,HACIENDA GANADERA EL OJO,DURANGO,24.0175,-104.1127778
10099,SAN JUAN DE GUADALUPE (DGE),DURANGO,24.63138889,-102.7827778
10126,ARNULFO R. GOMEZ,DURANGO,24.72472222,-104.875
10127,CABORACA,DURANGO,24.54027778,-104.8102778
10119,E.T.A. 019 TEPEHUANES,DURANGO,25.36666667,-105.75
10134,CONEJOS,DURANGO,26.23333333,-103.8666667
10125,LA ROSILLA,DURANGO,26.12861111,-106.3333333
10103,SANTA BARBARA (DGE),DURANGO,23.82166667,-104.9261111
10088,VICENTE GUERRERO,DURANGO,23.73777778,-103.9797222
10121,LOS ALTARES,DURANGO,24.98888889,-105.8916667
10110,HACIENDA LA PILA,DURANGO,24.11777778,-104.2883333
10122,SAN DIEGO,DURANGO,24.89444444,-106.1208333
10145,PLANTA FRANKIE (CFE),DURANGO,25.61666667,-103.5
10133,SAN PEDRO DEL GALLO (DGE),DURANGO,25.56638889,-104.2927778
10108,CIUDAD LERDO (DGE),DURANGO,25.54611111,-103.5219444
10120,E.T.F. 142 PUEBLO NUEVO,DURANGO,23.36666667,-105.35
10132,SAN LUIS DEL CORDERO (DGE),DURANGO,25.42,-104.28
10136,DOCE DE DICIEMBRE,DURANGO,24.70555556,-103.5725
10137,GUATIMAPE (DGE),DURANGO,24.80694444,-104.9219444
10144,EL MIRADOR,DURANGO,26.12666667,-105.0183333
10152,CERRO PRIETO,DURANGO,24.21138889,-105.3391667
10154,PIELAGOS,DURANGO,24.87583333,-105.9666667
10140,LA CADENA,DURANGO,25.87861111,-104.1625
10143,INDE,DURANGO,25.57555556,-105.2197222
10124,LA FLOR,DURANGO,23.525,-104.7227778
10153,CHACALA,DURANGO,24.81111111,-106.7372222
10135,CUAUHTEMOC,DURANGO,24.25138889,-103.7955556
10158,EL TRONCON,DURANGO,23.49194444,-104.3875
10167,REVOLUCION,DURANGO,26.12694444,-105.0166667
10142,EL CASCO,DURANGO,25.54833333,-104.5838889
10150,LUIS MOYA,DURANGO,24.55277778,-103.9641667
10164,LA FLOR DEL DESIERTO,DURANGO,26.52916667,-104.1344444
10131,PEÑON BLANCO (DGE),DURANGO,24.79305556,-104.0377778
10141,CANUTILLO,DURANGO,26.52555556,-105.3733333
10171,CAMPO EXPERIMENTAL ANTONIO NARRO,DURANGO,24.81083333,-103.8005556
10163,VILLA JUAREZ (CFE),DURANGO,25.56666667,-103.5333333
10149,GENERAL ESCOBEDO,DURANGO,25.5,-105.25
10166,HIGUERAS,DURANGO,25.08944444,-104.5763889
10148,EL REAL,DURANGO,24.698502,-106.550169
10159,PIEDRA HERRADA,DURANGO,23.38777778,-104.2472222
10161,YERMO,DURANGO,26.3925,-104.005
10138,SAN BERNARDO,DURANGO,26.00444444,-105.5266667
10169,C.B.T.A. 101 GOMEZ PALACIO,DURANGO,25.81388889,-103.5741667
10128,VILLA HIDALGO (DGE),DURANGO,26.24777778,-104.9194444
10139,AGUA PUERCA,DURANGO,26.38555556,-105.3772222
10168,CARTAGENA,DURANGO,26.14,-103.7591667
10129,CONETO DE COMONFORT,DURANGO,24.97694444,-104.7688889
10147,EL ZAPE,DURANGO,25.76666667,-105.7858333
10157,EL ALEMÁN,DURANGO,23.33638889,-104.1675
10174,PRESA EL TIGRE,DURANGO,24.57666667,-102.7802778
10176,RIO MIRAVALLES,DURANGO,24.36472222,-105.5175
10093,EL SALTO (DGE),DURANGO,23.69027778,-105.3527778
10175,J. ISABEL ROBLES,DURANGO,24.64111111,-103.2961111
10178,GRANJA NIRVANA,DURANGO,24.40111111,-103.7369444
10172,SAN JOSE DE REYES,DURANGO,24.44333333,-103.1325
10179,CINCO SEÑORES,DURANGO,25.26111111,-104.0652778
10151,LA MICHILA,DURANGO,23.38333333,-104.25
10170,C.B.T.A. 047 LERDO,DURANGO,25.50555556,-103.6538889
10160,AGUA BLANCA,DURANGO,24.428135,-105.784371
10187,EL NARANJO,DURANGO,24.625,-103.3055556
10155,RADAR PALMITO,DURANGO,25.76666667,-104.9333333
10156,TEPEHUANES (OBS),DURANGO,25.33777778,-105.7230556
10180,VILLA OCAMPO,DURANGO,26.44055556,-105.5027778
10100,SANTIAGO PAPASQUIARO (SMN),DURANGO,25.05,-105.4152778
10177,SAN FELIPE,DURANGO,23.99833333,-104.5858333
10165,LABORATORIO DEL DESIERTO,DURANGO,26.68555556,-103.7469444
10173,SAN GABRIEL,DURANGO,26.43916667,-105.5591667
10146,YERBANIS,DURANGO,24.73666667,-103.5855556
10189,TAYOLTITA,DURANGO,24.109384,-105.921717
10188,CEVAG,DURANGO,26.68694444,-103.7472222
11006,APASEO EL ALTO,GUANAJUATO,20.455,-100.6208333
11005,APASEO,GUANAJUATO,20.54444444,-100.6855556
11004,ALDAMA,GUANAJUATO,20.81694444,-101.3188889
11008,CAÑADA DE GONZALEZ,GUANAJUATO,21.16472222,-101.1191667
11001,ABASOLO,GUANAJUATO,20.44666667,-101.5363889
11002,ACAMBARO,GUANAJUATO,20.0325,-100.7122222
11012,CORONEO,GUANAJUATO,20.19833333,-100.3633333
11016,DOLORES HIDALGO (DGE),GUANAJUATO,21.16666667,-100.9333333
11010,CERANO,GUANAJUATO,20.10111111,-101.3958333
11018,EL CHILARILLO,GUANAJUATO,20.12083333,-100.4580556
11003,AGUA TIBIA,GUANAJUATO,20.51027778,-101.6294444
11026,HACIENDA SAN JUAN,GUANAJUATO,21.46861111,-100.9213889
11020,EL PALOTE,GUANAJUATO,21.17277778,-101.6963889
11025,HACIENDA DE ARRIBA,GUANAJUATO,21.23111111,-101.7052778
11014,CUERAMARO,GUANAJUATO,20.62555556,-101.6758333
11009,CELAYA (SMN),GUANAJUATO,20.53638889,-100.8166667
11013,CORTAZAR,GUANAJUATO,20.48777778,-100.9627778
11015,CHARCAS,GUANAJUATO,21.13916667,-100.3305556
11019,EL HUIZACHE,GUANAJUATO,20.42027778,-100.9594444
11017,DOLORES HIDALGO (SMN),GUANAJUATO,21.15222222,-100.9513889
11011,CINCO SEÑORES,GUANAJUATO,20.95777778,-100.8933333
11022,EL TERRERO,GUANAJUATO,20.36972222,-100.5547222
11037,LAS MESAS,GUANAJUATO,20.43083333,-101.4980556
11021,EL SABINO,GUANAJUATO,20.28138889,-101.0063889
11035,LA SANDIA,GUANAJUATO,20.92055556,-101.6975
11007,CALDERONES,GUANAJUATO,20.99166667,-101.2272222
11039,LEON (OBS),GUANAJUATO,21.14805556,-101.7191667
11024,GUANAJUATO (OBS),GUANAJUATO,21.01472222,-101.2661111
11034,LA GOLONDRINA,GUANAJUATO,20.43833333,-101.7422222
11038,MOGOTES,GUANAJUATO,20.42,-101.285
11029,JALPA,GUANAJUATO,20.87888889,-101.9866667
11043,LOURDES,GUANAJUATO,21.29,-100.7019444
11040,LOS CASTILLOS,GUANAJUATO,21.19527778,-101.6675
11031,JERECUARO,GUANAJUATO,20.14305556,-100.5188889
11048,NEUTLA,GUANAJUATO,20.70777778,-100.8355556
11057,RIO LAJAS,GUANAJUATO,21.2,-100.9166667
11046,MINAS DE MAGUEY,GUANAJUATO,21.55,-100.1333333
11028,IRAPUATO,GUANAJUATO,20.66833333,-101.3372222
11033,LA BEGOÑA,GUANAJUATO,20.84833333,-100.8258333
11054,PUEBLO NUEVO,GUANAJUATO,20.5275,-101.3713889
11027,IRAMUCO,GUANAJUATO,19.98333333,-100.9166667
11041,LOS RAZOS,GUANAJUATO,20.67583333,-101.1488889
11044,MANDUJANO,GUANAJUATO,20.74027778,-101.0494444
11023,GUANAJAL,GUANAJUATO,21.02527778,-101.8366667
11032,SANTA CRUZ JUVENTINO ROSAS (DGE),GUANAJUATO,20.64972222,-101.0
11030,JARAL DE BERRIOS,GUANAJUATO,21.695,-101.0244444
11036,LAS ADJUNTAS,GUANAJUATO,20.67527778,-101.8441667
11049,NUEVO VALLE MORENO,GUANAJUATO,21.21111111,-101.4258333
11059,LA MAGDALENA,GUANAJUATO,20.30861111,-101.1727778
11047,MOROLEON,GUANAJUATO,20.12555556,-101.1913889
11053,POZOS,GUANAJUATO,21.22,-100.4961111
11052,PERICOS,GUANAJUATO,20.52222222,-101.1183333
11069,SAN PEDRO DE LOS ALMOLOYA,GUANAJUATO,21.6,-101.2333333
11050,OCAMPO,GUANAJUATO,21.65,-101.4797222
11055,PURISIMA DE BUSTOS,GUANAJUATO,21.07861111,-101.8711111
11061,SAN ANTONIO,GUANAJUATO,21.16,-100.9247222
11062,SAN ANTONIO DE LOS MARTINEZ,GUANAJUATO,21.62861111,-100.4305556
11056,PLANTA RAMOS MILLAN,GUANAJUATO,20.51166667,-100.9513889
11063,SAN CRISTOBAL,GUANAJUATO,21.15583333,-100.9177778
11064,SAN DIEGO DE LA UNION,GUANAJUATO,21.46555556,-100.8719444
11065,SAN FELIPE (DGE),GUANAJUATO,21.48277778,-101.2166667
11074,SILAO (DGE),GUANAJUATO,20.94777778,-101.4427778
11042,LOS RODRIGUEZ,GUANAJUATO,21.04083333,-100.6405556
11058,ROMITA,GUANAJUATO,20.87,-101.5147222
11067,SAN JUAN DE LOS LLANOS,GUANAJUATO,21.48638889,-101.1955556
11075,SOLEDAD NUEVA,GUANAJUATO,21.28333333,-100.9169444
11072,SANTA RITA,GUANAJUATO,20.29833333,-101.0669444
11080,VILLA DOCTOR MORA,GUANAJUATO,21.15,-100.3166667
11083,XICHU,GUANAJUATO,21.29861111,-100.0925
11070,SANTA JULIA,GUANAJUATO,21.07222222,-101.1961111
11076,PRESA SOLIS,GUANAJUATO,20.05388889,-100.6727778
11094,GUANAJUATO (DGE),GUANAJUATO,21.01222222,-101.265
11045,MEDIA LUNA,GUANAJUATO,21.2325,-101.6391667
11078,TARIMORO,GUANAJUATO,20.28722222,-100.7602778
11068,SAN LUIS DE LA PAZ,GUANAJUATO,21.29916667,-100.5166667
11092,SAN MIGUEL OCTOPAN,GUANAJUATO,20.57777778,-100.7455556
11073,SANTA ROSA EL MINERAL,GUANAJUATO,21.02194444,-101.2533333
11066,SAN JOSE ITURBIDE (SMN),GUANAJUATO,21.01194444,-100.3652778
11051,PEÑUELITAS,GUANAJUATO,21.10777778,-100.8780556
11071,SANTA MARIA (DGE),GUANAJUATO,20.94333333,-101.4302778
11087,SAN JOSE DE PANTOJA,GUANAJUATO,20.40166667,-101.4027778
11085,DOS ARROYOS,GUANAJUATO,20.85055556,-100.8472222
11081,VILLA VICTORIA (SMN),GUANAJUATO,21.2,-100.2166667
11090,PURUAGUA (SMN),GUANAJUATO,20.07583333,-100.4566667
11101,C.A.E. LEON,GUANAJUATO,21.11833333,-101.7475
11084,CELAYA (DGE),GUANAJUATO,20.53472222,-100.8136111
11088,SAN JOSE ITURBIDE (DGE),GUANAJUATO,21.01666667,-100.3666667
11089,SILAO (SMN),GUANAJUATO,20.95,-101.4333333
11082,VILLA VICTORIA (DGE),GUANAJUATO,21.21305556,-100.22
11112,CIUDAD MANUEL DOBLADO,GUANAJUATO,20.74277778,-101.9525
11103,VALENCIANA,GUANAJUATO,21.03416667,-101.2558333
11079,VALLE DE SANTIAGO,GUANAJUATO,20.38277778,-101.1788889
11118,SAN MIGUEL DE ALLENDE (DGE),GUANAJUATO,20.91388889,-100.7444444
11060,SALVATIERRA,GUANAJUATO,20.21444444,-100.8858333
11107,LA QUEMADA,GUANAJUATO,21.3225,-101.1066667
11099,MARIANO ABASOLO,GUANAJUATO,20.49944444,-101.9488889
11097,SANTA MARIA (SMN),GUANAJUATO,20.22166667,-101.1372222
11109,SAN FELIPE (SMN),GUANAJUATO,21.48083333,-101.1522222
11126,EL SAVILAR,GUANAJUATO,20.41777778,-100.7730556
11098,SANTA CRUZ JUVENTINO ROSAS (SMN),GUANAJUATO,20.65083333,-100.9833333
11093,SAN MIGUEL DE ALLENDE (SMN),GUANAJUATO,20.91194444,-100.7436111
11123,BUENAVISTA,GUANAJUATO,21.38611111,-101.0597222
11077,TARANDACUAO,GUANAJUATO,19.9975,-100.5122222
11125,EL NOPAL,GUANAJUATO,21.03194444,-101.2575
11119,TIERRA BLANCA,GUANAJUATO,21.09638889,-100.1627778
11129,LA CHIRIMOYA,GUANAJUATO,21.6,-101.0833333
11116,HACIENDA SAN LUCAS,GUANAJUATO,20.17611111,-100.555
11139,CAMINO BLANCO,GUANAJUATO,20.17583333,-100.6422222
11130,LA LUZ,GUANAJUATO,21.06361111,-101.3386111
11114,EL REFUGIO,GUANAJUATO,20.12472222,-100.8536111
11122,PRESA JALPA,GUANAJUATO,20.7625,-100.6147222
11110,TRES ENCINOS,GUANAJUATO,21.45861111,-101.2555556
11124,EL CHAPIN,GUANAJUATO,20.87194444,-101.2444444
11131,LAS TROJES,GUANAJUATO,21.555,-101.4091667
11096,SALAMANCA,GUANAJUATO,20.56527778,-101.1997222
11136,LA JOYITA,GUANAJUATO,20.51888889,-101.1736111
11111,ATARJEA,GUANAJUATO,21.26722222,-99.71777778
11138,PRESA LA GAVIA,GUANAJUATO,20.8425,-101.5938889
11134,EL CONEJO,GUANAJUATO,20.71583333,-101.3697222
11105,AMECHE,GUANAJUATO,20.55361111,-100.5827778
11133,SANTA MARIA SANABRIA,GUANAJUATO,20.41861111,-101.2994444
11095,LEON (DGE),GUANAJUATO,21.13611111,-101.6988889
11137,PRESA LA PURISIMA,GUANAJUATO,20.87,-101.2947222
11121,EL PINILLO,GUANAJUATO,20.92222222,-101.0611111
11146,LAS JICAMAS,GUANAJUATO,20.27583333,-101.3588889
11117,LOS LOBOS,GUANAJUATO,20.475,-101.2016667
11132,PURUAGUA (DGE),GUANAJUATO,20.07472222,-100.4575
11140,EL CARBON,GUANAJUATO,21.26944444,-101.1355556
11147,MIRAFLORES,GUANAJUATO,20.42833333,-101.1663889
11145,LA GAVIA,GUANAJUATO,20.39805556,-100.8855556
11144,EL CHARAPE,GUANAJUATO,20.91916667,-100.4313889
11149,PARACUARO,GUANAJUATO,20.11055556,-100.7236111
11163,LA JAULA,GUANAJUATO,21.45694444,-100.8655556
11151,TACUBAYA,GUANAJUATO,20.30555556,-101.7827778
11142,EL CUBO,GUANAJUATO,20.28027778,-100.8997222
11148,EL OBRAJE,GUANAJUATO,20.66777778,-100.6080556
11091,PENJAMO,GUANAJUATO,20.43333333,-101.7166667
11113,COMONFORT,GUANAJUATO,20.71972222,-100.7633333
11100,ROQUE,GUANAJUATO,20.58138889,-100.8280556
11170,C.E.M.S.I. IRAPUATO,GUANAJUATO,20.69472222,-101.3763889
11154,SAN FRANCISCO DE DURAN,GUANAJUATO,21.00527778,-101.6211111
11169,TRES GUERRAS,GUANAJUATO,20.51138889,-100.7891667
11156,EL DORMIDO,GUANAJUATO,20.12722222,-101.0283333
11141,CIENEGA DE NEGROS,GUANAJUATO,21.17333333,-101.2416667
11165,CHICHIMEQUILLAS,GUANAJUATO,21.04194444,-101.4361111
11150,SAN JOSE EL ALTO,GUANAJUATO,21.07972222,-101.6066667
11158,PIÑICUARO,GUANAJUATO,20.04888889,-101.2408333
11164,EL COPAL,GUANAJUATO,20.74083333,-101.3352778
11153,LA LABORCITA,GUANAJUATO,21.105,-101.5522222
11172,PRESA PASO DE VAQUEROS,GUANAJUATO,21.35111111,-100.3755556
11143,EL GALLO,GUANAJUATO,20.50972222,-101.8175
11161,EL VERGEL,GUANAJUATO,21.45,-100.6636111
11167,SAN JUAN PAN DE ARRIBA,GUANAJUATO,21.475,-100.9191667
11171,JARAL DEL PROGRESO,GUANAJUATO,20.37972222,-101.0561111
11166,EL GIGANTE,MICHOACÁN DE OCAMPO,19.9725,-100.4511111
11157,PEÑUELAS,GUANAJUATO,20.88083333,-101.8555556
11168,SAN JUAN TEMASCATIO,GUANAJUATO,20.73527778,-101.2261111
11155,CORRAL DE PIEDRAS,GUANAJUATO,20.97472222,-100.5933333
11160,SAN ISIDRO,GUANAJUATO,21.64305556,-101.4788889
11159,PRESA EL BARRIAL,GUANAJUATO,21.04861111,-101.8383333
11135,ARPEROS,GUANAJUATO,21.10027778,-101.3983333
11162,COMANJILLA,GUANAJUATO,21.06833333,-101.4747222
12001,ACAPETLAHUAYA,GUERRERO,18.33527778,-100.0725
12003,AGUA SALADA (CFE),GUERRERO,17.17861111,-99.63111111
12005,ALCOZAUCA (SMN),GUERRERO,17.45,-98.38333333
12009,ARROYO FRIO,GUERRERO,17.41444444,-100.6069444
12006,APANGO (CFE),GUERRERO,17.73916667,-99.32944444
12014,BUENAVISTA DE CUELLAR,GUERRERO,18.45944444,-99.40083333
12011,ATOYAC (SMN),GUERRERO,17.21666667,-100.45
12007,ARATICHANGUIO,GUERRERO,18.47583333,-101.3591667
12017,CASAS VIEJAS,GUERRERO,17.58472222,-101.0061111
12002,ACAPULCO DE JUAREZ (OBS),GUERRERO,16.76305556,-99.74888889
12024,COYUCA DE BENITEZ,GUERRERO,17.03333333,-100.0522222
12010,ATLAMAJANCINGO DEL MONTE (CFE),GUERRERO,17.30833333,-98.60555556
12021,COAHUAYUTLA,GUERRERO,18.31333333,-101.735
12018,CIRIAN GRANDE,GUERRERO,18.58527778,-99.93222222
12016,CARRERA LARGA,GUERRERO,17.04166667,-100.1166667
12015,CACALOTENANGO,GUERRERO,18.54611111,-99.64527778
12035,EL COATEPIN (CFE),GUERRERO,17.38333333,-99.96666667
12022,COPALA,GUERRERO,16.61472222,-98.97083333
12029,CHACALAPA,GUERRERO,16.70055556,-99.51027778
12019,CIUDAD ALTAMIRANO,GUERRERO,18.35861111,-100.6644444
12038,EL PORVENIR (CFE),GUERRERO,17.53222222,-100.9352778
12043,GUAYAMEO (CFE),GUERRERO,18.30222222,-101.2627778
12026,CUAJILOTLA (CFE),GUERRERO,17.28277778,-99.36138889
12039,EL TERRERO (CFE),GUERRERO,17.12777778,-99.34861111
12031,CHICHIHUALCO,GUERRERO,17.67222222,-99.70111111
12025,COYUQUILLA,GUERRERO,17.38083333,-101.0583333
12041,CACALUTLA,GUERRERO,17.125,-100.3519444
12034,EL CAMALOTE,GUERRERO,17.7225,-101.2111111
12033,CHILPANCINGO (OBS),GUERRERO,17.55,-99.5
12037,EL MANCHON,GUERRERO,18.1,-101.0516667
12027,CUNDANCITO,GUERRERO,18.01666667,-101.1372222
12032,CHILAPA (SMN),GUERRERO,17.59722222,-99.17527778
12013,AZOYU,GUERRERO,16.73305556,-98.59805556
12023,COPALILLO,GUERRERO,18.03333333,-99.04111111
12004,AHUEHUEPAN,GUERRERO,18.33805556,-99.64666667
12056,LLANO GRANDE (CFE),GUERRERO,17.15,-98.91666667
12055,LOS TISCUICHES,GUERRERO,18.11222222,-100.6711111
12044,HUAMUXTITLAN (SMN),GUERRERO,17.8,-98.56666667
12050,LA PAROTA (CFE),GUERRERO,16.93305556,-99.62333333
12048,IXCATEOPAN DE TLAPA,GUERRERO,17.6225,-98.51333333
12042,GLORIA ESCONDIDA,GUERRERO,17.44055556,-100.8791667
12058,MEXCALA (CFE),GUERRERO,17.93888889,-99.59166667
12053,LAS MESAS (CFE),GUERRERO,17.01027778,-99.45833333
12036,EL GALLO,GUERRERO,18.72638889,-100.6691667
12045,HUEYCATENANGO (CFE),GUERRERO,17.4475,-99.02527778
12047,IGUALA (SMN),GUERRERO,18.34055556,-99.5375
12020,COACOYULILLO (CFE),GUERRERO,17.33333333,-99.63333333
12008,ARCELIA,GUERRERO,18.31694444,-100.28
12012,AYUTLA (CFE),GUERRERO,16.96722222,-99.09861111
12046,HUITZUCO (SMN),GUERRERO,18.30638889,-99.33444444
12062,PALO BLANCO (CFE),GUERRERO,17.40472222,-99.46861111
12054,LAS PILAS DEL RIO FRIO,GUERRERO,17.8225,-101.0769444
12070,SAN LUIS SAN PEDRO,GUERRERO,17.26666667,-100.6333333
12057,MALINALTEPEC (CFE),GUERRERO,17.24416667,-98.66972222
12051,LA VENTA (CFE),GUERRERO,17.80166667,-99.90638889
12059,NANZINTLA (CFE),GUERRERO,17.335,-99.09861111
12030,CHAUCINGO,GUERRERO,18.29805556,-99.11972222
12052,LA UNION,GUERRERO,17.98333333,-101.8838889
12071,SAN MARCOS,GUERRERO,16.78333333,-99.41888889
12072,SAN PEDRO CUITLAPA,GUERRERO,16.97083333,-98.25444444
12081,TAXCO (CFE),GUERRERO,18.53333333,-99.61666667
12066,QUETZALA,GUERRERO,16.65583333,-98.50055556
12028,CALPANTEPEC,GUERRERO,17.21527778,-99.38638889
12067,SAN JUAN TETELCINGO (CFE),GUERRERO,17.925,-99.51805556
12061,OMETEPEC (CFE),GUERRERO,16.68361111,-98.40222222
12065,PLACERES DEL ORO,GUERRERO,18.23333333,-100.9333333
12068,SAN LUIS ACATLAN,GUERRERO,16.8,-98.7025
12076,SANTA BARBARA (CFE),GUERRERO,17.31027778,-99.86583333
12060,OLINALA (SMN),GUERRERO,17.77777778,-98.72972222
12049,JALEACA DE CATALAN (CFE),GUERRERO,17.44694444,-99.85805556
12069,SAN JUAN DE LAS FLORES,GUERRERO,17.31666667,-100.3980556
12078,SANTA ROSA,GUERRERO,18.16888889,-101.6333333
12063,PALOS ALTOS,GUERRERO,18.35555556,-100.2744444
12080,SANTO TOMAS (CFE),GUERRERO,18.09027778,-100.2347222
12075,SAN VICENTE (CFE),GUERRERO,17.5,-99.66666667
12064,PETATLAN,GUERRERO,17.53333333,-101.2333333
12077,SANTA FE,GUERRERO,18.10222222,-100.6755556
12085,TEPECOACUILCO,GUERRERO,18.28333333,-99.46666667
12103,ZIRANDARO,GUERRERO,18.46666667,-100.9833333
12082,TARETARO,GUERRERO,18.22222222,-100.7566667
12087,TIXTLA (SMN),GUERRERO,17.55,-99.38333333
12084,TELOLOAPAN,GUERRERO,18.30111111,-99.87222222
12100,SAN CRISTOBAL,GUERRERO,18.17,-100.4894444
12079,SANTO DOMINGO,GUERRERO,17.33527778,-100.3533333
12092,TONALAPA DEL SUR,GUERRERO,18.09611111,-99.55638889
12089,TLACOTEPEC,GUERRERO,17.78972222,-99.97638889
12088,TLACOAPA (CFE),GUERRERO,17.2625,-98.74805556
12074,SANTA RITA,GUERRERO,17.97277778,-100.8694444
12095,XALTIANGUIS (CFE),GUERRERO,17.09527778,-99.715
12101,XOCHIPALA,GUERRERO,17.83333333,-99.63333333
12083,TEHUEHUETLA,GUERRERO,17.82861111,-100.3875
12104,ZITLALTEPEC,GUERRERO,17.19138889,-98.54972222
12098,SAN ANDRES,GUERRERO,18.03333333,-100.5166667
12086,TEPETIXTLA,GUERRERO,17.21666667,-100.1122222
12096,COLOTLIPA (CFE),GUERRERO,17.40888889,-99.16805556
12105,ZUMPANGO DEL RIO,GUERRERO,17.655,-99.52527778
12093,PRESA VALERIO TRUJANO,GUERRERO,18.29527778,-99.4775
12106,ALCOZAUCA (DGE),GUERRERO,17.46527778,-98.39722222
12090,TLALCHAPA,GUERRERO,18.41666667,-100.4683333
12099,SAN JERONIMO,GUERRERO,17.13333333,-100.5194444
12124,TEPEZINTLA,GUERRERO,17.23333333,-99.35
12126,TLACOTEPEC (CFE),GUERRERO,17.75138889,-99.9625
12102,ZAPOTITLAN TABLAS,GUERRERO,17.42222222,-98.78194444
12128,TETIPAC,GUERRERO,18.64777778,-99.64861111
12094,VALLECITOS,GUERRERO,17.91805556,-101.3502778
12097,RANCHO VIEJO (CFE),GUERRERO,17.19361111,-99.3075
12119,OLINALA (DGE),GUERRERO,17.77611111,-98.74555556
12091,TLAPA (CFE),GUERRERO,17.54027778,-98.59055556
12123,TELOLOAPAN (CFE),GUERRERO,18.30305556,-99.86805556
12121,SAN JERONIMITO,GUERRERO,17.565,-101.3444444
12133,ZACATULA (CFE),GUERRERO,18.00583333,-102.1783333
12112,EL PORVENIR,GUERRERO,16.8225,-99.47833333
12107,AYUTLA,GUERRERO,17.08527778,-99.09444444
12114,HUAMUXTITLAN (DGE),GUERRERO,17.79527778,-98.56444444
12131,IXTAPILLA (CFE),GUERRERO,18.54444444,-100.6005556
12117,IXCATEOPAN DE CUAUHTEMOC,GUERRERO,18.50277778,-99.79222222
12118,MEZCALA,GUERRERO,17.93111111,-99.60138889
12115,HUITZUCO (DGE),GUERRERO,18.3025,-99.33277778
12122,TAXCO (SMN),GUERRERO,18.55444444,-99.60527778
12125,TIXTLA (DGE),GUERRERO,17.56666667,-99.41888889
12130,ATENANGO DEL RIO (CFE),GUERRERO,18.10694444,-99.10472222
12137,ACAPULCO DE JUAREZ (DGE),GUERRERO,16.86361111,-99.8825
12113,GUAYAMEO,GUERRERO,18.29972222,-101.2602778
12120,SAN CRISTOBAL,GUERRERO,17.27555556,-99.94111111
12132,XOCHISTLAHUACA (CFE),GUERRERO,16.79083333,-98.24222222
12111,CHILPANCINGO LOS BRAVOS (CFE),GUERRERO,17.545,-99.49666667
12139,TERRONES,GUERRERO,18.29361111,-100.6758333
12141,TLAPEHUALA,GUERRERO,18.2475,-100.5383333
12116,IGUALA (DGE),GUERRERO,18.34972222,-99.55
12136,JULIAN BLANCO,GUERRERO,17.21888889,-99.52694444
12138,AJOCHITLAN,GUERRERO,18.15416667,-100.5
12140,SAN ANTONIO TEJAS,GUERRERO,17.72361111,-100.875
12157,E.T.A. 153 LA SABANA,GUERRERO,16.88333333,-99.71666667
12127,ZIHUATANEJO (DGE),GUERRERO,17.64444444,-101.5511111
12145,JICAYAN DE TOVAR (CFE),GUERRERO,17.03333333,-98.23333333
12146,LA VILLITA,GUERRERO,18.04611111,-102.1733333
12152,SAN CRISTOBAL (CFE),GUERRERO,16.82194444,-98.40333333
12148,LAGUNA DE TRES PALOS,GUERRERO,16.78333333,-99.75
12149,LAS TAMECUAS (CFE),GUERRERO,17.96666667,-101.8833333
12110,CHILAPA (DGE),GUERRERO,17.60861111,-99.17583333
12142,ACAPULCO DE JUAREZ (SMN),GUERRERO,16.86638889,-99.90555556
12162,CHAMACUA,GUERRERO,18.26638889,-100.6688889
12151,PUEBLO HIDALGO (CFE),GUERRERO,16.95222222,-98.65972222
12165,E.T.A. 107 PETATLAN,GUERRERO,17.53833333,-101.2738889
12153,ZIHUATANEJO (SMN),GUERRERO,17.65,-101.5833333
12154,ZICAPA,GUERRERO,17.92027778,-99.03861111
12147,PRESA LA CALERA,GUERRERO,18.41861111,-101.0055556
12158,RIO SANTIAGO,GUERRERO,17.25388889,-100.3169444
12150,OMILTEMI,GUERRERO,17.55694444,-99.6875
12161,ATOYAC (DGE),GUERRERO,17.21027778,-100.4166667
12156,El OCOTITO,GUERRERO,17.25,-99.58361111
12134,CHILPANCINGO (DGE),GUERRERO,17.53333333,-99.5
12170,EL CARACOL (CFE),GUERRERO,17.95833333,-100.0222222
12160,E.T.A. 340 ZIRANDARO,GUERRERO,18.475,-100.9763889
12163,CUTZAMALA DE PINZON,GUERRERO,18.46555556,-100.5666667
12164,E.T.A. 274 COCULA,GUERRERO,18.24527778,-99.66194444
12168,PLANTA DERIVADORA,GUERRERO,16.50833333,-98.4875
12166,SAN MIGUEL TOTOLAPAN,GUERRERO,18.15861111,-100.3880556
12169,TAXCO (DGE),GUERRERO,18.55,-99.6
12174,RANCHO NUEVO,GUERRERO,17.47444444,-101.2144444
12189,PALMA ZOLA UNO,GUERRERO,16.87277778,-99.88416667
12175,LAS JUNTAS,GUERRERO,16.75944444,-98.11833333
12167,TEPETLAPA,GUERRERO,18.55083333,-99.41888889
12196,TEMALACACINGO,GUERRERO,17.88055556,-98.68527778
12181,TUNCINGO,GUERRERO,16.85111111,-99.78888889
12187,MILPILLAS (CFE),GUERRERO,16.5825,-98.46083333
12190,PALMA ZOLA DOS,GUERRERO,16.87,-99.88361111
12197,LA LAJA,GUERRERO,16.91666667,-99.8
12184,APAXTLA,GUERRERO,18.13416667,-99.92583333
12180,PAXTEPEC,GUERRERO,17.24055556,-99.43388889
12203,HOGAR MODERNO,GUERRERO,16.86666667,-99.88333333
12192,COAPANGO (CFE),GUERRERO,17.50527778,-99.63694444
12201,COSTA AZUL,GUERRERO,16.86666667,-99.88333333
12173,MARQUELIA,GUERRERO,16.57944444,-98.80472222
12186,HUITZILTEPEC,GUERRERO,17.75555556,-99.48111111
12193,PAPALUTLA (CFE),GUERRERO,18.02083333,-98.905
12182,APETLANCA,GUERRERO,18.21527778,-99.7875
12176,COAXTLAHUACAN (CFE),GUERRERO,17.39361111,-99.34722222
12191,ZACUALPAN,GUERRERO,17.08916667,-100.3261111
12172,ACAPULCO KM. 21,GUERRERO,16.95,-99.68333333
12185,CUALAC,GUERRERO,17.7475,-98.65305556
12206,AHUACUOTZINGO,GUERRERO,17.71972222,-98.97527778
12207,ACUITLAPAN,GUERRERO,18.60083333,-99.54305556
12177,CUETZALA DEL PROGRESO,GUERRERO,18.13416667,-99.83111111
12183,LA SABANA,GUERRERO,16.88805556,-99.86194444
12178,CHIEPETEPEC,GUERRERO,17.56694444,-98.7275
12188,NEXPA,GUERRERO,16.76666667,-99.23444444
12202,LA GARITA,GUERRERO,16.93333333,-99.78333333
12216,ESCUELA SEC. IGUALA DE LA INDE,GUERRERO,18.35,-99.53333333
12212,TUZANTLAN,GUERRERO,18.20444444,-99.1825
12205,PUEBLO HIDALGO,GUERRERO,16.95,-98.65555556
12204,YEXTLA,GUERRERO,17.60333333,-99.93333333
12214,COACOYULICHAN,GUERRERO,16.79388889,-98.93555556
12200,IGUALITA,GUERRERO,17.46527778,-98.51805556
12208,CUAJINICUILAPA,GUERRERO,16.36888889,-98.54277778
12135,OLINALA (CFE),GUERRERO,17.77805556,-98.74333333
12217,E.T.A. 106 CRUZ GRANDE,GUERRERO,16.73333333,-99.11666667
12195,METLATONOC,GUERRERO,17.19194444,-98.40777778
12211,NANCINTLA,GUERRERO,17.74777778,-100.2027778
12218,IXTAPA ZIHUATANEJO,GUERRERO,17.65694444,-101.5930556
12222,LAGUNA DE TUXPAN,GUERRERO,18.34777778,-99.4775
12215,DOS BOCAS,GUERRERO,18.67111111,-99.5
12225,PRESA ANDRES FIGUEROA,GUERRERO,18.07333333,-100.5113889
12219,LAGUNA DE COYUCA,GUERRERO,17.00722222,-100.0875
12224,PINZAN MORADO,GUERRERO,18.17944444,-100.8911111
12229,CHILPANCINGO (SMN),GUERRERO,17.55138889,-99.50083333
12230,ATRISCO,GUERRERO,16.6525,-98.88333333
12210,IXTAPILLA,GUERRERO,18.545,-100.6
12223,LAGUNA TRES PALOS,GUERRERO,16.82972222,-99.77833333
12227,XALPATLAHUAC,GUERRERO,17.51694444,-98.4925
12226,TIERRA COLORADA,GUERRERO,16.44666667,-98.64194444
12238,PASO MORELOS,GUERRERO,18.2225,-99.2075
12231,RANCHO VIEJO,GUERRERO,17.01666667,-98.20055556
12220,LAGUNA DE CHAUTENGO,GUERRERO,16.63888889,-99.09166667
12240,PETACALCO,GUERRERO,17.97638889,-102.1080556
12234,LAS VIGAS,GUERRERO,16.75083333,-99.23472222
12241,LA SALITRERA,GUERRERO,17.80083333,-101.6666667
12194,ZAPOTITLAN TABLAS (CFE),GUERRERO,17.42194444,-98.78861111
12209,EL MOGOTE,GUERRERO,18.68,-99.56083333
12199,XOCHIHUEHUETLAN,GUERRERO,17.91194444,-98.48194444
12236,C.E.T.A. 151 CRUZ GRANDE,GUERRERO,16.70944444,-99.1225
12249,TULIMAN,GUERRERO,18.00472222,-99.27916667
12248,SAN JOSE LAGUNAS,GUERRERO,17.44444444,-98.45027778
12232,TECOMATE,GUERRERO,16.7,-99.40166667
12244,LLANO GRANDE HILARIOS,GUERRERO,16.75888889,-98.43833333
12242,PRESA REVOLUCION MEXICANA,GUERRERO,16.80055556,-99.17916667
12261,TIERRA COLORADA,GUERRERO,17.15833333,-99.54166667
12233,TECPAN,GUERRERO,17.25,-100.5686111
12243,PILCAYA,GUERRERO,18.74694444,-99.675
12263,CUAUTEPEC,GUERRERO,16.75361111,-99.00527778
12262,HACIENDA LA CABAÑA,GUERRERO,17.0975,-100.4713889
12257,EL PUENTE ESCUDERO (CFE),GUERRERO,17.14805556,-99.41472222
12228,ESCALERILLA LA LAGUNA,GUERRERO,17.37027778,-98.83777778
12259,COLMENEROS,GUERRERO,18.09861111,-101.7030556
12221,LAGUNA DE NUXCO,GUERRERO,17.20833333,-100.7572222
12171,CHONTALCOATLAN,GUERRERO,18.65222222,-99.57333333
12198,PETAQUILLAS,GUERRERO,17.48555556,-99.45388889
12260,MOCHITLAN,GUERRERO,17.47138889,-99.36916667
13005,CHARCO DEL ZACATON,HIDALGO,19.61666667,-98.66666667
13009,EPAZOYUCAN,HIDALGO,20.01722222,-98.63555556
13004,ALCANTARILLAS,HIDALGO,19.79972222,-98.38083333
13010,GENERAL PEDRO MARIA ANAYA,HIDALGO,20.15527778,-99.34833333
13003,CALNALI,HIDALGO,20.9,-98.58333333
13001,ACAYUCA,HIDALGO,20.02972222,-98.84194444
13019,MOLANGO,HIDALGO,20.78333333,-98.71666667
13007,CORRALEJO,HIDALGO,19.63333333,-98.66666667
13006,CIUDAD SAHAGUN,HIDALGO,19.77166667,-98.58055556
13014,LLANO CHICO,HIDALGO,19.67194444,-98.54527778
13002,APAN (DGE),HIDALGO,19.70722222,-98.44916667
13008,EL MANANTIAL,HIDALGO,19.85166667,-98.93638889
13017,EL CHICO,HIDALGO,20.21666667,-98.73333333
13016,MINERAL DEL MONTE,HIDALGO,20.13638889,-98.68166667
13011,HUEJUTLA,HIDALGO,21.15361111,-98.38916667
13020,NOPALAPA,HIDALGO,20.01527778,-98.71222222
13012,HUICHAPAN,HIDALGO,20.36944444,-99.64805556
13013,IXMIQUILPAN (SMN),HIDALGO,20.47972222,-99.22388889
13015,SAN AGUSTIN METZIQUITITLAN,HIDALGO,20.52972222,-98.63527778
13036,TIZAYUCA (SMN),HIDALGO,19.84305556,-98.97861111
13037,TLANALAPA,HIDALGO,19.81777778,-98.60416667
13021,SAN FELIPE ORIZATLAN (SMN),HIDALGO,21.17111111,-98.60777778
13032,SANTO TOMAS,HIDALGO,19.90166667,-98.56888889
13040,TULA (SMN),HIDALGO,20.05,-99.35
13033,SINGUILUCAN,HIDALGO,19.96472222,-98.51305556
13039,TOLCAYUCA,HIDALGO,19.95777778,-98.92277778
13027,SAN JERONIMO,HIDALGO,19.81527778,-98.48416667
13045,APAN (SMN),HIDALGO,19.71666667,-98.45
13018,MIXQUIAHUALA (SMN),HIDALGO,20.22944444,-99.21527778
13026,ALFAJAYUCAN (SMN),HIDALGO,20.41666667,-99.33333333
13025,PROGRESO,HIDALGO,20.23916667,-99.18388889
13044,ZIMAPAN,HIDALGO,20.82361111,-99.4275
13031,SANTIAGO TULANTEPEC,HIDALGO,20.04444444,-98.36833333
13035,TEZONTEPEC (SMN),HIDALGO,20.1925,-99.2725
13038,TLANCHINOL (DGE),HIDALGO,20.98333333,-98.65
13049,RANCHO LA SOLEDAD (CFE),HIDALGO,20.06666667,-99.26666667
13028,SAN MIGUEL ALLENDE,HIDALGO,19.87361111,-98.40444444
13043,ZEMPOALA,HIDALGO,19.915,-98.66972222
13046,LAGUNA DE APAN,HIDALGO,19.7,-98.48333333
13041,TULANCINGO (OBS),HIDALGO,20.08416667,-98.3575
13030,SAN RAFAEL MAZATEPEC,HIDALGO,19.86472222,-98.35583333
13029,SAN LORENZO SAYULA,HIDALGO,19.98722222,-98.29722222
13022,PACHUCA (OBS),HIDALGO,20.08777778,-98.74972222
13047,TEZONTEPEC (DGE),HIDALGO,20.2,-99.26666667
13024,POTRERITO,HIDALGO,19.61027778,-98.64166667
13072,E.T.A. 027 NOPALA,HIDALGO,20.21666667,-99.75
13052,GENERAL PISAFLORES,HIDALGO,21.2,-99.0
13066,C.E.T.A. 006 MOLANGO,HIDALGO,20.79416667,-98.73444444
13071,EL TAJO,HIDALGO,20.4625,-98.67638889
13053,TECOZAUTLA,HIDALGO,20.53333333,-99.63333333
13048,TLANCHINOL (SMN),HIDALGO,20.99166667,-98.65861111
13062,BINOLA,HIDALGO,20.17972222,-99.34305556
13056,PACHUCA,HIDALGO,20.12083333,-98.74916667
13034,TENANGO DE DORIA,HIDALGO,20.3425,-98.21722222
13051,JACALA,HIDALGO,21.005,-99.19
13067,LOS ALAMOS,HIDALGO,20.44027778,-98.57416667
13057,ZACATE GRANDE,HIDALGO,21.11611111,-99.0025
13059,ACATLAN,HIDALGO,20.14166667,-98.44055556
13063,PRESA BOQUILLA TECOLOTE,HIDALGO,20.42111111,-99.23111111
13055,IROLO,HIDALGO,19.7325,-98.59555556
13070,SANTUARIO,HIDALGO,20.66416667,-99.13666667
13042,ZACUALTIPAN (SMN),HIDALGO,20.64055556,-98.65527778
13073,IGNACIO ZARAGOZA,HIDALGO,20.12972222,-99.00166667
13064,CHAPANTONGO,HIDALGO,20.28861111,-99.41111111
13050,ZACUALTIPAN (DGE),HIDALGO,20.64388889,-98.65305556
13065,ENCARNACION,HIDALGO,20.87777778,-99.20833333
13060,ACTOPAN,HIDALGO,20.26527778,-98.95805556
13094,ACAXOCHITLAN,HIDALGO,20.15833333,-98.20555556
13086,SANTIAGO TEZONTLALE (CFE),HIDALGO,20.16138889,-99.09833333
13069,EL MEZQUITAL KM. 150,HIDALGO,20.43305556,-99.14944444
13078,MIXQUIAHUALA (DGE),HIDALGO,20.21666667,-99.21666667
13091,TIZAYUCA (DGE),HIDALGO,19.82388889,-98.95444444
13061,ALCHOLOYA,HIDALGO,20.22722222,-98.44861111
13074,IXMIQUILPAN (DGE),HIDALGO,20.46666667,-99.23333333
13068,EL SALTO,HIDALGO,19.93583333,-99.28361111
13097,CHILCUAUTLA,HIDALGO,20.32083333,-99.23166667
13082,PRESA LA ESPERANZA,HIDALGO,20.05611111,-98.33444444
13098,HUASCA,HIDALGO,20.21944444,-98.57861111
13092,TULA (DGE),HIDALGO,20.05666667,-99.34833333
13075,JASSO,HIDALGO,19.99,-99.33222222
13108,E.T.A. 285 SAN SALVADOR,HIDALGO,20.28,-99.02083333
13085,PRESA TEZOYO,HIDALGO,19.85416667,-98.30833333
13101,SAN BARTOLO,HIDALGO,20.23333333,-99.48333333
13104,CHAPULHUACAN,HIDALGO,21.15555556,-98.90361111
13081,PRESA GOLONDRINAS,HIDALGO,20.44055556,-99.37416667
13084,PRESA REQUENA,HIDALGO,19.96388889,-99.31194444
13106,AJACUBA (SMN),HIDALGO,20.08944444,-99.11638889
13076,JONACAPA,HIDALGO,20.43666667,-99.5325
13093,VENADOS,HIDALGO,20.46611111,-98.66694444
13117,SAN AGUSTIN TLAXIACA ALTO PANUCO,HIDALGO,20.11472222,-98.88611111
13095,AGUA BLANCA,HIDALGO,20.33722222,-98.36194444
13087,SAN CRISTOBAL,HIDALGO,20.64138889,-98.82861111
13118,HUAUTLA (SMN),HIDALGO,21.03333333,-98.28333333
13099,METEPEC,HIDALGO,20.23666667,-98.32416667
13089,TEPEJI DEL RIO,HIDALGO,19.89777778,-99.33666667
13080,PRESA ENDHO,HIDALGO,20.155,-99.355
13100,OMITLAN,HIDALGO,20.17666667,-98.64527778
13116,EL ZEMBO,HIDALGO,20.15944444,-98.55666667
13111,AJACUBA (DGE),HIDALGO,20.09888889,-99.12194444
13105,CARDONAL,HIDALGO,20.615,-99.11555556
13077,METZTITLAN,HIDALGO,20.59694444,-98.76583333
13096,ATOTONILCO,HIDALGO,20.28083333,-98.65861111
13123,PRESA EL DURAZNO,HIDALGO,20.13333333,-98.85916667
13088,TASQUILLO,HIDALGO,20.5525,-99.30444444
13115,REAL DEL MONTE,HIDALGO,20.13305556,-98.66916667
13079,PRESA EL GIRON,HIDALGO,20.0725,-98.65333333
13132,EL TEPOZAN,HIDALGO,19.81083333,-98.26611111
13124,PRESA FELIPE ANGELES,HIDALGO,20.49805556,-99.12305556
13128,SAN AGUSTIN TLAXIACA OCAVM,HIDALGO,20.11833333,-98.88527778
13133,SAN PEDRO TLAQUILPAN,HIDALGO,19.94416667,-98.75388889
13130,SANTA MARIA ASUNCION,HIDALGO,20.15472222,-98.27388889
13122,PRESA JAVIER ROJO GOMEZ,HIDALGO,20.37388889,-99.32638889
13113,IXMIQUILPAN (CFE),HIDALGO,20.4775,-99.22611111
13112,MINERAL DEL CHICO,HIDALGO,20.21722222,-98.73055556
13129,SAN AGUSTIN ZAPOTLAN,HIDALGO,19.87277778,-98.71805556
13127,EL ASERRADERO,HIDALGO,19.95388889,-98.32583333
13125,ALFAJAYUCAN (DGE),HIDALGO,20.38027778,-99.35027778
13083,PRESA MADERO,HIDALGO,20.30944444,-99.7225
13090,RIO SALADO,HIDALGO,20.19027778,-99.25472222
13109,E.T.A. 385 SANTIAGO DE ANAYA,HIDALGO,20.38055556,-98.96444444
13135,ATLAPEXCO,HIDALGO,21.01944444,-98.34805556
13140,JALTOCAN,HIDALGO,21.13361111,-98.53944444
13138,EMILIANO ZAPATA,HIDALGO,19.65833333,-98.55
13137,TEHUETLAN,HIDALGO,21.07027778,-98.49
13148,XITHA,HIDALGO,20.63944444,-99.32777778
13157,MATZACINTLA,HIDALGO,21.03777778,-99.3
13158,LAS ADJUNTAS,HIDALGO,20.72638889,-99.4
13147,EL TIXQUI,HIDALGO,20.71527778,-99.12222222
13152,EL POTRERO,HIDALGO,20.47555556,-99.74
13151,EL ENCINO,HIDALGO,20.45638889,-98.91055556
13131,SANTIAGO TLAJOMULCO,HIDALGO,19.98472222,-98.9175
13145,SAN FELIPE ORIZATLAN (DGE),HIDALGO,21.17138889,-98.59805556
13162,SANTIAGO TEPEYAHUALCO,HIDALGO,19.84833333,-98.67083333
13141,LA LAGUNA,HIDALGO,21.28972222,-98.58416667
13121,SANTA MARIA AMAJAC,HIDALGO,20.32444444,-98.73833333
13149,EL BANCO,HIDALGO,19.96027778,-99.45722222
13164,CAHUAZAS,HIDALGO,21.14083333,-98.85416667
13150,EL CEREZO,HIDALGO,20.15833333,-98.72861111
13159,UNIDAD DE RIEGO LOS ANGELES,HIDALGO,20.27222222,-98.66361111
13169,TIZAYUCA AVM,HIDALGO,19.864444,-98.986389
13161,PRESA TAXHIMAY II,HIDALGO,19.83666667,-99.38361111
13168,RANCHO NUEVO,HIDALGO,19.74777778,-98.27916667
13155,MARAVILLAS,HIDALGO,20.20583333,-99.58777778
13167,ALMOLOYA,HIDALGO,19.70222222,-98.40833333
13160,TORNACUXTLA,HIDALGO,20.15305556,-98.87
13156,TLAXCALILLA,HIDALGO,20.37472222,-99.80888889
13165,LA TRINIDAD,HIDALGO,19.96027778,-98.70805556
13166,TLAHUELILPAN,HIDALGO,20.13111111,-99.2325
13120,CAPULA,HIDALGO,20.50777778,-99.13555556
13144,HUEHUETLA,HIDALGO,20.46222222,-98.07472222
13139,HUAUTLA (DGE),HIDALGO,21.0275,-98.28972222
13154,MAGDALENA,HIDALGO,20.29944444,-98.86222222
14001,ACATIC (SMN),JALISCO,20.78333333,-102.9166667
14005,AHUIJULLO,JALISCO,19.08416667,-103.1
14012,EL ARENAL (SMN),JALISCO,20.77222222,-103.6888889
14002,ACATLAN DE JUAREZ,JALISCO,20.42055556,-103.5911111
14004,AGOSTADERO,JALISCO,21.35,-102.3333333
14010,ANTONIO ESCOBEDO (SMN),JALISCO,20.78333333,-103.95
14022,CLAVELLINAS,JALISCO,19.33333333,-103.4166667
14021,AYOTITLAN,JALISCO,19.46916667,-104.1841667
14008,AMACUECA,JALISCO,20.01666667,-103.6
14014,ATENGO (SMN),JALISCO,20.28333333,-104.25
14009,AMECA,JALISCO,20.54777778,-104.0472222
14007,ACIHUATL,JALISCO,19.90777778,-104.7191667
14011,APAZULCO,JALISCO,19.30638889,-104.8875
14006,AJOJUCAR,JALISCO,21.56333333,-102.4394444
14015,ATENGUILLO,JALISCO,20.41611111,-104.4930556
14017,ATOTONILCO EL ALTO,JALISCO,20.55,-102.5083333
14019,AUTLAN,JALISCO,19.77083333,-104.3694444
14016,ATEQUIZA,JALISCO,20.39527778,-103.1355556
14020,AYO EL CHICO,JALISCO,20.53333333,-102.3333333
14013,ATEMAJAC DE BRIZUELA,JALISCO,20.13888889,-103.7275
14018,ATOYAC,JALISCO,20.00972222,-103.5152778
14045,CABRITO,JALISCO,20.69166667,-102.2736111
14029,CONCEPCION DE BUENOS AIRES,JALISCO,19.97833333,-103.2605556
14026,CASA LLANTA,JALISCO,22.05888889,-103.3619444
14025,CALERA,JALISCO,21.49805556,-102.5863889
14027,CASIMIRO CASTILLO,JALISCO,19.61777778,-104.4580556
14030,CIUDAD GUZMAN (OBS),JALISCO,19.71805556,-103.4647222
14049,GARGANTILLO,JALISCO,20.01777778,-105.3458333
14033,COMANJA DE CORONA,JALISCO,21.32583333,-101.7138889
14044,EL BRAMADOR,JALISCO,20.31,-105.0497222
14036,CUAUTITLAN,JALISCO,19.45055556,-104.3591667
14043,EJUTLA,JALISCO,19.90555556,-104.1625
14028,CIHUATLAN (DGE),JALISCO,19.2375,-104.5619444
14051,EL LIMON,JALISCO,19.81666667,-104.1166667
14032,COLOTLAN (OBS),JALISCO,22.10722222,-103.2677778
14055,INGENIO EL REFUGIO,JALISCO,20.67083333,-103.7375
14037,PRESA ACHIMEC,JALISCO,22.32527778,-103.2280556
14054,EL PUESTO,JALISCO,21.62555556,-101.9663889
14042,CUITZMALA,JALISCO,19.39166667,-104.8
14041,CHIQUILISTLAN,JALISCO,20.08833333,-103.8616667
14040,CHAPALA,JALISCO,20.29,-103.1891667
14046,EL CHANTE,JALISCO,19.71861111,-104.2033333
14023,BOLAÑOS,JALISCO,21.825,-103.7833333
14039,CUQUIO,JALISCO,20.92777778,-103.0233333
14057,EL SALTO,JALISCO,20.51888889,-103.1783333
14035,CORRINCHIS II,JALISCO,20.50055556,-104.7736111
14060,EL TULE,JALISCO,20.71694444,-102.4411111
14056,EL SALITRE,JALISCO,20.51027778,-103.8569444
14053,EL PINITO,JALISCO,22.60916667,-103.9483333
14058,EL TECUAN,JALISCO,21.68277778,-102.0222222
14038,CUIXTLA,JALISCO,21.05194444,-103.4388889
14031,CIUDAD VENUSTIANO CARRANZA,JALISCO,19.75,-103.75
14047,EL FUERTE,JALISCO,20.33083333,-102.7633333
14024,CAJON DE PEÑA,JALISCO,19.99333333,-105.13
14050,EL GRULLO,JALISCO,19.85083333,-104.2833333
14034,CONTLA,JALISCO,19.75305556,-103.1811111
14067,HIGUERA BLANCA,JALISCO,19.99416667,-105.1625
14062,ENCARNACION DE DIAZ,JALISCO,21.52416667,-102.2369444
14064,EX HACIENDA SAN DIEGO,JALISCO,20.34138889,-103.8047222
14059,EL TUITO,JALISCO,20.31972222,-105.3261111
14052,EL NOGAL,JALISCO,19.89722222,-103.7872222
14069,HUEJUCAR (OBS),JALISCO,22.3575,-103.21
14072,HUERTA VIEJA,JALISCO,20.42583333,-103.2422222
14080,LA CUÑA,JALISCO,21.00666667,-102.8233333
14076,JESUS MARIA,JALISCO,20.60805556,-102.2152778
14079,LA COFRADIA,JALISCO,19.76888889,-104.8533333
14048,EL CHIFLON,JALISCO,19.29166667,-104.5583333
14074,JALOSTOTITLAN,JALISCO,21.16833333,-102.4652778
14083,LAGOS DE MORENO (OBS),JALISCO,21.34777778,-101.9413889
14081,LA DESEMBOCADA,JALISCO,20.72861111,-105.2066667
14071,HUEJUQUILLA EL ALTO (DGE),JALISCO,22.62777778,-103.8975
14082,LA ESTANZUELA,JALISCO,20.66888889,-103.8261111
14075,JAMAY,JALISCO,20.29,-102.7094444
14073,IXTLAHUACAN DEL RIO,JALISCO,20.88861111,-103.25
14086,LA MANZANILLA DE LA PAZ,JALISCO,20.00416667,-103.1541667
14094,MANANTLAN,JALISCO,19.61833333,-104.2030556
14095,MANUEL M. DIEGUEZ (CFE),JALISCO,19.58333333,-103.0833333
14102,OCOTLAN,JALISCO,20.35083333,-102.7716667
14098,MEZQUITIC,JALISCO,22.38833333,-103.7288889
14068,HOSTOTIPAQUILLO,JALISCO,21.05805556,-104.0513889
14063,ETZATLAN (SMN),JALISCO,20.76666667,-104.1
14070,HUASCATO,JALISCO,20.48055556,-102.2488889
14077,JOCOTEPEC,JALISCO,20.28361111,-103.4294444
14097,MATANZAS,JALISCO,21.76666667,-101.65
14065,GUADALAJARA (OBS),JALISCO,20.70638889,-103.3922222
14089,LA VEGA,JALISCO,20.59166667,-103.8583333
14091,LLANO GRANDE,JALISCO,20.03694444,-104.8741667
14112,PRESA TROJES,JALISCO,18.96722222,-103.3952778
14099,MAZAMITLA,JALISCO,19.91555556,-103.0194444
14103,OJUELOS DE JALISCO (SMN),JALISCO,21.86666667,-101.5833333
14107,PASO DE LA YESCA,JALISCO,21.18777778,-104.0725
14108,PASO DEL SABINO,JALISCO,21.34055556,-102.6183333
14120,RANCHO EL CUISICHE,JALISCO,19.56388889,-103.7463889
14078,JUCHITLAN,JALISCO,20.08333333,-104.0975
14088,LA SOLEDAD,JALISCO,20.89611111,-103.365
14066,GUADALAJARA (DGE),JALISCO,20.67638889,-103.3461111
14118,QUITO,JALISCO,19.525,-103.4333333
14121,GUADALAJARA (SMN),JALISCO,20.7,-103.3833333
14122,SAN BERNARDO,JALISCO,21.63166667,-102.3911111
14101,MICHOACANEJO,JALISCO,21.54,-102.5966667
14105,PASO DE ANALCO (CFE),JALISCO,21.1375,-103.95
14129,SAN MARCOS,JALISCO,19.445,-103.5041667
14124,SAN DIEGO,JALISCO,19.88861111,-102.8344444
14106,PASO DEL CUARENTA I,JALISCO,21.49583333,-101.7433333
14113,PRESA HURTADO,JALISCO,20.43944444,-103.6325
14130,SAN MARTIN HIDALGO,JALISCO,20.43472222,-103.9305556
14092,LOS OLIVOS (CFE),JALISCO,19.2,-102.8666667
14125,SAN GREGORIO,JALISCO,20.62083333,-104.5680556
14104,PALO VERDE,JALISCO,20.64027778,-102.9511111
14084,LAGOS DE MORENO (DGE),JALISCO,21.36027778,-101.9205556
14085,LA HUERTA,JALISCO,19.48111111,-104.6391667
14133,SAN SEBASTIAN DEL OESTE,JALISCO,20.76166667,-104.85
14100,MEXTICACAN,JALISCO,21.26527778,-102.7769444
14126,SAN JUAN DE LOS LAGOS,JALISCO,21.24583333,-102.3308333
14116,PUERTO VALLARTA,JALISCO,20.61333333,-105.2311111
14111,PONCITLAN,JALISCO,20.38111111,-102.9277778
14090,LA YERBABUENA,JALISCO,20.58166667,-102.7455556
14131,SAN MIGUEL EL ALTO,JALISCO,21.02972222,-102.4022222
14138,SEHUAYA,JALISCO,19.31083333,-104.3030556
14134,SANTA CLARA,JALISCO,22.24277778,-104.2763889
14093,MAGDALENA,JALISCO,20.90638889,-103.9797222
14140,TALPA DE ALLENDE,JALISCO,20.38055556,-104.8222222
14135,SANTA MARIA DE LOS ANGELES,JALISCO,22.16666667,-103.2333333
14087,LA RED,JALISCO,20.72527778,-102.8127778
14147,TEPATITLAN,JALISCO,20.81666667,-102.7611111
14148,TECOMATES,JALISCO,19.55833333,-104.5
14136,SANTA ROSA,JALISCO,20.90555556,-103.7263889
14139,TACOTAN,JALISCO,20.0325,-104.2988889
14141,INGENIO TAMAZULA,JALISCO,19.6875,-103.2577778
14149,TIZAPAN EL ALTO (SMN),JALISCO,20.16666667,-103.05
14145,TEOCALTICHE (DGE),JALISCO,21.43361111,-102.5738889
14151,TOLIMAN (SMN),JALISCO,19.6,-103.9166667
14161,VAQUERIAS,JALISCO,21.81666667,-101.65
14143,TECOLOTLAN (DGE),JALISCO,20.20277778,-104.0488889
14096,MASCOTA (SMN),JALISCO,20.52527778,-104.7863889
14115,PUENTE ARCEDIANO (CFE),JALISCO,20.73472222,-103.2858333
14110,PLAN DE BARRANCAS,JALISCO,21.04222222,-104.2113889
14160,VALLE DE JUAREZ (DGE),JALISCO,19.9325,-102.9444444
14128,SAN JULIAN (DGE),JALISCO,21.01666667,-102.1833333
14132,TLAQUEPAQUE,JALISCO,20.63833333,-103.3105556
14127,SAN JUANICO,JALISCO,21.65,-102.5166667
14159,VALLE DE GUADALUPE,JALISCO,21.01027778,-102.6163889
14119,QUITUPAN (CFE),JALISCO,19.93333333,-102.8833333
14152,TOMATLAN,JALISCO,19.94083333,-105.2486111
14114,PRESA LA DUQUESA,JALISCO,21.22444444,-101.82
14123,SAN DIEGO DE ALEJANDRIA,JALISCO,20.99416667,-101.9941667
14109,PIHUAMO,JALISCO,19.25194444,-103.3786111
14117,VILLA PURIFICACION (DGE),JALISCO,19.71888889,-104.6019444
14146,TEOCUITATLAN,JALISCO,20.09416667,-103.3763889
14170,ZAPOTILTIC,JALISCO,19.62472222,-103.4158333
14144,TENASCO,JALISCO,22.15666667,-103.2327778
14153,TOTATICHE,JALISCO,21.92722222,-103.4430556
14157,UNION DE SAN ANTONIO,JALISCO,21.13138889,-102.0047222
14164,VILLA GUERRERO,JALISCO,21.98333333,-103.6
14158,UNION DE TULA,JALISCO,19.95444444,-104.2677778
14165,VILLA OBREGON,JALISCO,21.14833333,-102.6888889
14163,VILLA CORONA,JALISCO,20.41583333,-103.6652778
14176,HUEJUQUILLA EL ALTO (SMN),JALISCO,22.63333333,-103.9
14166,VILLA PURIFICACION (SMN),JALISCO,19.71666667,-104.6333333
14177,LOS OLIVOS,JALISCO,19.20777778,-102.8622222
14188,TEUCHITLAN,JALISCO,20.68333333,-103.8477778
14156,TUXCUECA,JALISCO,20.15361111,-103.1844444
14183,SAN MARCOS,JALISCO,20.79138889,-104.1955556
14155,TUXCACUESCO,JALISCO,19.69694444,-103.9827778
14182,SAN JULIAN (SMN),JALISCO,21.0,-102.2
14191,VALLE DE JUAREZ (SMN),JALISCO,19.93333333,-102.95
14178,MASCOTA (DGE),JALISCO,20.53333333,-104.7833333
14162,PRESA SANTA ROSA (CFE),JALISCO,20.89194444,-103.6722222
14171,ZAPOTLANEJO (SMN),JALISCO,20.61666667,-103.0666667
14169,ZAPOPAN,JALISCO,20.72027778,-103.3919444
14175,COLOTLAN (DGE),JALISCO,22.11416667,-103.2663889
14197,PRESA TRIGOMIL,JALISCO,19.94,-104.2597222
14186,TEOCALTICHE (SMN),JALISCO,21.43333333,-102.5833333
14199,QUITZEO,JALISCO,20.27,-102.77
14190,TOLIMAN (DGE),JALISCO,19.60166667,-103.9141667
14198,LAS COMPUERTAS,JALISCO,19.47444444,-104.4058333
14167,YAHUALICA DE GONZALEZ GALLO (SMN),JALISCO,21.18166667,-102.8905556
14202,MEDRANO,JALISCO,20.66638889,-103.3247222
14195,ANTONIO ESCOBEDO (DGE),JALISCO,20.79861111,-104.0041667
14200,TOLUQUILLA -CRAE-,JALISCO,20.58416667,-103.3616667
14184,TAPALPA (DGE),JALISCO,19.95,-103.75
14174,CIHUATLAN (SMN),JALISCO,19.25,-104.5666667
14173,ATEQUIZA NORMAL RURAL,JALISCO,20.39611111,-103.135
14154,TOTOTLAN,JALISCO,20.5425,-102.7930556
14179,OJUELOS DE JALISCO (DGE),JALISCO,21.86611111,-101.5930556
14168,ZACOALCO DE TORRES,JALISCO,20.22777778,-103.5694444
14142,TAPALPA (SMN),JALISCO,19.945,-103.7580556
14185,TECOLOTLAN (SMN),JALISCO,20.2,-104.05
14192,YAHUALICA DE GONZALEZ GALLO (DGE),JALISCO,21.18333333,-102.8833333
14189,TIZAPAN EL ALTO (DGE),JALISCO,20.15833333,-103.0433333
14196,COLOTLAN (SMN),JALISCO,22.11666667,-103.2666667
14187,TEQUILA,JALISCO,20.88277778,-103.8366667
14180,QUITUPAN,JALISCO,19.92666667,-102.8758333
14271,LA CUMBRE DE GUADALUPE,JALISCO,20.17222222,-104.7125
14278,EMPALME DE ORENDAIN (FFCC),JALISCO,20.73305556,-103.6333333
14277,ETZATLAN (FFCC),JALISCO,20.83333333,-104.0833333
14281,LA VEGA (FFCC),JALISCO,20.58333333,-103.8563889
14269,AHUALULCO DE MERCADO (SMN),JALISCO,20.70027778,-103.9761111
14279,GUADALAJARA (FFCC),JALISCO,20.65555556,-103.3525
14280,LA QUEMADA (FFCC),JALISCO,20.43333333,-102.0833333
14266,SAN GASPAR DE LOS REYES,JALISCO,21.28472222,-102.4972222
14295,UNIVERSIDAD AUTONOMA DE GUADALAJARA,JALISCO,20.71666667,-103.4166667
14287,E.T.A. 135 PACANA,JALISCO,20.59833333,-103.7777778
14296,CAMPO EXPERIMENTAL LA HUERTA,JALISCO,19.48333333,-104.6166667
14294,TLAJOMULCO DE ZUÑIGA,JALISCO,20.47277778,-103.4466667
14297,GUACHINANGO (SMN),JALISCO,20.57611111,-104.3805556
14313,DEGOLLADO (DGE),JALISCO,20.44694444,-102.1391667
14310,AYUTLA,JALISCO,20.12888889,-104.3444444
14302,DEGOLLADO (SMN),JALISCO,20.44555556,-102.1427778
14314,ETZATLAN (DGE),JALISCO,20.76472222,-104.0805556
14309,ATENGO (DGE),JALISCO,20.27472222,-104.2375
14307,ACATIC (DGE),JALISCO,20.77916667,-102.9094444
14301,TENAMAXTLAN,JALISCO,20.2175,-104.1641667
14304,LAGOS DE MORENO (SMN),JALISCO,21.35,-101.9333333
14316,GUACHINANGO (DGE),JALISCO,20.58166667,-104.3777778
14312,CUAUTLA,JALISCO,20.20277778,-104.4058333
14306,TENZOMPA,JALISCO,22.37611111,-103.9247222
14311,CANOAS,JALISCO,19.57416667,-103.9127778
14318,EL REFUGIO,JALISCO,21.86666667,-103.75
14315,GOMEZ FARIAS,JALISCO,19.79416667,-103.4772222
14325,TONILA,JALISCO,19.40805556,-103.5488889
14333,AHUALULCO DE MERCADO (DGE),JALISCO,20.7,-103.9833333
14323,TECHALUTA,JALISCO,20.06666667,-103.55
14327,SAN MARTIN DE BOLAÑOS,JALISCO,21.68333333,-103.8
14340,BAJIO DE LOS AMOLES,JALISCO,22.05777778,-103.9313889
14344,AQUILES SERDAN,JALISCO,20.3,-105.6219444
14338,EL ARENAL (DGE),JALISCO,20.77555556,-103.6933333
14276,BARRANCAS (FFCC),JALISCO,21.02027778,-104.2263889
14329,LA EXPERIENCIA,JALISCO,20.67027778,-103.2858333
14322,TECALITLAN,JALISCO,19.46916667,-103.3063889
14342,TUXPAN,JALISCO,19.55388889,-103.3755556
14320,LA SAUCEDA,JALISCO,21.35305556,-101.8472222
14347,JALISCO DEL REFUGIO,JALISCO,22.0,-103.1666667
14336,EL GUAYABO,JALISCO,19.265,-103.2911111
14337,APOZOL,JALISCO,21.01805556,-102.8258333
14324,TEMASTIAN,JALISCO,21.97444444,-103.525
14292,ESCUELA DE AGRICULTURA,JALISCO,20.7,-103.4166667
14319,SAN JUAN DE LOS POTREROS,JALISCO,21.70527778,-103.5977778
14331,EL ZAPOTE,JALISCO,22.04277778,-103.3291667
14339,EL CUALE,JALISCO,20.59638889,-105.22
14343,PRESA BASILIO VADILLO,JALISCO,19.91444444,-104.0636111
14317,MIXTLAN,JALISCO,20.43805556,-104.4088889
14326,TOTUATE,JALISCO,22.28444444,-103.7358333
14348,JILOTLAN,JALISCO,19.37055556,-103.0194444
14356,LA CAÑADA,JALISCO,20.42222222,-103.4416667
14346,BOCAS,JALISCO,22.4,-103.7261111
14362,SAN LUCAS EVANGELISTA,JALISCO,20.40333333,-103.3166667
14363,TACUBAYA,JALISCO,21.77666667,-101.9611111
14365,TEOCALTITAN DE GUADALUPE,JALISCO,21.14333333,-102.3972222
14349,EL RODEO,JALISCO,20.25194444,-104.5913889
14360,LAS LAGUNAS,JALISCO,20.665,-102.0969444
14345,AHUETITA,JALISCO,21.43222222,-102.6477778
14352,ZAPOTITLAN,JALISCO,19.54722222,-103.8130556
14351,TALA,JALISCO,20.64833333,-103.7011111
14368,USMAJAC,JALISCO,19.87333333,-103.5433333
14355,LA BARCA,JALISCO,20.32888889,-102.5425
14367,TLACUITAPAN,JALISCO,21.19805556,-102.125
14308,ARANDAS,JALISCO,20.705,-102.3438889
14373,AGUA PRIETA,JALISCO,20.80111111,-103.3441667
14369,LA VAQUERA,JALISCO,20.8575,-102.22
14380,SAN LUIS,JALISCO,20.46333333,-103.5638889
14376,AYOTLAN,JALISCO,20.52861111,-102.3269444
14387,TONAYA,JALISCO,19.78583333,-103.9711111
14388,ZAPOTLANEJO (DGE),JALISCO,20.62222222,-103.0683333
14390,EL CORCOVADO,JALISCO,19.84583333,-104.2844444
14386,TONALA,JALISCO,20.62361111,-103.2411111
14391,PRESA EL VOLANTIN,JALISCO,20.05444444,-103.1041667
14395,IXTLAHUACAN DE SANTIAGO,JALISCO,19.99722222,-104.185
14392,PASO DEL CUARENTA II,JALISCO,21.48888889,-101.7527778
14396,PIEDRA BARRENADA,JALISCO,20.26666667,-103.425
14379,MEZCALA,JALISCO,20.33555556,-103.0175
14330,LOS SAUCES CHICOS,JALISCO,21.59666667,-102.1347222
14377,LA PRIMAVERA,JALISCO,20.39083333,-103.8108333
14350,EL ROSARIO,JALISCO,19.64861111,-103.9833333
14397,PRESA CALDERON,JALISCO,20.69583333,-102.9525
15003,ALMOLOYA DE JUAREZ,MÉXICO,19.36722222,-99.75888889
15001,ACAMBAY,MÉXICO,19.95666667,-99.84583333
15009,ATLACOMULCO (SMN),MÉXICO,19.8,-99.88333333
15004,ALMOLOYA DEL RIO (DGE),MÉXICO,19.15555556,-99.49166667
15006,AMATEPEC,MÉXICO,18.68305556,-100.1875
15005,AMANALCO DE BECERRA,MÉXICO,19.255,-100.0227778
15002,ACULCO (SMN),MÉXICO,20.1,-99.82
15023,CHIMALHUACAN,MÉXICO,19.39138889,-98.92222222
15007,AMECAMECA DE JUAREZ (DGE),MÉXICO,19.14055556,-98.77222222
15015,AMECAMECA DE JUAREZ (SMN),MÉXICO,19.13333333,-98.76666667
15012,BEJUCOS (CFE),MÉXICO,18.77638889,-100.4280556
15034,IXTAPAN DE LA SAL,MÉXICO,18.83777778,-99.74027778
15021,CHAPINGO,MÉXICO,19.49416667,-98.88861111
15019,COLONIA VICENTE GUERRERO,MÉXICO,19.59555556,-99.35472222
15016,COATEPEC HARINAS,MÉXICO,18.92305556,-99.76611111
15022,CHICONAUTLA,MÉXICO,19.65666667,-99.01722222
15031,HACIENDA SOLIS,MÉXICO,19.97111111,-100.0536111
15024,PRESA DANXHO,MÉXICO,19.88583333,-99.555
15018,COLONIA MANUEL A CAMACHO,MÉXICO,19.325,-98.76527778
15008,ATENCO,MÉXICO,19.54388889,-98.91277778
15027,EL SALITRE,MÉXICO,19.5,-99.3
15030,HACIENDA LA Y,MÉXICO,19.405,-99.56305556
15017,COATEPEC DE LOS OLIVOS,MÉXICO,19.38472222,-98.84611111
15020,CHALCO -SAN LUCAS-,MÉXICO,19.25833333,-98.89583333
15036,IXTLAHUACA (SMN),MÉXICO,19.56416667,-99.76
15028,EL TAJO -TUNEL VIEJO-,MÉXICO,19.90861111,-99.12638889
15013,CALACOAYA,MÉXICO,19.53416667,-99.23944444
15033,HUIXQUILUCAN,MÉXICO,19.36111111,-99.35083333
15048,LAS JUNTAS (CFE),MÉXICO,18.8625,-100.2363889
15010,ATOTONILCO,MÉXICO,19.46222222,-99.77555556
15032,HUEHUETOCA,MÉXICO,19.84861111,-99.2125
15037,JIQUIPILCO,MÉXICO,19.55916667,-99.6
15051,LOS VELAZQUEZ,MÉXICO,19.42388889,-99.86944444
15025,EJIDO DE LLANO GRANDE,MÉXICO,19.57277778,-99.665
15035,IXTAPAN DEL ORO,MÉXICO,19.26638889,-100.2661111
15045,LA MARQUESA,MÉXICO,19.29861111,-99.36861111
15055,MAQUIXCO,MÉXICO,19.78416667,-98.83222222
15038,JOQUICINGO,MÉXICO,19.05138889,-99.53194444
15058,MOLINITO,MÉXICO,19.45361111,-99.23833333
15044,LA GRANDE,MÉXICO,19.57611111,-98.91388889
15060,NEPANTLA,MÉXICO,18.99916667,-98.86222222
15042,GRAN CANAL KM 46+930,MÉXICO,19.8,-99.1
15050,LOS REYES,MÉXICO,19.35777778,-98.99166667
15059,MOLINO BLANCO,MÉXICO,19.4775,-99.22083333
15061,NEZAHUALCOYOTL,MÉXICO,19.41583333,-99.04555556
15029,EL TEJOCOTE,MÉXICO,19.86166667,-99.9175
15039,JUCHITEPEC,MÉXICO,19.08694444,-98.88472222
15049,LERMA,MÉXICO,19.28472222,-99.51194444
15067,PALMAR CHICO,MÉXICO,18.69027778,-100.3683333
15056,MEXICALCINGO,MÉXICO,19.20944444,-99.58861111
15053,MAGDALENA CHICHICASPA,MÉXICO,19.41805556,-99.32277778
15062,NEVADO DE TOLUCA,MÉXICO,19.11861111,-99.78138889
15052,LUVIANOS (CFE),MÉXICO,18.92,-100.2983333
15047,LAS ARBOLEDAS,MÉXICO,19.56277778,-99.21583333
15066,PALIZADA,MÉXICO,19.5075,-100.0977778
15041,GRAN CANAL KM 27+250,MÉXICO,19.56166667,-99.01944444
15011,ATARASQUILLO,MÉXICO,19.3175,-99.46805556
15054,MALINALCO,MÉXICO,18.9475,-99.49138889
15072,PRESA EMBAJOMUY,MÉXICO,19.71027778,-99.94527778
15063,NUEVA SANTA ELENA,MÉXICO,19.41111111,-99.69944444
15069,POLOTITLAN,MÉXICO,20.21916667,-99.84583333
15080,ATLAUTLA REPETIDORA,MÉXICO,19.01666667,-98.76666667
15068,PASO DEL COBRE (CFE),MÉXICO,18.88583333,-100.2291667
15079,PUENTE ANDARO,MÉXICO,19.90805556,-100.0233333
15091,SAN JOSE,MÉXICO,19.53722222,-98.78833333
15073,PRESA GUADALUPE,MÉXICO,19.62333333,-99.28222222
15082,RIO FRIO,MÉXICO,19.3525,-98.66972222
15057,MIMIAPAN,MÉXICO,19.44305556,-99.46444444
15046,PRESA COLORINES (CFE),MÉXICO,19.17638889,-100.2163889
15085,SAN BARTOLO DEL LLANO,MÉXICO,19.52444444,-99.74138889
15065,OTUMBA,MÉXICO,19.7,-98.75833333
15087,SAN FELIPE DEL PROGRESO (SMN),MÉXICO,19.71666667,-99.96166667
15081,REPRESA EL ALEMAN,MÉXICO,19.70444444,-99.21916667
15071,PRESA EL TIGRE,MÉXICO,19.78027778,-99.68638889
15076,PRESA TEPETITLAN,MÉXICO,19.6625,-99.95777778
15084,SAN ANDRES TIMILPAN,MÉXICO,19.875,-99.735
15075,PRESA LAS RUINAS,MÉXICO,19.58111111,-99.27833333
15090,SAN JERONIMO XONACAHUACAN,MÉXICO,19.75083333,-98.94944444
15077,PRESA TOTOLICA,MÉXICO,19.45277778,-99.28361111
15014,CAPULHUAC,MÉXICO,19.44083333,-99.54527778
15096,SAN MARCOS JILOTZINGO,MÉXICO,19.86666667,-99.05
15093,SAN LORENZO MALACOTA,MÉXICO,19.64694444,-99.61333333
15040,GRAN CANAL KM 02+120 BOMBAS,MÉXICO,19.60972222,-99.06
15092,SAN JUAN IXHUATEPEC,MÉXICO,19.52166667,-99.11444444
15102,SAN ONOFRE,MÉXICO,19.69194444,-100.0952778
15099,SAN MATEO ACUITLAPILCO,MÉXICO,19.76333333,-99.04388889
15088,SAN FRANCISCO OXTOTILPAN,MÉXICO,19.15583333,-99.90722222
15100,SAN MATEO TECOLOAPAN,MÉXICO,19.57083333,-99.2375
15098,SAN MARTIN OBISPO,MÉXICO,19.62166667,-99.19277778
15078,PRESA FRANCISCO TRINIDAD FABELA,MÉXICO,19.825,-99.79083333
15116,TEJUPILCO,MÉXICO,18.91972222,-100.1788889
15086,SAN BERNABE,MÉXICO,19.47611111,-99.71444444
15094,SAN LUIS AMECA,MÉXICO,19.19027778,-98.87083333
15111,SANTA MARIA NATIVITAS,MÉXICO,19.58333333,-99.58333333
15109,SANTA MARIA MAGDALENA CAHUACAN,MÉXICO,19.6375,-99.41388889
15074,PRESA LA CONCEPCION,MÉXICO,19.695,-99.30166667
15107,SANTA BARBARA (CFE),MÉXICO,19.20611111,-100.3247222
15105,SAN PEDRO TECHUCHULCO,MÉXICO,19.11444444,-99.52083333
15026,ENYEJE,MÉXICO,19.56388889,-99.85
15123,TEPETLAOXTOC,MÉXICO,19.58333333,-98.81666667
15114,SANTIAGO TLAZALA,MÉXICO,19.55805556,-99.41388889
15120,TOMA TECOMATEPEC,MÉXICO,18.94666667,-99.71777778
15106,SAN RAFAEL,MÉXICO,19.20777778,-98.75833333
15108,SANTA MARIA DEL MONTE,MÉXICO,19.30611111,-99.82472222
15095,SAN LUIS AYUCAN,MÉXICO,19.49527778,-99.36777778
15130,PRESA VALLE DEL BRAVO (CFE),MÉXICO,19.23333333,-100.1333333
15124,TEPEXPAN,MÉXICO,19.61138889,-98.92166667
15117,TEMASCALCINGO,MÉXICO,19.91972222,-100.0122222
15122,TENANGO,MÉXICO,19.10694444,-99.61722222
15112,SANTIAGO YECHE,MÉXICO,19.70444444,-99.70305556
15110,ACULCO (DGE),MÉXICO,20.1,-99.83333333
15115,SANTO TOMAS PUENTE COLGANTE,MÉXICO,19.77472222,-99.16694444
15128,TULTENANGO,MÉXICO,19.81194444,-100.0813889
15131,VILLA DE ALLENDE,MÉXICO,19.36666667,-100.0833333
15103,SAN PEDRO NEXAPA,MÉXICO,19.08361111,-98.73833333
15132,VILLA DEL CARBON,MÉXICO,19.71666667,-99.46666667
15136,ZACUALPAN,MÉXICO,18.71583333,-99.77611111
15140,PRESA CHILESDO,MÉXICO,19.3475,-100.1519444
15137,AMEALCO,MÉXICO,19.51805556,-99.11083333
15126,TOLUCA (OBS),MÉXICO,19.29111111,-99.71416667
15141,E.T.A. 032 TLALPITZAHUATL,MÉXICO,19.33166667,-98.90333333
15083,SAN ANDRES,MÉXICO,19.53194444,-98.91055556
15135,XOCHIHUACAN,MÉXICO,19.62388889,-98.67527778
15147,SAN BARTOLOME,MÉXICO,19.39833333,-99.31111111
15142,SAN MARCOS TLAZALPAN,MÉXICO,19.78583333,-99.71777778
15153,PRESA SAN JUAN,MÉXICO,19.57222222,-99.28694444
15150,SAN MATEO HUEXOTLA,MÉXICO,19.47694444,-98.87777778
15148,SAN FELIPE DEL PROGRESO (DGE),MÉXICO,19.7125,-99.95111111
15149,SAN LORENZO HUITZIZILAPA,MÉXICO,19.3975,-99.44833333
15121,TENANCINGO DE DEGOLLADO,MÉXICO,18.96083333,-99.59055556
15125,TEXCOCO (DGE),MÉXICO,19.50555556,-98.88194444
15156,SAN MIGUEL JAGÑEYES,MÉXICO,19.83583333,-99.28083333
15159,SANTIAGO AMATEPEC,MÉXICO,18.68305556,-100.1905556
15119,TEMOAYA,MÉXICO,19.46972222,-99.59305556
15129,TULTEPEC,MÉXICO,19.68416667,-99.12666667
15101,SAN MIGUEL TLAIXPAN,MÉXICO,19.51944444,-98.8125
15151,ZUMPANGO,MÉXICO,19.791692,-99.091894
15161,SULTEPEC (CFE),MÉXICO,18.75,-99.88333333
15162,SULTEPEC,MÉXICO,18.79166667,-99.96388889
15146,PUEBLO NUEVO,MÉXICO,19.89944444,-100.0458333
15165,VALLE DEL BRAVO,MÉXICO,19.1925,-100.1305556
15169,GOBERNADORA,MÉXICO,19.560156,-99.027075
15160,SANTIAGO DEL MONTE,MÉXICO,19.40083333,-99.945
15070,PRESA BROCKMAN,MÉXICO,19.76916667,-100.1402778
15158,SAN PEDRO DE LOS BAÑOS,MÉXICO,19.66916667,-99.83083333
15089,SAN FRANCISCO TLALCILALCALPAN,MÉXICO,19.29222222,-99.76777778
15154,VASO REGULADOR CARRETAS,MÉXICO,19.51527778,-99.17277778
15097,SAN MARTIN DE LAS PIRAMIDES,MÉXICO,19.70277778,-98.83388889
15145,PLAN LAGO DE TEXCOCO,MÉXICO,19.45055556,-98.93166667
15064,OXTHOC,MÉXICO,20.11972222,-99.54444444
15138,ATENCO (CFE),MÉXICO,19.56666667,-98.91666667
15167,EL TEJOCOTE,MÉXICO,19.44333333,-98.90277778
15155,TUNEL NUEVO,MÉXICO,19.955,-99.14611111
15118,TEMASCALTEPEC,MÉXICO,19.05805556,-100.0530556
15127,TOTOLICA SAN BARTOLO,MÉXICO,19.46555556,-99.24555556
15133,PRESA VILLA VICTORIA,MÉXICO,19.46111111,-100.0538889
15170,CHAPINGO (DGE),MÉXICO,19.48472222,-98.88638889
15176,ALMOLOYA DEL RIO (SMN),MÉXICO,19.16666667,-99.5
15174,PALO MANCORNADO,MÉXICO,19.2925,-99.92222222
15163,TEXCOCO (SMN),MÉXICO,19.51666667,-98.88333333
15180,LAS  ANIMAS,MÉXICO,18.835,-99.66388889
15188,LA MORA,MÉXICO,19.86666667,-99.16666667
15178,IXTAPANTONGO,MÉXICO,19.17305556,-100.2416667
15198,C.R.D.F. GUADALUPE VICTORIA,MÉXICO,18.91305556,-99.57361111
15189,LA CONCEPCION,MÉXICO,20.14666667,-99.91472222
15196,CHAPA DE MOTA,MÉXICO,19.81666667,-99.53333333
15200,PALMAR GRANDE,MÉXICO,18.57972222,-100.4069444
15183,EL ORO,MÉXICO,19.80916667,-100.1294444
15173,AHUATENCO,MÉXICO,18.94833333,-99.33138889
15191,SAN JUAN ZACAZONAPAN,MÉXICO,19.07444444,-100.2536111
15206,EL GUARDA,MÉXICO,19.79,-100.0975
15164,TOLUCA (DGE),MÉXICO,19.29166667,-99.63055556
15195,BEJUCOS,MÉXICO,18.78111111,-100.4363889
15187,PRESA HUAPANGO,MÉXICO,20.05444444,-99.69027778
15185,PRESA EL MOLINO,MÉXICO,20.12694444,-99.74055556
15190,PRESA SAN ILDEFONSO,MÉXICO,20.1975,-99.95638889
15184,EL ISLOTE,MÉXICO,18.96777778,-99.65611111
15192,TAXHIE,MÉXICO,20.22555556,-99.88916667
15207,EL MOLINO II,MÉXICO,19.26666667,-99.75
15194,AGOSTADERO,MÉXICO,20.04833333,-99.99472222
15193,PRESA TAXHIMAY I,MÉXICO,19.84166667,-99.4075
15208,POZO CUATRO,MÉXICO,19.71055556,-99.83027778
15205,DOLORES PRESA,MÉXICO,19.39916667,-99.90833333
15113,SANTIAGO TIANGUISTENCO,MÉXICO,19.175,-99.46666667
15214,IXTAPAN DE LA PANOCHA,MÉXICO,18.85555556,-100.1138889
15209,PRESA SAN JOAQUIN,MÉXICO,19.41666667,-99.23333333
15212,EL CIRUELO,MÉXICO,18.87694444,-100.1675
15222,COAXAPA,MÉXICO,19.15694444,-99.39444444
15203,CALIXTLAHUACA,MÉXICO,19.33888889,-99.68416667
15219,PRESA PINZANES (CFE),MÉXICO,19.11388889,-100.3830556
15210,SAN JUAN TOTOLAPAN,MÉXICO,19.52972222,-98.72666667
15199,MINA VIEJA,MÉXICO,19.55611111,-99.9475
15216,NOPALTEPEC,MÉXICO,19.78194444,-98.7125
15235,SAN MIGUEL TOTOLMOLOYA,MÉXICO,18.72361111,-99.94583333
15232,SAN BARTOLO DEL PROGRESO,MÉXICO,19.10638889,-99.41027778
15201,TROJES,MÉXICO,19.42805556,-99.6125
15229,LOMA ALTA,MÉXICO,19.17194444,-99.80611111
15217,SAN JUAN ACAZUCHITLAN,MÉXICO,20.14,-99.6025
15211,NUEVA OXTOTITLAN,MÉXICO,19.27888889,-99.68583333
15225,JILOTEPEC,MÉXICO,19.95805556,-99.53166667
15242,SAN PEDRO ATLAPULCO,MÉXICO,19.24305556,-99.39222222
15239,SAN ANTONIO TROJES,MÉXICO,19.75305556,-99.64
15247,LA CIENEGA,MÉXICO,19.63555556,-100.0388889
15228,LA LAGUNILLA,MÉXICO,19.09666667,-99.40694444
15104,SAN PEDRO POTLA,MÉXICO,19.855,-99.96777778
15231,PRESA ITURBIDE,MÉXICO,19.52944444,-99.46416667
15223,PUENTE CAPORAL,MÉXICO,18.90277778,-99.455
15233,SAN NICOLAS MAVATI,MÉXICO,19.58666667,-99.94555556
15246,JILOTZINGO,MÉXICO,19.53777778,-99.39638889
15243,PRESA JUANACATLAN,MÉXICO,19.91305556,-100.0777778
15237,TEQUESQUIPAN,MÉXICO,19.05694444,-99.94583333
15253,ALMOLOYA DE ALQUISIRAS E-14,MÉXICO,18.86222222,-99.89305556
15218,SAN PEDRO LIMON,MÉXICO,18.57861111,-100.3072222
15238,SANTA MARIA DEL LLANO,MÉXICO,19.51472222,-99.72861111
15240,SAN FRANCISCO PUTLA,MÉXICO,19.11888889,-99.63194444
15236,OCOYOTEPEC,MÉXICO,19.49388889,-99.84166667
15256,OCUILAN E-23,MÉXICO,18.99083333,-99.42083333
15261,EL JAZMIN,MÉXICO,20.02083333,-99.88
15262,ESCUELA SEC. 8 MANUEL BERNAL,MÉXICO,19.28305556,-99.66833333
15259,AGUA BENDITA,MÉXICO,18.98472222,-99.85638889
15241,SAN PEDRO TENAYAC,MÉXICO,19.0475,-100.1766667
15244,MUYTEJE,MÉXICO,20.02194444,-99.93083333
15252,ATLAUTLA E-9,MÉXICO,19.02694444,-98.77972222
15245,LA JORDANA,MÉXICO,19.79611111,-99.995
15265,CAMPAMENTO LOS BERROS,MÉXICO,19.38944444,-100.0758333
15264,BUENOS AIRES,MÉXICO,19.61638889,-99.66833333
15255,IXTLAHUACA VILLADA E-30,MÉXICO,18.92027778,-99.80111111
15248,COATEPEQUITO,MÉXICO,18.75027778,-99.62222222
15266,CODAGEM,MÉXICO,19.24833333,-99.57555556
15271,MINA MEXICO,MÉXICO,19.41055556,-99.72722222
15270,MEYUCA,MÉXICO,18.85111111,-99.78138889
15267,CHICHILPA,MÉXICO,19.71944444,-100.0419444
15139,ATLACOMULCO I (DGE),MÉXICO,19.79583333,-99.88111111
15254,EL MOLINO E-16,MÉXICO,18.98972222,-99.75583333
15279,SANTIAGO COACHOCHITLAN,MÉXICO,19.85777778,-100.0080556
15268,IXTAPALUCA,MÉXICO,19.31722222,-98.88222222
15260,SAN LUCAS TOTOLMALOYA,MÉXICO,20.08416667,-99.90694444
15273,PRESA ÑADO,MÉXICO,20.03861111,-99.86444444
15277,SAN MIGUEL TENOCHTITLAN,MÉXICO,19.75805556,-99.92138889
15281,TLAPANALOYA TEQUISQUIAPAN,MÉXICO,18.82611111,-99.66944444
15177,ACATITLAN (CFE),MÉXICO,19.00916667,-100.2888889
15272,EL MIRADOR,MÉXICO,18.80694444,-99.77916667
15251,ATLACOMULCO II (DGE),MÉXICO,19.7975,-99.87444444
15276,SAN JOSE DEL CONTADERO,MÉXICO,19.23444444,-99.80805556
15278,SANTIAGO ACUTZILAPAN,MÉXICO,19.76027778,-99.75861111
15291,REAL DE ARRIBA E-32,MÉXICO,19.04194444,-100.0166667
15284,ACUITLAPILCO E-16,MÉXICO,18.90555556,-99.78666667
15263,ACOLMAN,MÉXICO,19.64,-98.91277778
15289,EL MOLINO III A-9,MÉXICO,19.28388889,-99.74833333
15274,NOPALA,MÉXICO,19.93777778,-99.01194444
15186,E.T.A. 193 TEJUPILCO A-8,MÉXICO,18.86666667,-100.1666667
15300,SANTA MARTHA E-29,MÉXICO,19.06027778,-99.38083333
15304,XONACATLAN,MÉXICO,19.39416667,-99.52472222
15288,ECATZINGO E-8,MÉXICO,18.95583333,-98.75277778
15297,SAN SIMONITO E-19,MÉXICO,18.9525,-99.55194444
15166,CERCADA NORTE,MÉXICO,18.87861111,-99.78444444
15283,LA UNION RIVAPALACIO,MÉXICO,18.82611111,-99.82
15307,SAN BARTOLOME D-5,MÉXICO,19.00444444,-99.67416667
15282,TRES BARRANCAS,MÉXICO,19.34083333,-99.79833333
15275,LOS PEREZ,MÉXICO,18.7525,-99.85194444
15280,TLALMANALCO,MÉXICO,19.20388889,-98.80333333
15293,SAN JUAN DE LAS HUERTAS,MÉXICO,19.2375,-99.76416667
15310,SAN PEDRO EL ALTO,MÉXICO,19.91027778,-99.95972222
15286,CIENEGUILLAS DE LABRA E-27,MÉXICO,18.99638889,-99.91666667
15287,LA COMUNIDAD  D-8,MÉXICO,19.13472222,-99.93
15299,SANTA MARIA E-31,MÉXICO,18.98833333,-99.64944444
15292,SAN FRANCISCO TEPEXOXUCA E-20,MÉXICO,19.05638889,-99.54833333
15313,SAN PEDRO ZICTEPEC,MÉXICO,19.03444444,-99.57722222
15134,VIVERO LA PAZ,MÉXICO,18.89416667,-99.64305556
15298,SANTA CRUZ TEZONTEPEC E-21,MÉXICO,19.06305556,-99.38611111
15295,SAN PEDRO ZICTEPEC D-10,MÉXICO,19.11916667,-99.55194444
15318,SANTA ANA JILOTZINGO,MÉXICO,19.53888889,-99.39694444
15311,CALPULALPAN,MÉXICO,20.055,-99.63555556
15323,LA GOLETA,MÉXICO,18.67388889,-100.0986111
15296,SAN SEBASTIAN E-27,MÉXICO,18.97388889,-99.48472222
15285,CAJONES E-26,MÉXICO,19.05333333,-99.87888889
15305,TOTOLMAJAC E-17,MÉXICO,18.91694444,-99.68472222
15301,TEXCALTITLAN D-7,MÉXICO,18.93055556,-99.93388889
15316,SANTA MARIA RAYON,MÉXICO,19.14638889,-99.57972222
15315,CASETA EPCCA,MÉXICO,19.28583333,-99.52361111
15308,SAN CRISTOBAL DE LOS BAÑOS,MÉXICO,19.68944444,-99.87166667
15320,LA CABECERA,MÉXICO,18.89194444,-100.155
15314,LA ALMENDRA,MÉXICO,19.81222222,-99.56666667
15322,ASUNCION DONATO GUERRA,MÉXICO,19.30888889,-100.1511111
15227,CONCEPCION DEL MONTE,MÉXICO,19.65,-100.1333333
15326,EL MAMEY,MÉXICO,18.995,-100.2283333
15324,COLONIA HIDALGO,MÉXICO,18.79583333,-99.4675
15331,NUEVO COPALTEPEC,MÉXICO,18.38361111,-100.2858333
15338,RIO LOS SABIOS,MÉXICO,19.79416667,-99.39861111
15330,EL NARANJO,MÉXICO,18.50222222,-100.3244444
15339,RINCON DEL POTRERO,MÉXICO,18.82111111,-100.4602778
15332,OTZOLOAPAN,MÉXICO,19.11694444,-100.295
15329,MOCTEZUMA,MÉXICO,18.48777778,-100.2236111
15317,SAN JOSE EPIFANIA,MÉXICO,19.71305556,-99.62861111
15312,COLONIA ALVARO OBREGON,MÉXICO,19.37777778,-99.49583333
15334,PALO SECO,MÉXICO,19.52722222,-100.1597222
15335,LAS PEÑAS PUENTECILLAS,MÉXICO,18.74972222,-100.0755556
15337,POZO UNO,MÉXICO,19.59416667,-99.75416667
15230,PALO AMARILLO,MÉXICO,19.65,-100.2166667
15345,SAN NICOLAS AMEALCO,MÉXICO,19.32972222,-99.8775
15344,SAN MATEO EL VIEJO,MÉXICO,19.91305556,-99.90805556
15348,TLACOTEPEC A. PUENTE VIEJO,MÉXICO,18.72777778,-100.2230556
15349,TLATLAYA,MÉXICO,18.61333333,-100.2088889
15336,PEÑA LISA TEOCALCINGO,MÉXICO,18.68305556,-99.85027778
15341,SAN ANTONIO NIXINI,MÉXICO,19.6725,-99.68333333
15354,EL CAPULIN,MÉXICO,19.13555556,-99.29111111
15327,MATUZ -ANTES CORRAL VIEJO,MÉXICO,18.69166667,-100.4302778
15357,LAS PALMAS,MÉXICO,18.90805556,-100.4447222
15358,LAS PALOMAS,MÉXICO,19.55,-99.48333333
15197,CUESTA DEL CARMEN,MÉXICO,19.46277778,-100.1977778
15362,PUERTO SANTIAGO,MÉXICO,18.74277778,-99.73388889
15258,SAN ANTONIO BUENAVISTA,MÉXICO,19.25861111,-99.71027778
15346,EL SITIO,MÉXICO,18.77055556,-100.2572222
15363,PUEBLO NUEVO,MÉXICO,19.78333333,-100.0166667
15333,EL PALMITO,MÉXICO,19.91722222,-99.68
15369,C. B. T. A.  JALATLACO,MÉXICO,19.17972222,-99.42166667
15355,DOSHTAJE,MÉXICO,19.96666667,-99.95
15353,BUENA VISTA,MÉXICO,19.00777778,-100.0430556
15364,SAN FRANCISCO MONZONES,MÉXICO,18.67888889,-100.3327778
15356,JALPA,MÉXICO,18.82388889,-100.1255556
15269,JIQUIPILCO EL VIEJO,MÉXICO,19.51444444,-99.55305556
15359,POTZONTEPEC,MÉXICO,18.73694444,-99.87666667
15376,SAN JOSE IXTAPA,MÉXICO,19.97805556,-100.0930556
15350,LA TROJA VIEJA,MÉXICO,18.75861111,-99.9925
15361,POZO OCHO,MÉXICO,19.95555556,-99.74555556
15365,SAN GASPAR,MÉXICO,18.81444444,-99.625
15373,RANCHO VILLA VERDE,MÉXICO,19.13888889,-99.60972222
15328,MAZATEPEC,MÉXICO,18.89305556,-100.1022222
15374,AGUA BENDITA,MÉXICO,19.26722222,-99.95027778
15368,EL FRESNO,MÉXICO,19.14611111,-100.0627778
15294,SAN PEDRO TLANIXCO E-18,MÉXICO,19.06666667,-99.65
15378,SAN PABLO MALACATEPEC,MÉXICO,19.37027778,-100.1569444
15347,TEPETITLAN,MÉXICO,19.6525,-99.88666667
15371,PORFIRIO DIAZ,MÉXICO,18.92861111,-99.72861111
15366,ZUMPAHUACAN,MÉXICO,18.81583333,-99.55944444
15372,IXTLAHUACA (DGE),MÉXICO,19.56888889,-99.76694444
15367,OBSERVATORIO UAEM,MÉXICO,19.28527778,-99.65277778
15383,LAGO NABOR CARRILLO,MÉXICO,19.47222222,-98.99166667
15388,YEBUCIVI,MÉXICO,19.50472222,-99.90666667
15306,CHAPULTEPEC,MÉXICO,19.20472222,-99.55027778
15398,LOS REYES -RIO LA COMPAÑÍA-,MÉXICO,19.29055556,-98.89361111
15391,E. T. A. 026 VILLA VICTORIA,MÉXICO,19.45611111,-100.0694444
15392,LA ALBARRADA,MÉXICO,19.0675,-100.0783333
15396,COLONIA EMILIANO ZAPATA,MÉXICO,19.39138889,-99.52527778
15394,MONTE DE PEÑA,MÉXICO,19.73194444,-99.5475
15395,ZOOLOGICO DE ZACANGO,MÉXICO,19.19833333,-99.64833333
15390,E. T. A. 013 JOCOTITLAN,MÉXICO,19.71111111,-99.78888889
15393,LA CAÑADA,MÉXICO,19.78166667,-99.4725
15321,CORRAL DE PIEDRA,MÉXICO,18.57055556,-100.2405556
15340,EL SALTO,MÉXICO,18.78,-99.83416667
15397,RINCON DEL CARMEN,MÉXICO,19.39361111,-99.5175
15360,POZO SIETE,MÉXICO,19.93111111,-99.88055556
15399,SAN VICENTE CHICOLOAPAN,MÉXICO,19.428178,-98.884558
16004,ALVARO OBREGON (SMN),MICHOACÁN DE OCAMPO,19.81666667,-101.0333333
16019,CERRITO PELON,MICHOACÁN DE OCAMPO,19.96666667,-102.7
16011,BUENAVISTA I,MICHOACÁN DE OCAMPO,19.20888889,-102.5869444
16002,AGOSTITLAN (CFE),MICHOACÁN DE OCAMPO,19.53694444,-100.6183333
16001,ACUITZIO DEL CANJE,MICHOACÁN DE OCAMPO,19.49888889,-101.3447222
16012,CAJONES,MICHOACÁN DE OCAMPO,19.21,-101.9116667
16013,CALETA DE CAMPOS,MICHOACÁN DE OCAMPO,18.08333333,-102.75
16018,CASA FUERTE,MICHOACÁN DE OCAMPO,20.06666667,-102.6833333
16015,CARAPAN,MICHOACÁN DE OCAMPO,19.86027778,-102.0372222
16014,CAMECUARO,MICHOACÁN DE OCAMPO,19.91666667,-102.2125
16006,ANTUNEZ,MICHOACÁN DE OCAMPO,19.0125,-102.2
16005,ANGAMACUTIRO,MICHOACÁN DE OCAMPO,20.14972222,-101.7083333
16010,BARTOLINAS (CFE),MICHOACÁN DE OCAMPO,19.2,-101.4333333
16009,ARTEAGA,MICHOACÁN DE OCAMPO,18.35,-102.2833333
16038,EL CARRIZO,MICHOACÁN DE OCAMPO,19.02166667,-102.9994444
16040,EL GIGANTE,MICHOACÁN DE OCAMPO,19.96916667,-100.4525
16003,AGUILILLA,MICHOACÁN DE OCAMPO,18.73333333,-102.75
16008,AQUILA,MICHOACÁN DE OCAMPO,18.736944,-102.788333
16021,COALCOMAN (CFE),MICHOACÁN DE OCAMPO,18.78333333,-103.1666667
16035,CHURUMUCO (CFE),MICHOACÁN DE OCAMPO,18.65972222,-101.6433333
16034,EL JACAL (SMN),MICHOACÁN DE OCAMPO,19.88666667,-101.3355556
16025,COTIJA,MICHOACÁN DE OCAMPO,19.71666667,-102.6666667
16032,CHARAPAN,MICHOACÁN DE OCAMPO,19.7,-102.2
16023,COPANDARO DE GALEANA,MICHOACÁN DE OCAMPO,19.89222222,-101.2136111
16026,CUATRO CAMINOS,MICHOACÁN DE OCAMPO,18.98805556,-102.1030556
16037,EL CAJON (CFE),MICHOACÁN DE OCAMPO,18.96666667,-102.75
16046,EL VASO INFIERNILLO (CFE),MICHOACÁN DE OCAMPO,18.52,-101.9175
16029,CUIMATILLO,MICHOACÁN DE OCAMPO,20.13333333,-102.6666667
16016,CARRILLO PUERTO,MICHOACÁN DE OCAMPO,19.89722222,-101.0380556
16036,PRESA EL BOSQUE (CFE),MICHOACÁN DE OCAMPO,19.38333333,-100.3833333
16033,CHINCUA,MICHOACÁN DE OCAMPO,19.7725,-100.2883333
16028,CUITZILLO GRANDE,MICHOACÁN DE OCAMPO,19.76666667,-101.1194444
16041,EL PEJO,MICHOACÁN DE OCAMPO,18.68333333,-100.95
16007,APATZINGAN (SMN),MICHOACÁN DE OCAMPO,19.08861111,-102.3508333
16017,CASA BLANCA,MICHOACÁN DE OCAMPO,20.31944444,-101.4591667
16053,SAN SEBASTIAN,MICHOACÁN DE OCAMPO,19.57194444,-102.4816667
16022,COINTZIO,MICHOACÁN DE OCAMPO,19.625,-101.2811111
16031,CHAPARACO,MICHOACÁN DE OCAMPO,19.97361111,-102.2652778
16030,CUIMATO,MICHOACÁN DE OCAMPO,20.25777778,-102.5894444
16049,ETUCUARO,MICHOACÁN DE OCAMPO,19.38333333,-101.2166667
16050,HUANIQUEO,MICHOACÁN DE OCAMPO,19.89916667,-101.5047222
16047,EL ZAPOTE,MICHOACÁN DE OCAMPO,18.91416667,-101.7177778
16043,EL PUERTO,MICHOACÁN DE OCAMPO,19.80111111,-102.6702778
16020,CIUDAD HIDALGO (DGE),MICHOACÁN DE OCAMPO,19.69166667,-100.5536111
16069,LA ESTANCIA,MICHOACÁN DE OCAMPO,18.55861111,-101.1125
16039,PIEDRAS BLANCAS,MICHOACÁN DE OCAMPO,19.24694444,-102.7686111
16059,LA CAIMANERA (CFE),MICHOACÁN DE OCAMPO,18.46444444,-100.8908333
16044,EL SALTO,MICHOACÁN DE OCAMPO,20.37555556,-102.1188889
16048,ZAMORA (DGE),MICHOACÁN DE OCAMPO,19.98555556,-102.2830556
16056,JICALAN (CFE),MICHOACÁN DE OCAMPO,19.39361111,-102.07
16062,LA HUACANA,MICHOACÁN DE OCAMPO,18.96222222,-101.8063889
16054,IXTLAN DE LOS HERVORES (CFE),MICHOACÁN DE OCAMPO,20.16666667,-102.3925
16057,VILLA JIMENEZ I,MICHOACÁN DE OCAMPO,19.9225,-101.7466667
16051,HUETAMO,MICHOACÁN DE OCAMPO,18.62694444,-100.8972222
16060,LA ESTANZUELA,MICHOACÁN DE OCAMPO,20.12083333,-102.3694444
16024,CORRALES,MICHOACÁN DE OCAMPO,20.20722222,-101.8616667
16067,LA RAYA,MICHOACÁN DE OCAMPO,20.053889,-102.861667
16027,CUITZEO,MICHOACÁN DE OCAMPO,19.95611111,-101.1380556
16068,LAS FUENTES,MICHOACÁN DE OCAMPO,20.05166667,-102.8372222
16083,PAJACUARAN,MICHOACÁN DE OCAMPO,20.11666667,-102.5666667
16052,HUINGO,MICHOACÁN DE OCAMPO,19.92111111,-100.8622222
16076,LOS POZOS,MICHOACÁN DE OCAMPO,18.42944444,-102.2458333
16055,JESUS DEL MONTE,MICHOACÁN DE OCAMPO,19.65166667,-101.1513889
16070,VASO LA VILLITA (CFE),MICHOACÁN DE OCAMPO,18.04972222,-102.1972222
16061,LAGUNA DEL FRESNO,MICHOACÁN DE OCAMPO,19.81638889,-100.4155556
16077,LOS REYES,MICHOACÁN DE OCAMPO,19.58333333,-102.4833333
16058,JUNGAPEO,MICHOACÁN DE OCAMPO,19.45833333,-100.4941667
16065,LA PIEDAD DE CABADAS (DGE),MICHOACÁN DE OCAMPO,20.33722222,-102.0213889
16045,EL TEMAZCAL,MICHOACÁN DE OCAMPO,19.65055556,-100.955
16078,MARAVATIO,MICHOACÁN DE OCAMPO,19.89277778,-100.4425
16085,PARACUARO,MICHOACÁN DE OCAMPO,19.15,-102.225
16086,PASTOR ORTIZ,MICHOACÁN DE OCAMPO,20.30555556,-101.5972222
16075,LOS PINZANES (CFE),MICHOACÁN DE OCAMPO,18.54333333,-101.1038889
16064,LA PASTORIA (CFE),MICHOACÁN DE OCAMPO,18.93027778,-102.0566667
16073,LOS LIMONES (CFE),MICHOACÁN DE OCAMPO,19.60166667,-102.5280556
16082,NUEVA ITALIA (CFE),MICHOACÁN DE OCAMPO,19.06555556,-102.0863889
16102,PUNTA SAN TELMO,MICHOACÁN DE OCAMPO,18.48333333,-103.5166667
16079,MELCHOR OCAMPO,MICHOACÁN DE OCAMPO,19.58333333,-100.3333333
16071,LOS AZUFRES,MICHOACÁN DE OCAMPO,19.76666667,-100.65
16089,PLANTA EL COBANO (CFE),MICHOACÁN DE OCAMPO,19.15944444,-102.0105556
16093,PRESA GONZALO,MICHOACÁN DE OCAMPO,20.30083333,-102.4386111
16074,LOS PANCHES (CFE),MICHOACÁN DE OCAMPO,18.84861111,-102.1333333
16066,LA PIEDAD DE CABADAS (SMN),MICHOACÁN DE OCAMPO,20.33861111,-102.0247222
16090,PIEDRAS BLANCAS (CFE),MICHOACÁN DE OCAMPO,19.24666667,-102.7683333
16101,PUNTA DE AGUA,MICHOACÁN DE OCAMPO,19.21111111,-102.6833333
16100,PUENTE SAN ISIDRO,MICHOACÁN DE OCAMPO,19.86583333,-101.5188889
16094,PRESA GUARACHA,MICHOACÁN DE OCAMPO,19.96055556,-102.5844444
16080,MORELIA (OBS),MICHOACÁN DE OCAMPO,19.7,-101.1833333
16087,PATZCUARO,MICHOACÁN DE OCAMPO,19.51638889,-101.6097222
16110,SAN JERONIMO (CFE),MICHOACÁN DE OCAMPO,18.53083333,-101.3263889
16103,PUREPERO,MICHOACÁN DE OCAMPO,19.915,-102.0177778
16114,SAN MIGUEL DEL MONTE,MICHOACÁN DE OCAMPO,19.62027778,-101.1341667
16107,SAN CARLOS I,MICHOACÁN DE OCAMPO,19.24555556,-100.79
16072,LOS CHORROS DEL VARAL (CFE),MICHOACÁN DE OCAMPO,19.52,-102.5702778
16063,LA PALMA,MICHOACÁN DE OCAMPO,20.14527778,-102.7683333
16084,PANINDICUARO,MICHOACÁN DE OCAMPO,19.975,-101.7594444
16098,PRESA SABANETA,MICHOACÁN DE OCAMPO,19.61055556,-100.6691667
16115,SAN NICOLASITO,MICHOACÁN DE OCAMPO,19.91944444,-100.4061111
16104,PURUANDIRO,MICHOACÁN DE OCAMPO,20.08805556,-101.5158333
16109,SAN DIEGO CURUPATZEO,MICHOACÁN DE OCAMPO,19.33333333,-101.1833333
16113,SAN LUCAS,MICHOACÁN DE OCAMPO,18.56666667,-100.7833333
16092,PRESA AGOSTITLAN,MICHOACÁN DE OCAMPO,19.56666667,-100.6
16097,PRESA PUCUATO,MICHOACÁN DE OCAMPO,19.62222222,-100.6855556
16091,ALVARO OBREGON (DGE),MICHOACÁN DE OCAMPO,19.82333333,-101.0383333
16108,SAN CRISTOBAL,MICHOACÁN DE OCAMPO,20.18833333,-102.4333333
16117,SANTA FE DEL RIO,MICHOACÁN DE OCAMPO,20.20194444,-101.8269444
16119,SANTA RITA,MICHOACÁN DE OCAMPO,19.90388889,-101.2611111
16128,TEPACALTEPEC,MICHOACÁN DE OCAMPO,19.18333333,-102.8333333
16112,SAN JUAN DE ALIMA,MICHOACÁN DE OCAMPO,18.58305556,-103.6747222
16131,TICUITACO,MICHOACÁN DE OCAMPO,20.3,-102.0166667
16116,SAN SEBASTIAN,MICHOACÁN DE OCAMPO,19.84027778,-100.9416667
16088,PERIBAN,MICHOACÁN DE OCAMPO,19.52111111,-102.415
16132,TIQUICHEO (CFE),MICHOACÁN DE OCAMPO,18.9,-100.7372222
16105,QUIRIO,MICHOACÁN DE OCAMPO,19.7975,-100.995
16118,SANTA FE,MICHOACÁN DE OCAMPO,19.67305556,-101.5561111
16096,PRESA MALPAIS,MICHOACÁN DE OCAMPO,19.82638889,-100.8788889
16125,TANGANCICUARO,MICHOACÁN DE OCAMPO,19.88888889,-102.205
16106,SAN ANGEL,MICHOACÁN DE OCAMPO,19.86,-102.5486111
16111,SAN JOSE,MICHOACÁN DE OCAMPO,19.9075,-100.3191667
16129,TEPUXTEPEC,MICHOACÁN DE OCAMPO,19.99666667,-100.2302778
16144,ZAMORA (SMN),MICHOACÁN DE OCAMPO,19.985,-102.2830556
16120,SANTIAGO UNDAMEO,MICHOACÁN DE OCAMPO,19.60277778,-101.32
16133,TURICATO,MICHOACÁN DE OCAMPO,19.05361111,-101.4205556
16099,PRESA TUXPAN (CFE),MICHOACÁN DE OCAMPO,19.56277778,-100.4761111
16135,TUZANTLA (SMN),MICHOACÁN DE OCAMPO,19.21666667,-100.5833333
16095,PRESA JARIPO,MICHOACÁN DE OCAMPO,19.95833333,-102.6
16143,ZAMORA (OBS),MICHOACÁN DE OCAMPO,20.01111111,-102.2805556
16147,ZIRITZICUARO,MICHOACÁN DE OCAMPO,18.9,-102.0
16151,ARTEAGA (CFE),MICHOACÁN DE OCAMPO,18.35527778,-102.2908333
16152,CIUDAD HIDALGO (SMN),MICHOACÁN DE OCAMPO,19.71666667,-100.55
16138,URUAPAN (DGE),MICHOACÁN DE OCAMPO,19.38472222,-102.0583333
16126,TANHUATO (SMN),MICHOACÁN DE OCAMPO,20.26666667,-102.35
16139,VILLA MADERO,MICHOACÁN DE OCAMPO,19.4,-101.2666667
16157,CHILA,MICHOACÁN DE OCAMPO,18.93333333,-102.6166667
16121,SENGUIO,MICHOACÁN DE OCAMPO,19.73277778,-100.3522222
16163,TUZANTLA (DGE),MICHOACÁN DE OCAMPO,19.20583333,-100.5747222
16137,UREPETIRO,MICHOACÁN DE OCAMPO,19.975,-102.1269444
16081,MORELIA,MICHOACÁN DE OCAMPO,19.68861111,-101.1761111
16141,YURECUARO,MICHOACÁN DE OCAMPO,20.3375,-102.2830556
16146,ZIRAHUEN,MICHOACÁN DE OCAMPO,19.45416667,-101.7319444
16149,APATZINGAN (DGE),MICHOACÁN DE OCAMPO,19.08333333,-102.35
16145,ZINAPECUARO,MICHOACÁN DE OCAMPO,19.85861111,-100.8272222
16168,ARIO DE ROSALES,MICHOACÁN DE OCAMPO,19.2,-101.7333333
16123,TACAMBARO,MICHOACÁN DE OCAMPO,19.23555556,-101.4569444
16154,COALCOMAN (SMN),MICHOACÁN DE OCAMPO,18.76666667,-103.15
16140,VILLA MADERO (CFE),MICHOACÁN DE OCAMPO,19.39,-101.2775
16122,SUSUPUATO DE GUERRERO,MICHOACÁN DE OCAMPO,19.21472222,-100.4066667
16127,TARETAN (CFE),MICHOACÁN DE OCAMPO,19.33555556,-101.9180556
16162,ORANDINO,MICHOACÁN DE OCAMPO,19.96666667,-102.325
16150,APATZINGAN (CFE),MICHOACÁN DE OCAMPO,19.09166667,-102.35
16153,COALCOMAN (DGE),MICHOACÁN DE OCAMPO,18.76944444,-103.1527778
16156,CHARAPENDO,MICHOACÁN DE OCAMPO,19.26666667,-102.0666667
16136,TZITZIO,MICHOACÁN DE OCAMPO,19.5825,-100.9238889
16161,LA VILLITA,MICHOACÁN DE OCAMPO,18.04583333,-102.1883333
16170,COJUMATLAN,MICHOACÁN DE OCAMPO,20.14361111,-102.8508333
16148,ZITACUARO,MICHOACÁN DE OCAMPO,19.43333333,-100.3666667
16165,URUAPAN (CFE),MICHOACÁN DE OCAMPO,19.395,-102.0519444
16189,C.R.E.D.F.F.A.,MICHOACÁN DE OCAMPO,19.53333333,-100.2333333
16187,E.T.A. 139 CARACUARO,MICHOACÁN DE OCAMPO,19.0,-101.1166667
16124,TEMASCALES,MICHOACÁN DE OCAMPO,20.05083333,-100.1494444
16155,COPANDARO (CFE),MICHOACÁN DE OCAMPO,19.89972222,-101.6591667
16134,TUXPAN,MICHOACÁN DE OCAMPO,19.56666667,-100.45
16169,LA GARITA (CFE),MICHOACÁN DE OCAMPO,18.40611111,-102.2591667
16142,ZACAPU (DGE),MICHOACÁN DE OCAMPO,19.80527778,-101.795
16185,COAHUAYANA,MICHOACÁN DE OCAMPO,18.75166667,-103.6691667
16178,E.N.G.F. URUAPAN,MICHOACÁN DE OCAMPO,19.38333333,-102.0333333
16183,MELCHOR OCAMPO,MICHOACÁN DE OCAMPO,18.01666667,-102.2
16190,ARCEO,MICHOACÁN DE OCAMPO,18.72,-102.2688889
16175,TEPUXTEPEC (CFE),MICHOACÁN DE OCAMPO,19.98916667,-100.225
16193,E.T.A. 036 LA HUACANA,MICHOACÁN DE OCAMPO,18.95361111,-101.8097222
16158,EL CAJON,MICHOACÁN DE OCAMPO,18.97083333,-102.75
16174,SAHUAYO,MICHOACÁN DE OCAMPO,20.05694444,-102.7238889
16203,ESCUELA SECUNDARIA FEDERAL,MICHOACÁN DE OCAMPO,19.50833333,-101.8583333
16186,EMILIANO ZAPATA,MICHOACÁN DE OCAMPO,19.99194444,-102.6186111
16195,E.T.A. 137 COAHUAYANA,MICHOACÁN DE OCAMPO,18.68333333,-103.6666667
16191,CUATRO ESQUINAS,MICHOACÁN DE OCAMPO,20.20611111,-102.5891667
16194,E.T.A. 039 TOCUMBO,MICHOACÁN DE OCAMPO,19.70194444,-102.5202778
16204,E.T.A. 132 VILLAMAR,MICHOACÁN DE OCAMPO,20.03333333,-102.55
16188,TIRINDARO,MICHOACÁN DE OCAMPO,19.76666667,-101.7416667
16171,ZACAPU (SMN),MICHOACÁN DE OCAMPO,19.81666667,-101.7833333
16196,SAN GREGORIO,MICHOACÁN DE OCAMPO,20.18333333,-102.5333333
16206,SAN JOSE PURUA,MICHOACÁN DE OCAMPO,19.48333333,-100.4833333
16212,BARRANCA DE CUPATITZIO,MICHOACÁN DE OCAMPO,19.46666667,-102.0833333
16192,LA ENCARNACION,MICHOACÁN DE OCAMPO,19.41277778,-100.3938889
16198,LA ARENA,MICHOACÁN DE OCAMPO,20.2,-102.6666667
16197,JIQUILPAN,MICHOACÁN DE OCAMPO,20.0,-102.7
16216,BUENAVISTA II,MICHOACÁN DE OCAMPO,19.20944444,-102.5863889
16213,IRIMBO,MICHOACÁN DE OCAMPO,19.69916667,-100.4783333
16208,CACHAN,MICHOACÁN DE OCAMPO,18.27777778,-103.2233333
16223,LA ESPERANZA,MICHOACÁN DE OCAMPO,20.05361111,-102.4111111
16164,URUAPAN (SMN),MICHOACÁN DE OCAMPO,19.41666667,-102.0666667
16159,EL ROSARIO,MICHOACÁN DE OCAMPO,20.12861111,-101.7488889
16217,EL CANTIL,MICHOACÁN DE OCAMPO,18.01666667,-102.4166667
16222,LA RINCONADA,MICHOACÁN DE OCAMPO,20.04333333,-102.2872222
16221,FRUTICULTORES,MICHOACÁN DE OCAMPO,19.87305556,-100.8144444
16229,ADJUNTAS,MICHOACÁN DE OCAMPO,19.91333333,-102.2038889
16224,TANHUATO (DGE),MICHOACÁN DE OCAMPO,20.28194444,-102.3319444
16227,LAZARO CARDENAS,MICHOACÁN DE OCAMPO,18.03361111,-102.1958333
16228,ACAHUATO,MICHOACÁN DE OCAMPO,19.14777778,-102.3325
16241,TAFETAN,MICHOACÁN DE OCAMPO,19.42388889,-100.9072222
16236,EL JOVERO,MICHOACÁN DE OCAMPO,18.57777778,-102.7963889
16242,TUMBISCATIO,MICHOACÁN DE OCAMPO,18.54222222,-102.375
16238,MELCHOR OCAMPO,MICHOACÁN DE OCAMPO,19.09555556,-100.6586111
16237,EL LIMON,MICHOACÁN DE OCAMPO,18.93083333,-100.5647222
16239,MEXCALHUACAN,MICHOACÁN DE OCAMPO,18.07916667,-102.6561111
16233,EPITACIO HUERTA,MICHOACÁN DE OCAMPO,20.14916667,-100.2972222
16245,SAN CARLOS II,MICHOACÁN DE OCAMPO,19.24166667,-100.7897222
16232,EL DEVANADOR,MICHOACÁN DE OCAMPO,19.38416667,-100.8247222
16257,SANTA ISABEL DE AJUNO,MICHOACÁN DE OCAMPO,19.5,-101.5833333
16240,EL PUEBLITO,MICHOACÁN DE OCAMPO,19.82222222,-101.9291667
16230,LAS CRUCES,MICHOACÁN DE OCAMPO,19.06527778,-101.4277778
16220,SAN SIMON,MICHOACÁN DE OCAMPO,20.11777778,-102.3741667
16250,HUANDACAREO,MICHOACÁN DE OCAMPO,19.98888889,-101.275
16259,TZINDIO,MICHOACÁN DE OCAMPO,19.40305556,-102.1088889
16225,VILLA JIMENEZ II,MICHOACÁN DE OCAMPO,19.92305556,-101.7469444
16263,ECUANDUREO,MICHOACÁN DE OCAMPO,20.158611,-102.215
16247,CAPULA,MICHOACÁN DE OCAMPO,19.675,-101.3916667
16251,PATAMBAN,MICHOACÁN DE OCAMPO,19.8025,-102.2888889
16252,SAN LORENZO,MICHOACÁN DE OCAMPO,19.95,-100.4333333
16255,UCAREO,MICHOACÁN DE OCAMPO,19.9,-100.6916667
16266,TANCITARO,MICHOACÁN DE OCAMPO,19.33166667,-102.3702778
16231,LAS CRUCES BARRERAS,MICHOACÁN DE OCAMPO,19.93888889,-101.3833333
16261,CHILATAN,MICHOACÁN DE OCAMPO,19.23638889,-102.77
16264,PRESA LOS OLIVOS,MICHOACÁN DE OCAMPO,19.20055556,-102.8372222
16258,PRESA TUXPAN,MICHOACÁN DE OCAMPO,19.53972222,-100.4822222
16235,HUAJUMBARO,MICHOACÁN DE OCAMPO,19.67916667,-100.7416667
16199,SAN MIGUEL CURINHUATO,MICHOACÁN DE OCAMPO,19.98944444,-100.5891667
16248,CAURIO DE GUADALUPE,MICHOACÁN DE OCAMPO,19.92027778,-101.8583333
16244,TIQUICHEO,MICHOACÁN DE OCAMPO,18.90277778,-100.7361111
16253,TANACO,MICHOACÁN DE OCAMPO,19.7375,-102.0791667
16254,TEREMENDO,MICHOACÁN DE OCAMPO,19.78333333,-101.4777778
16219,SAN PEDRO,MICHOACÁN DE OCAMPO,19.07166667,-100.8283333
16234,GALEANA,MICHOACÁN DE OCAMPO,20.03888889,-101.575
16243,ZIQUITARO,MICHOACÁN DE OCAMPO,20.06111111,-101.8888889
16516,EL LIMÓN,MICHOACÁN DE OCAMPO,19.052503,-100.759689
16517,MORELIA DDR 020,MICHOACÁN DE OCAMPO,19.719647,-101.223511
16512,EL COLEGIO,MICHOACÁN DE OCAMPO,19.7725,-101.1780556
16513,EL JACAL (DGE),MICHOACÁN DE OCAMPO,19.88611111,-101.3361111
16514,JARIPEO,MICHOACÁN DE OCAMPO,19.65111111,-100.4827778
16515,LA SANDIA,MICHOACÁN DE OCAMPO,19.26333333,-101.6752778
17003,CUAUTLA (SMN),MORELOS,18.80416667,-98.95083333
17002,COLONIA EMPLEADO,MORELOS,18.94833333,-99.23083333
17017,TETELCINGO,MORELOS,18.86666667,-98.93333333
17005,CUAUTLA (DGE),MORELOS,18.81027778,-98.95083333
17009,C.B.T.A.154 HUITZILAC,MORELOS,19.02833333,-99.26722222
17012,OAXTEPEC,MORELOS,18.90638889,-98.97027778
17016,TEQUESQUITENGO,MORELOS,18.61111111,-99.25972222
17004,CUERNAVACA (DGE),MORELOS,18.91861111,-99.23416667
17010,MIACATLAN,MORELOS,18.75722222,-99.37277778
17013,TEMILPA,MORELOS,18.70583333,-99.09388889
17015,TEPALCINGO,MORELOS,18.59638889,-98.84361111
17007,HUAJINTLAN,MORELOS,18.61,-99.42444444
17023,XICATLACOTLA,MORELOS,18.51916667,-99.19194444
17008,HUAUTLA,MORELOS,18.44,-99.025
17001,ATLATLAHUACAN,MORELOS,18.93666667,-98.92805556
17020,TLACOTEPEC,MORELOS,18.81333333,-98.75
17032,SAN GABRIEL,MORELOS,18.61666667,-99.35
17031,JOJUTLA (DGE),MORELOS,18.58388889,-99.18416667
17018,TICUMAN,MORELOS,18.75916667,-99.12111111
17014,TEMIXCO,MORELOS,18.85444444,-99.22722222
17026,C.A.E. LA VICTORIA,MORELOS,18.63666667,-99.20083333
17022,TRES CUMBRES,MORELOS,19.03666667,-99.25805556
17019,TILZAPOTLA,MORELOS,18.48777778,-99.30611111
17030,AXOCHIAPAN,MORELOS,18.5,-98.75
17006,EL RODEO,MORELOS,18.77861111,-99.32361111
17021,TLACUALERA,MORELOS,18.61666667,-98.94361111
17037,ESCUELA DE BIOLOGIA UAEM,MORELOS,18.98333333,-99.23333333
17050,TLAYACAPAN E-11,MORELOS,18.95555556,-98.97277778
17025,YECAPIXTLA (SMN),MORELOS,18.85,-98.86666667
17038,NEXPA,MORELOS,18.52,-99.145
17024,YAUTEPEC,MORELOS,18.85444444,-99.02166667
17055,TENANGO,MORELOS,18.62055556,-98.74694444
17033,XICATLACOTLA (CFE),MORELOS,18.45,-99.1
17052,YECAPIXTLA (DGE),MORELOS,18.88333333,-98.865
17042,ZACATEPEC,MORELOS,18.65,-99.18333333
17048,PUENTE OCUITUCO E-5,MORELOS,18.87805556,-98.77527778
17036,LAGUNILLAS DE RAYON,MORELOS,18.48333333,-98.71666667
17051,TOTOLAPAN E-10,MORELOS,18.98694444,-98.91972222
17046,HUEYAPAN E-4,MORELOS,18.885,-98.69027778
17029,PALPAN,MORELOS,18.8675,-99.42916667
17064,TECOMALCO,MORELOS,18.65083333,-98.9925
17056,SAN PABLO HIDALGO,MORELOS,18.58194444,-99.04472222
17059,COATLAN DEL RIO,MORELOS,18.74527778,-99.43333333
17044,E.T.A. 040 AMACUZAC,MORELOS,18.59861111,-99.36944444
17049,TEPOZTLAN E-12,MORELOS,18.98527778,-99.09972222
17039,SAN JUAN TLACOTENCO,MORELOS,19.03916667,-99.09388889
17065,VALLE DE VAZQUEZ,MORELOS,18.52916667,-99.07
17043,E.T.A. 118 YECAPIXTLA,MORELOS,18.89166667,-98.85833333
17045,HUECAHUAXCO E-7,MORELOS,18.91194444,-98.75305556
17054,MOYOTEPEC,MORELOS,18.67083333,-98.97527778
17028,JONACATEPEC,MORELOS,18.69166667,-98.82472222
17057,EL LIMON,MORELOS,18.53111111,-98.9375
17063,TECAJEC,MORELOS,18.79805556,-98.81222222
17062,CHAVARRIA,MORELOS,18.72583333,-99.46916667
17068,ACHICHIPICO D-4,MORELOS,18.94722222,-98.82916667
17082,OACALCO,MORELOS,18.92222222,-99.03055556
17066,EL VIGIA,MORELOS,19.01,-98.96
17061,APANCINGO,MORELOS,18.68,-99.46361111
17090,TEPALCINGO BACHILLERATO,MORELOS,18.63805556,-98.81777778
17074,EL HIGUERON,MORELOS,18.5775,-99.18055556
17095,COCOYOTLA,MORELOS,18.756422,-99.456296
17094,EL PEÑON,MORELOS,18.6911445,-98.7869023
17096,LA CUERA,MORELOS,18.678611,-98.909444
17077,XOXOCOTLA,MORELOS,18.685,-99.24388889
17075,JOJUTLA (SMN),MORELOS,18.58333333,-99.18333333
17071,PROGRESO,MORELOS,18.88,-99.15333333
17076,PUENTE DE IXTLA,MORELOS,18.62916667,-99.32583333
17091,CAYEHUACAN,MORELOS,18.58305556,-98.71444444
17081,AMILCINGO,MORELOS,18.73,-98.7625
17092,VISTA ALEGRE,MORELOS,18.73,-99.38361111
17060,TÉTELA DEL VOLCÁN,MORELOS,18.87639,-98.68972222
17067,CUERNAVACA (OBS),MORELOS,18.89222222,-99.23333333
17072,ALPUYECA,MORELOS,18.735,-99.26583333
17080,CASASANO,MORELOS,18.85055556,-98.95527778
17073,CUAUTLITA,MORELOS,18.70027778,-99.38444444
17085,TEMOAC,MORELOS,18.77805556,-98.78694444
17058,CUENTEPEC,MORELOS,18.86027778,-99.32638889
17093,TRES MARIAS,MORELOS,19.05027778,-99.24611111
17069,AHUEHUETZINGO,MORELOS,18.71777778,-99.27861111
17047,HUITZILAC,MORELOS,19.05833333,-99.27416667
18003,AMATLAN DE CAÑAS (SMN),NAYARIT,20.8,-104.4
18002,AHUACATLAN,NAYARIT,21.055,-104.4841667
18015,ISLA MARIA MADRE (OBS),NAYARIT,21.63277778,-106.5391667
18004,CAPOMAL,NAYARIT,21.83944444,-105.1211111
18009,EL CARRIZAL (CFE),NAYARIT,21.82694444,-104.8302778
18011,GUADALUPE OCOTAN,NAYARIT,21.88833333,-104.3561111
18017,JALCOCOTAN,NAYARIT,21.47944444,-105.1061111
18027,ROSARITO,NAYARIT,22.16694444,-105.0052778
18008,DESPEÑADERO,NAYARIT,21.84138889,-104.7225
18007,CUCHARAS,NAYARIT,22.81833333,-105.305
18001,ACAPONETA,NAYARIT,22.49,-105.3541667
18005,CERRO BLANCO,NAYARIT,21.37666667,-104.6183333
18021,LAS GAVIOTAS,NAYARIT,20.88972222,-105.1366667
18014,HUAYNAMOTA,NAYARIT,21.91972222,-104.5136111
18026,PUERTA DE PLATANARES,NAYARIT,21.91833333,-104.9847222
18029,SAN BLAS,NAYARIT,21.54388889,-105.2833333
18018,JESUS MARIA,NAYARIT,22.25527778,-104.5161111
18020,LA YESCA,NAYARIT,21.32444444,-104.0125
18025,PASO DE AROCHA,NAYARIT,21.27527778,-105.0811111
18010,EL REFILION,NAYARIT,21.30944444,-104.9066667
18013,HUAJIMIC,NAYARIT,21.6825,-104.3161111
18006,COMPOSTELA,NAYARIT,21.23333333,-104.9166667
18012,HUAJICORI,NAYARIT,22.6375,-105.3208333
18022,MEXCALTITAN,NAYARIT,21.905,-105.4761111
18046,SANTA CRUZ DE CAMOTLAN,NAYARIT,20.95916667,-104.6691667
18016,IXTLAN DEL RIO,NAYARIT,21.03333333,-104.375
18045,EL CARRIZAL,NAYARIT,21.82722222,-104.575
18042,VALLE DE BANDERAS,NAYARIT,20.80333333,-105.2461111
18041,TUXPAN,NAYARIT,21.94361111,-105.2994444
18034,SANTIAGO IXCUINTLA,NAYARIT,21.81361111,-105.2033333
18052,AHUACATLAN (FFCC),NAYARIT,21.05416667,-104.4841667
18038,TEPIC,NAYARIT,21.5,-104.8833333
18030,SAN JOSE VALLE,NAYARIT,20.74388889,-105.2294444
18036,TECUALA,NAYARIT,22.40555556,-105.4583333
18028,ROSAMORADA,NAYARIT,22.12222222,-105.2038889
18053,AGUIRRE (FFCC),NAYARIT,21.48333333,-104.7166667
18064,E.T.A. 042 LAS VARAS,NAYARIT,21.17805556,-105.1366667
18040,TETITLAN (CFE),NAYARIT,21.11666667,-104.6
18043,ZACUALPAN,NAYARIT,21.25,-105.1666667
18035,TACHICHILPA,NAYARIT,22.79833333,-105.265
18057,NANCHI (FFCC),NAYARIT,21.79833333,-105.0619444
18056,MORADA (FFCC),NAYARIT,22.11666667,-105.2152778
18033,SAN PEDRO IXCATAN,NAYARIT,22.05,-104.9166667
18061,TETITLAN (FFCC),NAYARIT,21.11944444,-104.6211111
18023,MIRAVALLES,NAYARIT,21.29888889,-104.8766667
18058,ROSETA (FFCC),NAYARIT,21.75555556,-104.9180556
18074,PUNTA DE MITA,NAYARIT,20.77166667,-105.2194444
18065,AMADO NERVO,NAYARIT,21.725,-105.0333333
18024,NAVARRETE,NAYARIT,21.64694444,-105.1152778
18031,SAN JUAN PEYOTAN,NAYARIT,22.36111111,-104.4316667
18019,JUMATAN (CFE),NAYARIT,21.65,-105.0333333
18069,EL VERDINEÑO,NAYARIT,21.71666667,-105.1333333
18063,CHAPALACANA,NAYARIT,21.94416667,-104.5
18039,TEPIC (OBS),NAYARIT,21.48916667,-104.8930556
18071,GUADALUPE VICTORIA,NAYARIT,21.58333333,-105.3333333
18073,PRESA DEL BAÑO,NAYARIT,21.6075,-104.7377778
18072,PALMAR DE CUAUTLA,NAYARIT,22.21972222,-105.6458333
18081,SAN PEDRO LAGUNILLAS,NAYARIT,21.2175,-104.7544444
18090,LA PEÑITA DE JALTEMBA,NAYARIT,21.038889,-105.246389
18070,LA ESTANCIA,NAYARIT,22.59166667,-105.3416667
18037,EL TIZATE,NAYARIT,21.80333333,-105.1155556
18044,AMATLAN DE CAÑAS (DGE),NAYARIT,20.80611111,-104.4027778
18055,IXTLAN DEL RIO (FFCC),NAYARIT,21.0375,-104.3908333
18032,SAN PEDRO,NAYARIT,21.95833333,-105.1425
18091,LO DE MARCOS,NAYARIT,20.955,-105.352778
18068,PAJARITOS,NAYARIT,22.37777778,-105.2541667
18062,E.T.A. 041 GUADALUPE VICTORIA,NAYARIT,21.67944444,-105.3272222
18089,COLORADO DE LA MORA,NAYARIT,21.52444444,-104.8088889
18078,SAN ANDRES MILPILLAS,NAYARIT,22.86333333,-105.1183333
18092,POZO DE IBARRA,NAYARIT,21.861667,-105.28
18075,CACALUTLAN,NAYARIT,21.11583333,-104.2608333
18080,SAN MARCOS,NAYARIT,20.95694444,-105.3533333
18085,EL NARANJO,NAYARIT,22.03416667,-104.8619444
18076,LOS CORCHOS,NAYARIT,21.79777778,-105.3041667
18079,TRIGOMIL,NAYARIT,21.37472222,-104.7916667
18083,CUMBRES DE HUICICILA,NAYARIT,21.31805556,-105.0130556
18082,CORDON DEL JILGUERO,NAYARIT,21.92722222,-104.9608333
18088,ZAPOTAN,NAYARIT,21.08888889,-104.8625
18087,BARRANCA DEL ORO,NAYARIT,20.92416667,-104.4811111
18084,MESA DE PEDRO Y PABLO,NAYARIT,22.43333333,-105.1708333
18077,CUASTECOMATILLO,NAYARIT,21.04305556,-104.7538889
19001,LAS ADJUNTAS,NUEVO LEÓN,25.3,-100.1408333
19002,AGUA BLANCA,NUEVO LEÓN,25.54416667,-100.5230556
19014,DULCES NOMBRES,NUEVO LEÓN,24.00194444,-99.575
19006,BUSTAMANTE,NUEVO LEÓN,26.55,-100.5166667
19003,ALLENDE,NUEVO LEÓN,25.28361111,-100.0202778
19005,ARAMBERRI II,NUEVO LEÓN,24.10305556,-99.81833333
19009,CASILLAS,NUEVO LEÓN,25.19638889,-100.2141667
19017,EL MARRUBIAL (CFE),NUEVO LEÓN,25.46111111,-100.3038889
19013,CIENEGA DEL TORO,NUEVO LEÓN,25.08472222,-100.3333333
19004,APODACA,NUEVO LEÓN,25.79361111,-100.1972222
19022,GENERAL BRAVO (DGE),NUEVO LEÓN,25.80138889,-99.17555556
19011,CERRO PRIETO,NUEVO LEÓN,24.93805556,-99.38527778
19023,CAMPO EXPERIMENTAL INIA,NUEVO LEÓN,25.25,-99.68333333
19020,EL POTOSI,NUEVO LEÓN,24.84333333,-100.3208333
19010,CERRALVO (DGE),NUEVO LEÓN,26.09,-99.6175
19018,EL PAJONAL,NUEVO LEÓN,25.48972222,-100.3888889
19015,EL CERRITO,NUEVO LEÓN,25.51,-100.1933333
19019,EL REALITO,NUEVO LEÓN,25.29694444,-99.34888889
19007,CABEZONES,NUEVO LEÓN,24.99111111,-99.74194444
19030,LA CIENEGA DE GONZALEZ,NUEVO LEÓN,25.37416667,-100.2338889
19021,GARZA AYALA,NUEVO LEÓN,26.49138889,-100.0583333
19029,LA ARENA,NUEVO LEÓN,25.74333333,-99.87444444
19031,LA CRUZ,NUEVO LEÓN,25.54638889,-100.5230556
19016,EL CUCHILLO,NUEVO LEÓN,25.71805556,-99.25583333
19027,ITURBIDE,NUEVO LEÓN,24.72527778,-99.90472222
19036,LA POPA,NUEVO LEÓN,26.16388889,-100.8277778
19040,LOS ALDAMAS,NUEVO LEÓN,26.06444444,-99.19666667
19012,CIENEGA DE FLORES,NUEVO LEÓN,25.95222222,-100.1722222
19039,LAS ENRAMADAS,NUEVO LEÓN,25.50138889,-99.52138889
19038,LAS COMITAS,NUEVO LEÓN,25.51333333,-100.3558333
19025,HIGUERAS (SMN),NUEVO LEÓN,25.95,-100.0166667
19043,MADERO,NUEVO LEÓN,26.02222222,-99.19666667
19034,PABLILLO (SMN),NUEVO LEÓN,24.85694444,-99.55555556
19042,LOS RAMONES,NUEVO LEÓN,25.69138889,-99.63055556
19008,CADEREYTA,NUEVO LEÓN,25.59027778,-99.975
19028,LAMPAZOS (SMN),NUEVO LEÓN,27.07805556,-100.4908333
19049,MONTERREY,NUEVO LEÓN,25.6825,-100.2669444
19054,RINCONADA,NUEVO LEÓN,25.68111111,-100.7175
19060,SOMBRERETILLO,NUEVO LEÓN,26.34138889,-99.94
19062,TUNEL DE SAN FRANCISCO,NUEVO LEÓN,25.40666667,-100.1833333
19033,LAGUNA DE SANCHEZ,NUEVO LEÓN,25.34611111,-100.28
19046,MIER Y NORIEGA (SMN),NUEVO LEÓN,23.4225,-100.1180556
19056,SAN JUAN,NUEVO LEÓN,25.54333333,-99.84027778
19058,SANTA CATARINA,NUEVO LEÓN,25.65722222,-100.4455556
19037,LAS PRESAS,NUEVO LEÓN,24.31361111,-100.0319444
19032,CARBONERA,NUEVO LEÓN,24.81,-100.7866667
19026,ICAMOLE,NUEVO LEÓN,25.94111111,-100.6869444
19048,MONTEMORELOS,NUEVO LEÓN,25.18194444,-99.83222222
19047,MIMBRES,NUEVO LEÓN,24.97388889,-100.2586111
19053,RAYONES,NUEVO LEÓN,25.02083333,-100.0772222
19052,MONTERREY (OBS),NUEVO LEÓN,25.73361111,-100.3047222
19070,LAMPAZOS (DGE),NUEVO LEÓN,27.03333333,-100.5166667
19050,SAN JOSE DE RAICES,NUEVO LEÓN,24.56666667,-100.2383333
19072,CAMARON,NUEVO LEÓN,27.28333333,-100.0833333
19051,POTRERO REDONDO,NUEVO LEÓN,25.26222222,-100.1605556
19045,MINA,NUEVO LEÓN,26.00222222,-100.5333333
19066,ZARAGOZA (SMN),NUEVO LEÓN,23.98333333,-99.75
19035,CAMACHO,NUEVO LEÓN,24.87194444,-99.57888889
19024,ANAHUAC,NUEVO LEÓN,27.23833333,-100.1313889
19064,VAQUERIAS,NUEVO LEÓN,25.12833333,-99.04027778
19084,E.T.A. 044 SABINAS HIDALGO,NUEVO LEÓN,26.5,-100.0833333
19063,VALLECILLO (DGE),NUEVO LEÓN,26.65805556,-99.98638889
19083,EJIDO ACUÑA,NUEVO LEÓN,23.65,-100.0833333
19073,GALEANA (SMN),NUEVO LEÓN,24.81666667,-100.0833333
19088,DOCTOR ARROYO I (DGE),NUEVO LEÓN,23.67222222,-100.1802778
19086,MIER Y NORIEGA (DGE),NUEVO LEÓN,23.42305556,-100.1177778
19087,ZARAGOZA (DGE),NUEVO LEÓN,23.98055556,-99.77916667
19055,SALINILLAS,NUEVO LEÓN,27.42916667,-100.3738889
19061,TOPO CHICO,NUEVO LEÓN,25.71805556,-100.3225
19085,GALEANA (DGE),NUEVO LEÓN,24.82055556,-100.0830556
19077,VALLECILLO (SMN),NUEVO LEÓN,26.65972222,-99.98694444
19082,ARAMBERRI I,NUEVO LEÓN,24.16666667,-99.83333333
19079,EL REFUGIO DE LOS IBARRA,NUEVO LEÓN,24.44111111,-100.3572222
19099,CERRALVO (SMN),NUEVO LEÓN,26.08333333,-99.61666667
19098,GENERAL TREVIÑO,NUEVO LEÓN,26.2225,-99.4825
19100,SAN FRANCISCO LA CARRERA,NUEVO LEÓN,24.69416667,-99.6675
19097,COLOMBIA,NUEVO LEÓN,27.70222222,-99.75944444
19096,LA HUASTEQUITA,NUEVO LEÓN,25.63861111,-100.455
19101,SAN DIEGO,NUEVO LEÓN,25.23027778,-99.25416667
19102,COLA DE CABALLO,NUEVO LEÓN,25.36611111,-100.1625
19095,OJO DE AGUA,NUEVO LEÓN,26.5,-99.91666667
19104,LA ESCONDIDA,NUEVO LEÓN,26.25805556,-99.76055556
19109,UÑA DE GATO,NUEVO LEÓN,25.96888889,-99.68916667
19091,PABLILLO (DGE),NUEVO LEÓN,24.59416667,-99.99694444
19114,EL CUERVITO,NUEVO LEÓN,25.88694444,-98.80916667
19059,SANTA ROSA,NUEVO LEÓN,24.1725,-100.2872222
19112,BENITEZ,NUEVO LEÓN,24.72555556,-99.47111111
19108,SAN CRISTOBAL PURISIMA,NUEVO LEÓN,24.91888889,-99.25472222
19105,DOCTOR GONZALEZ,NUEVO LEÓN,25.85444444,-99.94333333
19041,LOS HERRERAS,NUEVO LEÓN,25.8975,-99.40083333
19115,EL CUIJE,NUEVO LEÓN,25.10777778,-100.6625
19075,DOCTOR ARROYO II (DGE),NUEVO LEÓN,23.67166667,-100.1747222
19068,DOCTOR ARROYO (SMN),NUEVO LEÓN,23.65,-100.1833333
19065,SANTIAGO,NUEVO LEÓN,25.43333333,-100.1666667
19119,ESPINAZO,NUEVO LEÓN,26.26694444,-100.6091667
19069,LA BOCA,NUEVO LEÓN,25.42944444,-100.1288889
19107,SAN NICOLAS,NUEVO LEÓN,27.53388889,-99.97583333
19074,GENERAL BRAVO (SMN),NUEVO LEÓN,25.79277778,-99.18083333
19044,MAMULIQUE,NUEVO LEÓN,26.11722222,-100.2283333
19127,EL OASIS,NUEVO LEÓN,26.88277778,-99.82694444
19057,SAN RAFAEL,NUEVO LEÓN,25.02638889,-100.5486111
19125,JARITAS,NUEVO LEÓN,27.43222222,-99.80166667
19120,FRESNILLO,NUEVO LEÓN,26.42944444,-99.88722222
19121,GATOS GÑEROS,NUEVO LEÓN,25.10305556,-99.35111111
19128,OBREGON,NUEVO LEÓN,24.70083333,-100.4163889
19129,EL PEÑUELO,NUEVO LEÓN,24.56388889,-100.7727778
19123,GRUTAS DE GARCIA,NUEVO LEÓN,25.85027778,-100.5241667
19126,LA LAJA,NUEVO LEÓN,24.91083333,-99.68583333
19117,EJIDO MARIN,NUEVO LEÓN,25.85861111,-100.0222222
19133,SABINAS HIDALGO,NUEVO LEÓN,26.50055556,-100.1538889
19130,POBLADORES,NUEVO LEÓN,25.3775,-98.75805556
19131,PUERTO DEL EBANO,NUEVO LEÓN,26.34861111,-100.0444444
19111,LA ASCENCION,NUEVO LEÓN,24.32277778,-99.91027778
19136,SAN ISIDRO,NUEVO LEÓN,24.95861111,-99.32972222
19093,SAN JUANITO DE RESENDIZ,NUEVO LEÓN,24.26833333,-99.85833333
19113,EL BRASIL,NUEVO LEÓN,25.87666667,-98.99138889
19140,TEPEHUAJE,NUEVO LEÓN,25.50527778,-99.77083333
19141,VILLALDAMA,NUEVO LEÓN,26.50138889,-100.4219444
19106,LA PAMONA,NUEVO LEÓN,24.9925,-99.21333333
19156,LAS PRESITAS,NUEVO LEÓN,25.51388889,-98.72972222
19150,LOS LERMA,NUEVO LEÓN,25.68,-100.2055556
19142,AGUALEGUAS,NUEVO LEÓN,26.30916667,-99.54916667
19067,EL RUCIO,NUEVO LEÓN,24.69638889,-100.4419444
19071,PARAS,NUEVO LEÓN,26.49333333,-99.52416667
19149,LA GRANJA,NUEVO LEÓN,24.6475,-99.54416667
19154,EL POPOTE,NUEVO LEÓN,24.90083333,-99.4975
19151,LAS MARGARITAS,NUEVO LEÓN,24.26222222,-100.4180556
19143,LA CARDONA,NUEVO LEÓN,23.405,-99.98
19146,CONGREGACION CALLES,NUEVO LEÓN,25.21472222,-99.93833333
19168,LAS ESTACAS,NUEVO LEÓN,26.33694444,-100.9061111
19134,SALINAS VICTORIA,NUEVO LEÓN,25.95916667,-100.2927778
19144,CIENEGUITAS Y CRUCITAS,NUEVO LEÓN,24.51777778,-99.97972222
19137,SAN JORGE,NUEVO LEÓN,24.57805556,-100.4469444
19110,EL ALAMO,NUEVO LEÓN,26.49194444,-99.77083333
19124,HIGUERAS (DGE),NUEVO LEÓN,25.96222222,-100.0155556
19138,SANTA ANA,NUEVO LEÓN,24.09222222,-100.3877778
19135,SAN FRANCISCO DE BERLANGA,NUEVO LEÓN,24.36555556,-100.1136111
19160,SAN IGNACIO DE TEXAS,NUEVO LEÓN,24.31055556,-100.1894444
19164,BUENAVISTA,NUEVO LEÓN,25.21388889,-99.825
19169,GARZA GONZALEZ,NUEVO LEÓN,25.83194444,-99.62444444
19165,CHUPADEROS DEL INDIO,NUEVO LEÓN,25.81361111,-100.79
19176,OJO DE AGUA,NUEVO LEÓN,26.53888889,-100.5483333
19177,POZOS MINA,NUEVO LEÓN,26.01166667,-100.5447222
19170,EL HOJASE,NUEVO LEÓN,26.11527778,-100.3605556
19152,EJIDO NUEVO RODRIGUEZ,NUEVO LEÓN,27.06388889,-100.0133333
19172,LAS MONITAS,NUEVO LEÓN,26.13166667,-99.74444444
19158,RANCHO DE GOMAS,NUEVO LEÓN,26.16972222,-100.4644444
19159,SAN ANTONIO PEÑA NEVADA,NUEVO LEÓN,23.74611111,-99.98194444
19163,LAS BRISAS,NUEVO LEÓN,25.39583333,-99.54555556
19171,LAMPACITOS,NUEVO LEÓN,25.11055556,-99.89916667
19162,VISTA HERMOSA,NUEVO LEÓN,25.77083333,-99.63388889
19179,CERRITO DEL AIRE,NUEVO LEÓN,23.58861111,-100.2327778
19181,SAN ISIDRO DE CIENEGA,NUEVO LEÓN,25.20083333,-100.5119444
19180,SAN ANTONIO EL SALERO,NUEVO LEÓN,24.46361111,-100.2480556
19182,SAN ROBERTO,NUEVO LEÓN,24.71,-100.3033333
19192,PRESA VAQUERIAS,NUEVO LEÓN,25.24916667,-99.57194444
19147,LAS CRUCITAS,NUEVO LEÓN,24.78111111,-99.69777778
19188,EL CARMEN DE LOS ELIZONDO,NUEVO LEÓN,24.97611111,-99.43944444
19187,CALIFORNIA,NUEVO LEÓN,25.30638889,-99.73388889
19193,SANTA ROSA,NUEVO LEÓN,24.70027778,-99.85527778
19166,EJIDO HORCONES,NUEVO LEÓN,27.17194444,-100.4105556
19173,PALMITOS (GE),NUEVO LEÓN,25.41722222,-99.99722222
19197,LA MORITA,NUEVO LEÓN,25.25472222,-99.93055556
19189,EL PASTOR,NUEVO LEÓN,25.15166667,-99.92666667
19148,EJIDO DIECIOCHO DE MARZO,NUEVO LEÓN,24.88972222,-100.1802778
19199,SAN CARLOS,NUEVO LEÓN,26.56972222,-99.79638889
19174,SAN BARTOLO,NUEVO LEÓN,25.54222222,-100.0086111
19200,LA CIENEGA,NUEVO LEÓN,25.536389,-100.119167
19178,SIERRA MORENA,NUEVO LEÓN,26.53666667,-100.5333333
19155,LA POZA,NUEVO LEÓN,24.71583333,-100.0158333
19190,GUADALUPE LA JOYA,NUEVO LEÓN,25.16583333,-99.31833333
19185,EL CANADA,NUEVO LEÓN,25.80055556,-100.2755556
20001,SANTA MARIA ALOTEPEC,OAXACA,17.06666667,-95.86666667
20013,SAN LUCAS CAMOTLAN,OAXACA,16.95,-95.70305556
20006,SAN BARTOLOME AYAUTLA,OAXACA,18.03305556,-96.66666667
20005,SAN JUAN BAUTISTA ATATLAHUCA,OAXACA,17.53305556,-96.83777778
20004,SAN JUAN ATEPEC,OAXACA,17.43305556,-96.54972222
20012,CAMPAMENTO VISTA HERMOSA,OAXACA,17.30666667,-95.95
20003,ASTATLA,OAXACA,17.96666667,-97.41666667
20016,CATALUÑA,OAXACA,18.28305556,-96.71666667
20011,CALAPILLA,OAXACA,18.13666667,-97.01666667
20015,CASCAJAL,OAXACA,18.0625,-95.95805556
20026,CHALCATONGO DE HIDALGO,OAXACA,16.95,-97.52916667
20019,SAN JUAN BAUTISTA COIXTLAHUACA,OAXACA,17.73305556,-97.31666667
20031,DOMINGUILLO,OAXACA,17.64972222,-96.9
20033,LA EXPIRACION,OAXACA,17.81666667,-98.06666667
20009,BOQUILLA NUMERO UNO,OAXACA,16.63666667,-95.95972222
20023,CUAJIMOLOYAS,OAXACA,17.125,-96.41666667
20025,SAN JUAN BAUTISTA CUICATLAN (SMN),OAXACA,17.8,-96.95
20018,COICOYAN DE LAS FLORES (CFE),OAXACA,17.25,-98.29972222
20028,SANTA MARIA CHILAPA DE DIAZ,OAXACA,17.57,-97.61666667
20029,SANTA MARIA CHILCHOTLA,OAXACA,18.25,-96.81666667
20014,CANTON,OAXACA,18.01666667,-96.28305556
20030,SANTIAGO CHOAPAN,OAXACA,17.36666667,-95.93305556
20038,IXTAYUTLA,OAXACA,16.57194444,-97.66666667
20041,IXTLAN DE JUAREZ,OAXACA,17.33305556,-96.48305556
20024,SAN JUAN BAUTISTA CUICATLAN (DGE),OAXACA,17.8,-96.96666667
20020,CONCEPCION PAPALO,OAXACA,17.83305556,-96.86666667
20035,HUAJUAPAN DE LEON (SMN),OAXACA,17.8,-97.78305556
20054,JUCHITAN DE ZARAGOZA KM. 67+50,OAXACA,16.52666667,-94.84972222
20037,CAMINO IXCATLAN,OAXACA,18.10111111,-96.52083333
20050,SANTIAGO JUXTLAHUACA,OAXACA,17.35,-98.01666667
20046,SAN JUAN BAUTISTA JAYACATLAN,OAXACA,17.41666667,-96.83305556
20010,SAN JUAN CACAHUATEPEC (CFE),OAXACA,16.61166667,-98.14944444
20007,AYUTLA,OAXACA,17.01666667,-96.09972222
20034,ETLA,OAXACA,17.20722222,-96.79972222
20056,LA GUADALUPE,OAXACA,17.55027778,-95.28694444
20058,LA POBREZA,OAXACA,16.02666667,-96.50305556
20002,APOALA,OAXACA,17.64972222,-97.15
20044,JALAPA DEL VALLE,OAXACA,17.06583333,-96.87833333
20064,SAN PABLO MACUILTIANGUIS,OAXACA,17.54666667,-96.56666667
20055,LA ESTRELLA,OAXACA,17.96666667,-96.45
20008,BETHANIA,OAXACA,17.91833333,-96.00638889
20065,MAGDALENA JICOTLAN,OAXACA,17.8,-97.46666667
20032,SANTA MARIA ECATEPEC,OAXACA,16.28305556,-95.88305556
20017,ZIHUALTEPEC,OAXACA,17.45,-95.38305556
20067,MARISCALA DE JUAREZ,OAXACA,17.85805556,-98.14055556
20049,JOCOTIPAC,OAXACA,17.71,-97.08305556
20063,LOMA BONITA,OAXACA,18.1,-95.88305556
20048,JUCHITAN DE ZARAGOZA,OAXACA,16.44916667,-95.02416667
20066,MAHUIZAPA,OAXACA,18.0,-97.26666667
20061,LAS MARGARITAS,OAXACA,18.25,-96.29972222
20040,IXTEPEJI,OAXACA,17.26666667,-96.54972222
20027,CHICAPA DE CASTRO,OAXACA,16.57472222,-94.80444444
20045,JALTEPEC DE CANDAYOC,OAXACA,17.33305556,-95.43305556
20059,LA VENTA,OAXACA,16.56666667,-94.81
20052,ASUNCION IXTALTEPEC KM. 33,OAXACA,16.56666667,-95.02666667
20036,HUAUTLA DE JIMENEZ,OAXACA,18.13305556,-96.83305556
20051,JUXTLAHUACA,OAXACA,16.5,-95.34305556
20042,SANTA MARIA JACATEPEC,OAXACA,17.86666667,-96.2
20062,PILAS,OAXACA,16.39972222,-95.31666667
20072,MONTERROSA,OAXACA,17.78305556,-95.90305556
20022,COYOTEPEC,OAXACA,16.95,-96.72694444
20074,SANTA MARIA NATIVITAS,OAXACA,17.64972222,-97.33305556
20060,LAS CUEVAS,OAXACA,16.45,-95.32666667
20083,PARIAN,OAXACA,17.41666667,-97.01666667
20071,MIAHUATLAN (DGE),OAXACA,16.35,-96.61666667
20069,SAN JUAN METALTEPEC,OAXACA,17.17277778,-95.91416667
20039,IXTEPEC,OAXACA,16.55194444,-95.08444444
20073,NACALTEPEC,OAXACA,17.51666667,-96.93305556
20087,PILOTO UNO,OAXACA,16.41666667,-95.20305556
20043,JALAPA DEL MARQUES,OAXACA,16.44194444,-95.44666667
20091,PORVENIR,OAXACA,16.48888889,-94.97972222
20086,PASO DE LA REYNA,OAXACA,16.26027778,-97.61666667
20088,PINOTEPA NACIONAL (SMN),OAXACA,16.36666667,-98.04972222
20094,PUTLA DE GUERRERO (CFE),OAXACA,17.11666667,-97.87305556
20068,MATIAS ROMERO (SMN),OAXACA,16.88305556,-95.03305556
20095,SANTA MARIA PUXMETACAN,OAXACA,17.28305556,-95.61666667
20100,SALINA CRUZ (OBS),OAXACA,16.16944444,-95.18305556
20079,OAXACA,OAXACA,17.08305556,-96.70972222
20096,QUIOTEPEC,OAXACA,17.89,-96.99055556
20057,LA MACETA,OAXACA,16.85,-95.15
20102,SAN AGUSTIN TLACOTEPEC,OAXACA,17.2,-97.51777778
20053,JUCHITAN DE ZARAGOZA KM. 51+74,OAXACA,16.41666667,-95.01666667
20076,ASUNCION NOCHIXTLAN,OAXACA,17.46666667,-97.21666667
20099,SAN MIGUEL SOLA DE VEGA (CFE),OAXACA,16.51444444,-96.9775
20081,SAN LUCAS OJITLAN,OAXACA,18.05944444,-96.39555556
20089,PLUMA HIDALGO,OAXACA,15.91666667,-96.43305556
20105,SAN ESTEBAN ATATLAHUCA (CFE),OAXACA,17.065,-97.67916667
20082,OSTUTA,OAXACA,16.49666667,-94.43805556
20110,SAN JORGE NUCHITA,OAXACA,17.67305556,-98.08305556
20047,SANTA CATARINA JUQUILA (CFE),OAXACA,16.23305556,-97.29972222
20107,SAN FRANCISCO TEOPAN,OAXACA,17.85,-97.5
20111,SAN JOSE LACHIGUIRI,OAXACA,16.38305556,-96.33305556
20112,SAN JOSE TENANGO II,OAXACA,18.14972222,-96.71777778
20119,SAN MIGUEL TEQUIXTEPEC,OAXACA,17.80166667,-97.34027778
20098,RIO GRANDE,OAXACA,16.01083333,-97.43305556
20077,NUSUTIA (CFE),OAXACA,16.60055556,-97.66805556
20090,SAN PEDRO POCHUTLA,OAXACA,15.75,-96.46666667
20085,PASO ANCHO (CFE),OAXACA,16.36666667,-96.88305556
20104,SAN ANTONIO ABAD,OAXACA,17.87777778,-97.45
20103,SAN ANDRES LAGUNAS,OAXACA,17.57333333,-97.5225
20080,OCOTLAN DE MORELOS,OAXACA,16.8,-96.66666667
20101,SALINA CRUZ,OAXACA,16.18305556,-95.2
20114,SAN LUCAS ARROYO PALOMA,OAXACA,17.83861111,-96.3675
20124,SAN PEDRO NOLASCO,OAXACA,17.28972222,-96.43305556
20125,SANTA CATARINA,OAXACA,17.66666667,-97.95
20116,SAN MIGUEL TULANCINGO,OAXACA,17.75,-97.43305556
20117,SAN MIGUEL CHIMALAPA,OAXACA,16.71166667,-94.74833333
20106,SAN FRANCISCO OZOLOTEPEC,OAXACA,16.08305556,-96.21666667
20097,SAN MIGUEL QUETZALTEPEC,OAXACA,16.98305556,-95.78305556
20121,SAN PEDRO CANTAROS,OAXACA,17.49611111,-97.14222222
20108,SAN FRANCISCO YOSOCUTA,OAXACA,17.71666667,-97.78305556
20092,PUERTO ANGEL (OBS),OAXACA,15.67,-96.49
20126,SANTA CRUZ ZENZONTEPEC (CFE),OAXACA,16.53666667,-97.49527778
20070,MIAHUATLAN (SMN),OAXACA,16.32944444,-96.59388889
20109,SAN JERONIMO TAVICHE,OAXACA,16.73305556,-96.57527778
20078,OAXACA (OBS),OAXACA,17.02722222,-96.71027778
20132,SANTIAGO ASTATA (SMN),OAXACA,15.98,-95.66666667
20084,PAPALOAPAN,OAXACA,18.14972222,-96.08305556
20129,SANTA MARIA IXCATLAN,OAXACA,17.85,-97.18305556
20136,SANTIAGO PROGRESO,OAXACA,17.70666667,-96.26583333
20137,SANTIAGO TEOTONGO,OAXACA,17.71666667,-97.54972222
20131,SANTIAGO APOALA,OAXACA,17.64972222,-97.11666667
20118,SAN MIGUEL EJUTLA,OAXACA,16.57944444,-96.73722222
20123,SAN PEDRO MIXTEPEC,OAXACA,15.98305556,-97.09972222
20145,SAN MIGUEL TALEA DE CASTRO,OAXACA,17.35,-96.25
20139,SANTO DOMINGO,OAXACA,18.05,-96.54972222
20120,SAN MIGUEL SUCHIXTEPEC,OAXACA,16.09138889,-96.465
20135,SANTIAGO MINAS,OAXACA,16.43305556,-97.21666667
20127,SANTA MARIA CHIMALAPA,OAXACA,16.89972222,-94.68305556
20115,SAN MARTIN DURAZNOS (CFE),OAXACA,17.3,-98.06666667
20133,SANTIAGO CHILIXTLAHUACA,OAXACA,17.85305556,-97.9
20130,SANTA MARIA YUCUHITI (CFE),OAXACA,17.01666667,-97.79972222
20122,SAN PEDRO JUCHATENGO (CFE),OAXACA,16.34333333,-97.08888889
20134,SANTIAGO CHIVELA,OAXACA,16.71666667,-95.0
20148,TAPANATEPEC,OAXACA,16.40222222,-94.21583333
20147,TAMAZULAPAM DEL PROGRESO (CFE),OAXACA,17.66666667,-97.56666667
20143,SUCHIXTLAHUACA -QUIOTEP-,OAXACA,17.68666667,-97.39166667
20151,SAN FRANCISCO TELIXTLAHUACA,OAXACA,17.3,-96.9
20138,SANTIAGO TUTLA,OAXACA,17.19222222,-95.37333333
20166,TLACOTEPEC PLUMAS,OAXACA,17.85,-97.45
20113,SAN JUAN DEL RIO,OAXACA,17.43166667,-95.83027778
20144,SUCHIXTLAHUACA -TEHUANTEPEC-,OAXACA,17.72305556,-97.34972222
20150,TEJOCOTES,OAXACA,17.23222222,-97.00222222
20156,TEOTITLAN DEL CAMINO (DGE),OAXACA,18.11666667,-97.08305556
20168,SANTA MARIA ASUNCION TLAXIACO (SMN),OAXACA,17.26666667,-97.68305556
20167,SANTA MARIA ASUNCION TLAXIACO (DGE),OAXACA,17.26583333,-97.67611111
20140,SARABIA I,OAXACA,17.08305556,-95.06666667
20157,TEPELMEME DE MORELOS,OAXACA,17.86666667,-97.36666667
20169,TOLOSITA,OAXACA,17.19861111,-95.04888889
20146,SANTIAGO TAMAZOLA,OAXACA,17.67,-98.22055556
20155,TEOTITLAN DEL CAMINO (SMN),OAXACA,18.13305556,-97.06666667
20149,TEHUANTEPEC,OAXACA,16.31666667,-95.23444444
20152,TEMASCAL,OAXACA,18.25,-96.4
20142,SILACAYOAPAM (DGE),OAXACA,17.5,-98.15055556
20154,SANTA MARIA TEOPOXCO,OAXACA,18.16666667,-96.95
20161,SAN PEDRO TEUTILA,OAXACA,18.0,-96.70972222
20176,VICENTE,OAXACA,18.51361111,-96.52472222
20158,SAN JUAN TEPEUXILA,OAXACA,17.73305556,-96.84972222
20172,SAN JUAN BAUTISTA TUXTEPEC I (DGE),OAXACA,18.1,-96.11666667
20178,VILLA CHALCATONGO (CFE),OAXACA,17.03305556,-97.58305556
20175,VALLE NACIONAL,OAXACA,17.78305556,-96.31666667
20159,SAN PEDRO Y SAN PABLO TEPOSCOLULA,OAXACA,17.51666667,-97.5
20163,TEZOATLAN DE SEGURA Y LUNA,OAXACA,17.65194444,-97.81083333
20165,TLACOLULA DE MATAMOROS,OAXACA,16.95,-96.48305556
20174,SAN  FELIPE USILA,OAXACA,17.88305556,-96.53305556
20180,VIVERO BENITO JUAREZ,OAXACA,17.06666667,-96.73305556
20177,SAN ILDELFONSO VILLA ALTA,OAXACA,17.35,-96.15
20164,SANTA MARIA TILTEPEC,OAXACA,17.48,-97.36666667
20160,SAN JUAN TEPONAXTLA,OAXACA,17.77305556,-96.7
20185,SANTIAGO YAVEO,OAXACA,17.33305556,-95.73305556
20170,TOTOLAPAM (SMN),OAXACA,16.66333333,-96.3075
20179,VILLA HIDALGO,OAXACA,17.2,-96.18305556
20182,XIQUILA,OAXACA,17.85777778,-97.1975
20195,TEMASCAL (CFE),OAXACA,18.23333333,-96.4
20188,SANTA MARIA ZACATEPEC (CFE),OAXACA,16.76416667,-97.98805556
20181,VIVERO RANCHO TEJA,OAXACA,17.3,-96.46666667
20198,YAHILA (CFE),OAXACA,17.55305556,-96.5725
20201,EL PORVENIR,OAXACA,18.15388889,-96.21638889
20173,UNION HIDALGO,OAXACA,16.46527778,-94.83305556
20183,SAN JUAN YAEE,OAXACA,17.43305556,-96.28305556
20203,SAN MIGUEL SOYALTEPEC,OAXACA,18.2,-96.48305556
20186,SANTIAGO YOSONDUA,OAXACA,16.89972222,-97.59972222
20189,ZAPOTE,OAXACA,17.68305556,-95.89055556
20205,EL TOMATAL,OAXACA,16.48,-98.13305556
20184,SAN CARLOS YAUTEPEC,OAXACA,16.50333333,-96.10833333
20207,MAGDALENA TETATEPEC,OAXACA,17.75916667,-97.85444444
20200,EL CARRIZO (CFE),OAXACA,16.25777778,-97.75166667
20220,COMITANCILLO,OAXACA,16.48305556,-95.16666667
20206,LA HAMACA,OAXACA,15.89277778,-96.18777778
20210,SAN JUAN BAUTISTA TUXTEPEC (SMN),OAXACA,18.05,-96.06666667
20212,YUTAMA (CFE),OAXACA,16.88305556,-97.63305556
20194,PUERTO ANGEL,OAXACA,15.86666667,-96.45
20224,E.T.A. 150 SAN PEDRO POCHUTLA,OAXACA,15.73305556,-96.45
20221,C.A.E. YANHUITLAN,OAXACA,17.51666667,-97.31666667
20211,SAN MARTIN MEXICAPAN,OAXACA,17.05666667,-96.70472222
20191,ZOQUITLAN,OAXACA,16.55,-96.36666667
20230,PRESA MATIAS ROMERO,OAXACA,17.26972222,-96.9
20209,ZIMATLAN,OAXACA,16.865,-96.78444444
20187,YUTACUA (CFE),OAXACA,16.60361111,-97.625
20232,PUTLA DE GUERRERO,OAXACA,17.01666667,-97.93305556
20229,E.T.A. 047 MACUILTIANGUIS,OAXACA,17.53972222,-96.54972222
20231,PUERTO SOLEDAD,OAXACA,18.16527778,-96.99805556
20242,ARENAL,OAXACA,17.58305556,-97.18305556
20235,BENEMERITO JUAREZ,OAXACA,18.11777778,-96.00111111
20236,BUENOS AIRES,OAXACA,17.95,-96.84916667
20243,E.T.A. 050 ZAACHILA,OAXACA,16.96666667,-96.81666667
20238,LA SABANA I,OAXACA,17.38305556,-95.51666667
20233,TOTOLAPAM (DGE),OAXACA,16.66388889,-96.30972222
20241,AYAUTLA,OAXACA,18.03111111,-96.67222222
20237,CAMPO EXPERIMENTAL LOMA BONITA,OAXACA,18.12444444,-95.87722222
20249,C.A.E. DEL ITSMO,OAXACA,16.46666667,-95.0
20246,LA CEIBA,OAXACA,15.86666667,-97.0
20248,SANTIAGO CHAZUMBA II,OAXACA,18.14,-97.73305556
20251,E.T.A. 199 SANTIAGO JAMILTEPEC,OAXACA,16.08305556,-97.76666667
20245,JALTEPEC,OAXACA,17.39222222,-97.19194444
20259,ZACATEPEC (SMN),OAXACA,17.15861111,-95.91305556
20261,EL REFUGIO,OAXACA,18.58305556,-96.65
20260,SARABIA II,OAXACA,17.06666667,-95.03305556
20264,LA SABANA II,OAXACA,17.33305556,-95.5
20256,XADANI,OAXACA,15.96666667,-96.06666667
20269,CUAUHTEMOC,OAXACA,17.08305556,-96.75666667
20258,SANTO DOMINGO BARRIO BAJO,OAXACA,17.2,-96.78
20274,LA ESMERALDA,OAXACA,17.13305556,-94.79972222
20273,HUMO CHICO,OAXACA,17.58305556,-96.5
20270,TEOTONGO,OAXACA,17.71416667,-97.53777778
20266,SAN PABLO HUIXTEPEC,OAXACA,16.82694444,-96.78055556
20276,LLANO DE LAS FLORES,OAXACA,17.45,-96.5
20141,SILACAYOAPAM (SMN),OAXACA,17.50055556,-98.15
20272,SAN JOSE TENANGO I,OAXACA,18.16,-96.67
20275,HUAJUAPAN DE LEON (DGE),OAXACA,17.8,-97.76666667
20284,VIVERO FORESTAL TLACOLULA,OAXACA,16.96666667,-96.38305556
20153,TEOJOMULCO,OAXACA,16.6,-97.2
20271,LA CARBONERA,OAXACA,17.39972222,-96.93305556
20288,LA AMARGURA,OAXACA,17.11666667,-94.78305556
20281,LA GRINGA,OAXACA,17.1,-94.13305556
20282,SANTA MARIA COATLAN,OAXACA,16.85555556,-95.52944444
20278,TAMAZULAPAM DEL PROGRESO,OAXACA,17.67305556,-97.57305556
20286,E.T.A. 205 TEMASCAL,OAXACA,18.33972222,-96.41666667
20287,AGUA FRIA,OAXACA,17.21666667,-97.98305556
20279,SOYALAPA (CFE),OAXACA,17.59694444,-96.56055556
20280,GUELATAO (CFE),OAXACA,17.33027778,-96.56416667
20277,RIO HONDO,OAXACA,16.47527778,-95.28138889
20296,MATIAS ROMERO (DGE),OAXACA,16.83305556,-95.05305556
20301,RIO VENADO,OAXACA,17.03305556,-97.97305556
20289,GUEVEA DE HUMBOLDT,OAXACA,16.78888889,-95.37166667
20299,PARAJE PEREZ,OAXACA,16.92972222,-97.80305556
20291,PASO ARNULFO,OAXACA,16.93305556,-94.68305556
20300,REFORMA DE PINEDA,OAXACA,16.41305556,-94.45305556
20293,JUNAPAN,OAXACA,17.18305556,-95.16666667
20295,SANTA MARIA DEL MAR,OAXACA,16.23305556,-94.84972222
20304,CIENEGUILLA,OAXACA,17.82972222,-98.29805556
20294,SAN JUAN BAUTISTA TUXTEPEC II,OAXACA,18.08305556,-96.13305556
20265,SAN MATEO ETLATONGO,OAXACA,17.41666667,-97.26666667
20310,SAN MIGUEL TLACOTEPEC,OAXACA,17.45,-98.0
20306,SAN LORENZO VISTA HERMOSA,OAXACA,17.95805556,-98.06777778
20303,TONAMECA,OAXACA,15.73916667,-96.54444444
20317,ZAPOTITLAN PALMAS (DGE),OAXACA,17.88305556,-97.81666667
20292,ZANATEPEC,OAXACA,16.48305556,-94.36777778
20305,SAN JUAN NOCHIXTLAN,OAXACA,18.1,-97.62666667
20290,NILTEPEC,OAXACA,16.55805556,-94.60805556
20313,TLAZOYALTEPEC,OAXACA,17.03166667,-96.99805556
20318,ALMOLOYA,OAXACA,16.75,-95.06666667
20298,HUAJUAPAN DE LEON (OBS),OAXACA,17.78888889,-97.77194444
20315,YUKUKIMI,OAXACA,17.43305556,-97.88305556
20323,C.A.E. LA MIXTECA BAJA,OAXACA,17.76638889,-97.75
20316,ZAPOTITLAN LAGUNAS,OAXACA,17.7,-98.41666667
20324,CANDELARIA LOXICHA,OAXACA,15.91666667,-96.5
20307,SAN MARTIN ITUNYOSO,OAXACA,17.23305556,-97.85305556
20190,ZAPOTITLAN PALMAS (SMN),OAXACA,17.88833333,-97.81777778
20314,YALALAG (CFE),OAXACA,17.19055556,-96.16888889
20327,CHACALAPA,OAXACA,15.81666667,-96.46666667
20208,SAN JUAN COPALA,OAXACA,17.18305556,-97.96666667
20321,LA BAMBA,OAXACA,16.01194444,-95.40805556
20320,AYUTA,OAXACA,15.91166667,-95.84444444
20331,GUIVICIA,OAXACA,16.93305556,-95.24305556
20308,SAN MATEO RIO HONDO,OAXACA,16.13916667,-96.44583333
20319,SANTIAGO ASTATA (DGE),OAXACA,15.97916667,-95.68888889
20332,HUAMELULA,OAXACA,16.01666667,-95.66666667
20322,CALIHUALA,OAXACA,17.51666667,-98.26666667
20330,GUICHIXU,OAXACA,16.695,-95.28583333
20344,EL TAPANAL,OAXACA,16.4925,-96.49305556
20328,CHAHUITES,OAXACA,16.25,-94.23305556
20162,TEQUISISTLAN,OAXACA,16.4175,-95.59888889
20339,SAN JUAN MIXTEPEC,OAXACA,16.27611111,-96.29972222
20338,MALATENGO,OAXACA,17.0,-95.18305556
20335,JALATENGO,OAXACA,16.03305556,-96.53
20329,FORTIN,OAXACA,17.06666667,-96.71666667
20336,LAZARO CARDENAS,OAXACA,16.73305556,-94.86666667
20346,SAN SEBASTIAN DE LAS GRUTAS,OAXACA,16.36666667,-95.45
20334,LA ITSMEÑA,OAXACA,17.18305556,-95.13305556
20343,SANTA MARIA XADANI,OAXACA,16.36666667,-95.01666667
20340,EL MORRO,OAXACA,16.11666667,-95.29972222
20351,SAN ISIDRO CHACALAPA,OAXACA,15.92555556,-95.93444444
20333,HUATULCO,OAXACA,15.81666667,-96.31666667
20325,COFRADIA,OAXACA,16.75,-94.75
20342,SAN JOSE DEL PACIFICO,OAXACA,16.16666667,-96.5
20350,JAMILTEPEC,OAXACA,16.28305556,-97.83305556
20223,C.A.E. RIO GRANDE,OAXACA,16.01666667,-97.56666667
20234,ACATLAN DE PEREZ FIGUEROA,OAXACA,18.53305556,-96.64
20347,EL HICACO,OAXACA,16.60055556,-94.51666667
20358,EL BARRIO,OAXACA,16.78305556,-95.08305556
20360,LA CUMBRE,OAXACA,16.815,-95.4
20363,GUIGOVELAGA,OAXACA,16.88305556,-95.45
20356,TAPANALA,OAXACA,15.96305556,-95.70277778
20365,MAGDALENA PEÑASCO,OAXACA,17.23305556,-97.53305556
20262,PAPELERA TUXTEPEC,OAXACA,18.0,-96.04972222
20353,TLACOLULITA,OAXACA,16.30055556,-95.72666667
20354,ZAACHILA,OAXACA,16.94777778,-96.78222222
20362,MENBRILLOS,OAXACA,18.01666667,-97.54972222
20368,SAN ANTONIO MONTEVERDE,OAXACA,17.53305556,-97.73305556
20369,SAN BARTOLO YAUTEPEC,OAXACA,16.43305556,-95.96666667
20372,LAJARCIA SAN JUAN,OAXACA,16.5,-95.93305556
20366,MITLA,OAXACA,16.91527778,-96.36444444
20373,SAN MARTIN PERAS,OAXACA,17.36666667,-98.25
20202,SANTA ANA TLAPACOYAN,OAXACA,16.73972222,-96.81666667
20364,HUITZO,OAXACA,17.28305556,-96.88305556
20285,SANTIAGO CHAZUMBA I,OAXACA,18.18861111,-97.68027778
20371,IHUALTEPEC,OAXACA,17.72666667,-98.30305556
20367,PRESA EL ESTUDIANTE,OAXACA,17.13638889,-96.62805556
20376,SANTOS REYES TEPEJILLO,OAXACA,17.41305556,-97.93305556
20388,ALBARRADAS,OAXACA,16.90694444,-96.27805556
20386,YAITEPEC,OAXACA,16.21666667,-97.26666667
20378,TOMATAL,OAXACA,16.47166667,-98.3525
20370,GICHICOVI,OAXACA,16.96666667,-95.09972222
20389,MATADAMAS,OAXACA,17.17722222,-96.78305556
20384,SAN ANTONIO HUITEPEC,OAXACA,16.91666667,-97.15
20391,INFIERNILLO,OAXACA,16.89111111,-97.21611111
20374,TIERRA NEGRA,OAXACA,17.21666667,-95.45
20382,EL MARQUES,OAXACA,16.43444444,-95.37416667
20385,TOTONTEPEC,OAXACA,17.25,-96.10666667
20379,YODOCONO DE PORFIRIO DIAZ,OAXACA,17.38083333,-97.3575
20390,EL TULE,OAXACA,17.06583333,-96.62361111
20383,REYES MANTECON,OAXACA,16.925,-96.71833333
20380,YOSOCUNO,OAXACA,17.85,-97.58305556
20387,SANTIAGO ZACATEPEC (DGE),OAXACA,17.15972222,-95.91222222
20400,SAN JOSE TRUJAPAM,OAXACA,18.06361111,-96.54194444
20302,SAN ANDRES CHICAHUAXTLA,OAXACA,17.14972222,-97.84972222
20311,SAN SEBASTIAN FRONTERA,OAXACA,18.25083333,-97.65333333
20341,SAN FRANCISCO DEL MAR,OAXACA,16.33861111,-94.51361111
20326,COZOALTEPEC,OAXACA,15.78944444,-96.72333333
20451,SAN JUAN GUELAVIA,OAXACA,16.96,-96.54972222
20454,PINOTEPA NACIONAL (DGE),OAXACA,16.34138889,-98.05194444
20458,SANTA MARIA ZANIZA,OAXACA,16.25,-98.01666667
20381,ZAPOTALILLO,OAXACA,15.985,-97.55027778
20355,COSOLTEPEC,OAXACA,18.13305556,-97.79972222
20375,SANTIAGO DEL RIO,OAXACA,17.46972222,-98.09972222
20502,LA ESTANCIA,OAXACA,17.39972222,-98.16305556
20503,NUEVA ESPERANZA,OAXACA,16.56305556,-98.09972222
20504,TLAHUINTOLTEPEC,OAXACA,17.09138889,-96.05944444
20505,SAN BALTAZAR LOXICHA,OAXACA,16.06805556,-96.79416667
20509,JALPA DE MARQUEZ,OAXACA,18.06333333,-96.65166667
20508,QUIATONI,OAXACA,16.77944444,-96.03166667
20500,TILANTONGO,OAXACA,17.28805556,-97.36805556
20459,ZIMATAN,OAXACA,15.84694444,-95.99888889
20507,DIAZ ORDAZ,OAXACA,16.99722222,-96.4325
20506,MARIA LOMBARDO,OAXACA,17.43444444,-95.49388889
21001,ACATITAN,PUEBLA,18.15,-97.5
21002,ACATEPEC,PUEBLA,18.22777778,-97.57805556
21022,CARMEN (CFE),PUEBLA,20.27055556,-97.84722222
21003,ACATLAN DE OSORIO (SMN),PUEBLA,18.3,-98.05
21004,ACATLAN DE OSORIO (DGE),PUEBLA,18.29666667,-98.05555556
21020,MORELOS CAÑADA,PUEBLA,18.76027778,-97.42694444
21006,AHUACATLAN,PUEBLA,20.0075,-97.86027778
21027,CIUDAD SERDAN (DGE),PUEBLA,18.94444444,-97.45777778
21014,AYOTOXCO (CFE),PUEBLA,20.09694444,-97.41
21025,CHILCHOTLA (CFE),PUEBLA,19.255,-97.18277778
21008,AQUIXTLA (CFE),PUEBLA,19.79555556,-97.93555556
21005,ACATZINGO DE HIDALGO,PUEBLA,18.99388889,-97.80555556
21007,AHUATEPEC,PUEBLA,18.86944444,-97.91972222
21029,COLONIA TEMEXTLA,PUEBLA,19.62194444,-97.68111111
21023,CHAPULCO,PUEBLA,18.62,-97.41055556
21009,ALCOMUNGA,PUEBLA,18.43055556,-97.025
21018,CALIPAN,PUEBLA,18.29583333,-97.16388889
21019,CALTEPEC,PUEBLA,18.2025,-97.4525
21030,COXCATLAN,PUEBLA,18.27638889,-97.15972222
21010,ALTEPEXI,PUEBLA,18.3675,-97.29861111
21039,GUADALUPE POTREROS,PUEBLA,18.87416667,-97.32416667
21011,TETELILLA (CFE),PUEBLA,19.93194444,-97.41583333
21037,EL PAREDON,PUEBLA,19.86777778,-98.25333333
21015,AXUTLA (CFE),PUEBLA,18.17055556,-98.38805556
21042,HONEY (CFE),PUEBLA,20.25,-98.2
21038,EL PROGRESO,PUEBLA,19.38527778,-97.28916667
21041,COAMANALA (CFE),PUEBLA,20.08333333,-98.01666667
21054,LA FUNDICION (CFE),PUEBLA,19.85,-97.31666667
21026,CIUDAD SERDAN (SMN),PUEBLA,18.98388889,-97.44166667
21047,IXTACAMAXTITLAN (CFE),PUEBLA,19.62277778,-97.81416667
21031,CUESTA BLANCA,PUEBLA,18.85861111,-97.46305556
21048,IXCAMILPA (CFE),PUEBLA,18.03972222,-98.72
21057,MAPILCO (CFE),PUEBLA,19.98333333,-97.61666667
21061,PASO DEL JARDIN (CFE),PUEBLA,20.13333333,-97.46666667
21024,CHIETLA,PUEBLA,18.52666667,-98.58222222
21013,AXUSCO,PUEBLA,18.23361111,-97.20027778
21062,PATLA (CFE),PUEBLA,20.24805556,-97.85166667
21012,ATLIXCO,PUEBLA,18.92166667,-98.45416667
21032,CUETZALAN DEL PROGRESO,PUEBLA,20.03888889,-97.52222222
21045,HUEHUETLAN EL GRANDE,PUEBLA,18.74888889,-98.16916667
21058,NUEVO NECAXA (CFE),PUEBLA,20.21083333,-98.00444444
21033,CACALOAPAN,PUEBLA,18.5825,-97.58472222
21021,CAPULUAQUE (CFE),PUEBLA,19.82444444,-97.80722222
21044,HUAUCHINANGO (CFE),PUEBLA,20.17472222,-98.0525
21055,LA PAGODA (CFE),PUEBLA,19.86611111,-97.53416667
21049,IZUCAR DE MATAMOROS (DGE),PUEBLA,18.62305556,-98.46722222
21043,HUAHUAXTLA (CFE),PUEBLA,19.91555556,-97.60722222
21053,SAN BERNARDINO LAGUNAS,PUEBLA,18.60388889,-97.2725
21016,BALCON DIABLO,PUEBLA,18.8975,-98.13222222
21036,EL CARMEN,PUEBLA,20.09,-98.14
21059,OYAMELES,PUEBLA,19.6975,-97.5475
21075,SAN LORENZO,PUEBLA,18.49472222,-97.44472222
21064,PRESA LA SOLEDAD (CFE),PUEBLA,19.86444444,-97.48555556
21068,RANCHO APULCO,PUEBLA,19.91972222,-97.60805556
21072,SAN DIEGO TEXMELUCAN,PUEBLA,19.01972222,-97.45055556
21073,SAN ISIDRO CANOAS ALTAS,PUEBLA,18.98277778,-97.35222222
21069,SAN ANTONIO ARROYO PRIETO (CFE),PUEBLA,19.545,-97.8325
21077,SAN LUIS ATEXCAC,PUEBLA,19.34638889,-97.45611111
21076,SAN LORENZO TLAXIPEHUALA (CFE),PUEBLA,20.12972222,-97.97277778
21070,SAN ANTONIO CAÑADA,PUEBLA,18.51388889,-97.29722222
21074,SAN JUAN ACATENO (CFE),PUEBLA,19.87638889,-97.36722222
21067,QUIMIXTLAN,PUEBLA,19.26361111,-97.14805556
21040,GUADALUPE BUENAVISTA,PUEBLA,19.37027778,-97.35583333
21046,HUEJOTZINGO,PUEBLA,19.16194444,-98.40638889
21071,SAN BALTAZAR TETELA,PUEBLA,18.90444444,-98.17055556
21065,PUEBLA (OBS),PUEBLA,19.05,-98.16666667
21078,SAN MARTIN TEXMELUCAN LABASTIDA,PUEBLA,19.29861111,-98.43388889
21085,TENANGO DE LAS FLORES (CFE),PUEBLA,20.20388889,-97.98777778
21066,PUEBLO NUEVO (CFE),PUEBLA,19.95555556,-98.11111111
21060,PALMAR DE BRAVO,PUEBLA,18.83694444,-97.54722222
21052,ALCHICHICA,PUEBLA,19.41194444,-97.39388889
21087,TEPEXI DE RODRIGUEZ,PUEBLA,18.59611111,-97.93
21079,SAN PEDRO TEMAMANTLA,PUEBLA,18.92805556,-97.51138889
21093,TLACOTEPEC DE BENITO JUAREZ,PUEBLA,18.68666667,-97.67
21081,SANTA CRUZ COYOTEPEC,PUEBLA,19.02333333,-97.56694444
21050,JOLALPAN,PUEBLA,18.32361111,-98.81972222
21101,FLOR DEL BOSQUE,PUEBLA,19.03527778,-98.11472222
21097,TLAXCO (CFE),PUEBLA,20.42527778,-98.02916667
21086,TEPEACA,PUEBLA,18.98111111,-97.89694444
21084,TELPATLAN,PUEBLA,18.52805556,-97.14472222
21099,TOMA VEINTISEIS (CFE),PUEBLA,19.93333333,-97.93333333
21088,TEPEIXCO (CFE),PUEBLA,20.02888889,-97.95777778
21092,TILAPA,PUEBLA,18.15722222,-97.10722222
21106,ZACATLAN (CFE),PUEBLA,19.93138889,-97.96027778
21082,TECAMACHALCO,PUEBLA,18.89833333,-97.72805556
21094,SAN SEBASTIAN TLACOTEPEC DE DIAZ,PUEBLA,18.405,-96.83583333
21104,ZACAPOAXTLA (DGE),PUEBLA,19.89111111,-97.58833333
21110,ZAPOTITLAN SALINAS (DGE),PUEBLA,18.34944444,-97.48277778
21112,ZEMPOALA (CFE),PUEBLA,20.08888889,-97.99583333
21105,ZACATEPEC,PUEBLA,19.26611111,-97.53361111
21091,TEZIUTLAN,PUEBLA,19.81527778,-97.36
21056,LA TRINIDAD (CFE),PUEBLA,19.28333333,-97.21666667
21113,ZINACATEPEC (SMN),PUEBLA,18.33333333,-97.25
21063,PIAXTLA,PUEBLA,18.19972222,-98.26027778
21051,JOPALA (CFE),PUEBLA,20.19694444,-97.80972222
21034,ECHEVERRIA,PUEBLA,18.95555556,-98.27527778
21080,SAN SALVADOR EL SECO,PUEBLA,19.13361111,-97.6625
21109,ZAPOTITLAN SALINAS (SMN),PUEBLA,18.33194444,-97.47444444
21100,VISTA HERMOSA,PUEBLA,19.12972222,-97.73333333
21095,TLACHICHUCA,PUEBLA,19.14222222,-97.42
21114,ZOQUITLAN,PUEBLA,18.33,-97.01416667
21096,SANTA RITA TLAHUAPAN,PUEBLA,19.34638889,-98.58138889
21035,PUEBLA (DGE),PUEBLA,19.0125,-98.19305556
21103,ZACAPOAXTLA (SMN),PUEBLA,19.86,-97.58555556
21116,CHIAUTLA DE TAPIA,PUEBLA,18.28666667,-98.60111111
21119,LIBRES (SMN),PUEBLA,19.50027778,-97.75805556
21128,EL ROSARIO (CFE),PUEBLA,20.01666667,-97.48333333
21115,SAN CRISTOBAL TULCINGO,PUEBLA,17.97944444,-98.38472222
21130,LOS REYES (CFE),PUEBLA,19.80277778,-98.24666667
21102,XOCHITLAN TODOS SANTOS,PUEBLA,18.72111111,-97.785
21117,GUADALUPE VICTORIA,PUEBLA,19.29138889,-97.34194444
21122,ORIENTAL,PUEBLA,19.37722222,-97.61805556
21098,TLATLAUQUITEPEC (CFE),PUEBLA,19.91944444,-97.46388889
21121,NEXAPA (CFE),PUEBLA,20.17,-97.98722222
21134,LOS MOLINOS,PUEBLA,18.94277778,-98.39611111
21124,HUEHUETLAN EL CHICO,PUEBLA,18.37472222,-98.6875
21125,LAGUNA (CFE),PUEBLA,20.05916667,-98.15416667
21111,SANTIAGO ZAUTLA (CFE),PUEBLA,19.71444444,-97.67277778
21108,ZAPOTITLAN DE MENDEZ,PUEBLA,19.99888889,-97.71888889
21135,PATLA (CFE),PUEBLA,20.23972222,-97.85777778
21129,FRANCISCO I. MADERO,PUEBLA,19.61472222,-97.50111111
21107,ZACATLAN,PUEBLA,19.96,-97.96
21139,E.T.A. 051 ATENCINGO,PUEBLA,18.50222222,-98.61777778
21120,UNIVERSIDAD DE PUEBLA (OBS),PUEBLA,18.99555556,-98.20138889
21145,GUADALUPE VICTORIA,PUEBLA,19.3,-97.3
21123,HUAQUECHULA,PUEBLA,18.77861111,-98.54083333
21141,C.R.D.F. BENITO JUAREZ,PUEBLA,18.33333333,-98.26666667
21126,LOMA ALTA (CFE),PUEBLA,19.82972222,-97.99305556
21157,SAN JOSE IXTAPA,PUEBLA,18.71666667,-97.45833333
21149,SAN JUAN ATZINGO,PUEBLA,18.29805556,-97.38416667
21090,TEZIUTLAN (CFE),PUEBLA,19.82916667,-97.3625
21083,TEHUACAN,PUEBLA,18.46388889,-97.39305556
21159,ESPERANZA,PUEBLA,18.85916667,-97.37555556
21142,VENUSTIANO CARRANZA,PUEBLA,20.51027778,-97.66805556
21161,ATZITZINTLA,PUEBLA,18.90194444,-97.33527778
21158,PASO CARRETAS,PUEBLA,18.92027778,-97.2525
21147,APAPANTILLA,PUEBLA,20.40444444,-97.84472222
21154,SANTA CATARINA LOS REYES,PUEBLA,18.88083333,-97.43527778
21140,CHIGNAHUAPAN,PUEBLA,19.83944444,-98.03277778
21166,ANONAS,PUEBLA,18.02,-98.31611111
21143,SAN JOSE ACATENO,PUEBLA,20.14,-97.20111111
21137,TEPANGO DE RODRIGUEZ,PUEBLA,20.00083333,-97.79416667
21162,CAMPO EXPERIMENTAL TEZIUTLAN,PUEBLA,19.81222222,-97.37055556
21148,SAN MIGUEL CANOA,PUEBLA,19.13222222,-98.07777778
21173,SANTA MARIA TECHACHALCO,PUEBLA,18.95416667,-97.47055556
21118,HUAUCHINANGO,PUEBLA,20.17861111,-98.06611111
21170,LA PURISIMA,PUEBLA,18.83111111,-97.57333333
21178,TULCINGO DEL VALLE,PUEBLA,18.03333333,-98.01666667
21132,IZUCAR DE MATAMOROS (SMN),PUEBLA,18.61222222,-98.46805556
21169,PEÑAS,PUEBLA,18.22638889,-98.22055556
21175,SANTA ANA TEPEJILLO,PUEBLA,18.05472222,-97.84861111
21171,SANTA CRUZ MONTERROSAS,PUEBLA,18.89972222,-97.56472222
21172,SANTA MARIA COHETZALA,PUEBLA,18.18555556,-98.81027778
21164,C.A.E. SAN JUAN TETLA,PUEBLA,19.21527778,-98.50222222
21174,TEPECAPAN (CFE),PUEBLA,19.97083333,-97.64916667
21165,AHUATEMPAN,PUEBLA,18.41527778,-98.01666667
21167,SAN ANDRES CALPAN,PUEBLA,19.10555556,-98.46361111
21183,ACAXTLAHUACAN,PUEBLA,18.01527778,-98.54
21182,PALMARITO,PUEBLA,18.90333333,-97.63555556
21163,EL BATAN,PUEBLA,18.97972222,-98.17777778
21179,TLACUALPICAN,PUEBLA,18.42666667,-98.68944444
21127,XICOTEPEC DE JUAREZ,PUEBLA,20.27694444,-97.96027778
21184,LIBRES (DGE),PUEBLA,19.43472222,-97.69638889
21177,TEPEXCO,PUEBLA,18.64333333,-98.69111111
21191,TLAHUAPAN,PUEBLA,19.34027778,-98.58166667
21187,SAN JUAN PILCAYA,PUEBLA,18.21722222,-98.70611111
21188,TECUATITLAN,PUEBLA,18.13472222,-98.30888889
21194,SANTA CATARINA E-28,PUEBLA,18.91027778,-98.61833333
21196,TOCHIMILCO D-1,PUEBLA,18.85111111,-98.55861111
21136,ACAJETE,PUEBLA,19.1125,-97.95611111
21195,SANTA CRUZ CUAUTOMATITLA E-3,PUEBLA,18.90138889,-98.55527778
21198,CHILA DE LA SAL,PUEBLA,18.10944444,-98.48333333
21176,TONAHUIXTLA,PUEBLA,18.19916667,-97.88638889
21193,SAN PEDRO BENITO JUAREZ E-1,PUEBLA,18.92194444,-98.55138889
21200,LIBRES (CRP),PUEBLA,19.46305556,-97.68611111
21208,GOMEZ PONIENTE (CFE),PUEBLA,19.93805556,-97.48916667
21189,TEOTLALCO,PUEBLA,18.47111111,-98.77777778
21216,TEPOXTITLAN,PUEBLA,18.38722222,-97.67861111
21190,VENTA GRANDE,PUEBLA,20.11944444,-98.10083333
21185,PIEDRAS NEGRAS,PUEBLA,20.44166667,-97.76138889
21199,GUADALUPE,PUEBLA,18.08583333,-98.15888889
21214,SAN JUAN TETLA SIETE NORTE,PUEBLA,19.17388889,-98.58055556
21192,HUILANGO E-2,PUEBLA,18.85805556,-98.595
21209,LOS HUMEROS (CFE),PUEBLA,19.67916667,-97.40611111
21213,SAN MARTINITO,PUEBLA,19.27194444,-98.59305556
21197,TOCHIMILCO D-2,PUEBLA,18.84666667,-98.61194444
21222,TLAXCO,PUEBLA,20.37416667,-98.04055556
21206,SANTA CATARINA TLALTEMPAN,PUEBLA,18.61694444,-98.08527778
21224,SAN NICOLAS TETELA,PUEBLA,19.81555556,-97.80694444
21220,UNIVERSIDAD DE LA SIERRA,PUEBLA,20.17722222,-98.06111111
21223,XALITZINTLA,PUEBLA,19.09,-98.53166667
21219,EL TEPETATE,PUEBLA,20.4275,-97.78666667
21236,AVILA CAMACHO,PUEBLA,20.38583333,-97.88111111
21234,PRESA BOQUERONCITOS,PUEBLA,18.30888889,-98.21472222
21212,METLALTOYUCA,PUEBLA,20.74833333,-97.865
21232,SAN CRISTOBAL TEPATLAXCO,PUEBLA,19.28583333,-98.44222222
21221,ATENCO,PUEBLA,19.08527778,-97.54138889
21226,LAGUNA EL SALADO (CFE),PUEBLA,19.47833333,-97.47083333
21211,AMELUCA,PUEBLA,20.58027778,-97.84694444
21210,AHUAZOTEPEC,PUEBLA,20.04055556,-98.17388889
21203,MOLCAXAC,PUEBLA,18.73833333,-97.91111111
21215,AYOTOXCO DE GUERRERO,PUEBLA,20.1,-97.41027778
21205,SANTA CRUZ TEJALPA,PUEBLA,18.37555556,-98.36305556
21230,SAN JUAN COATZINGO,PUEBLA,18.6125,-98.165
21248,PUEBLA (CONAGUA),PUEBLA,19.02416667,-98.21555556
21242,CAPULAC,PUEBLA,19.09305556,-98.05944444
21231,TEOPANTLAN,PUEBLA,18.7125,-98.2625
21235,SAN ISIDRO HUILOTEPEC,PUEBLA,18.88388889,-98.38027778
21249,AFRICAM ZAFARI,PUEBLA,18.93888889,-98.135
21207,ZARAGOZA,PUEBLA,19.78611111,-97.55277778
21201,LAS MARGARITAS,PUEBLA,19.98722222,-97.29833333
21243,CEMEX,PUEBLA,18.96888889,-97.95833333
21217,TEUTLA,PUEBLA,18.29555556,-98.81555556
21247,CHOLULA,PUEBLA,19.06861111,-98.31805556
21244,TEPEYAHUALCO,PUEBLA,19.49,-97.49444444
22002,AYUTLA,QUERÉTARO,21.36527778,-99.59027778
22008,JALPAN (SMN),QUERÉTARO,21.22138889,-99.4775
22001,AMEALCO,QUERÉTARO,20.18472222,-100.1455556
22003,CAMPO EXPERIMENTAL CADEREYTA,QUERÉTARO,20.705,-99.81388889
22007,JALPAN (DGE),QUERÉTARO,21.21666667,-99.46666667
22005,EL DOCTOR,QUERÉTARO,20.85055556,-99.58777778
22004,EL BATAN,QUERÉTARO,20.50416667,-100.4244444
22014,RANCHO VANEGAS,QUERÉTARO,20.57305556,-100.4377778
22010,MATZACINTLA (CFE),QUERÉTARO,21.16833333,-99.34333333
22016,SAN JOAQUIN,QUERÉTARO,20.91611111,-99.565
22018,VILLA CORREGIDORA,QUERÉTARO,20.53333333,-100.4333333
22009,LA PALMA,QUERÉTARO,20.51666667,-100.1833333
22021,CADEREYTA DE MONTES,QUERÉTARO,20.69333333,-99.81333333
22015,SAN JUAN DEL RIO (SMN),QUERÉTARO,20.38333333,-100.0
22019,LA LAGUNITA,QUERÉTARO,21.24222222,-99.26027778
22025,PRESA CENTENARIO,QUERÉTARO,20.51305556,-99.9
22028,GALINDO,QUERÉTARO,20.39305556,-100.0941667
22030,PALMILLAS,QUERÉTARO,20.33361111,-99.94055556
22031,PRESA PASO DE TABLAS,QUERÉTARO,20.54361111,-99.83916667
22022,SAN JUAN DEL RIO (DGE),QUERÉTARO,20.37416667,-99.99833333
22012,PEÑAMILLER,QUERÉTARO,21.055,-99.81444444
22024,TRES LAGUNAS,QUERÉTARO,21.32527778,-99.20416667
22040,E.T.A. 210 PEDRO ESCOBEDO,QUERÉTARO,20.49277778,-100.1305556
22037,EL RINCON,QUERÉTARO,20.18333333,-100.15
22044,GALINDILLO,QUERÉTARO,20.28027778,-100.1108333
22034,VILLA BERNAL,QUERÉTARO,20.74166667,-99.94166667
22032,PRESA CONSTITUCION,QUERÉTARO,20.41888889,-100.0722222
22052,EZEQUIEL MONTES,QUERÉTARO,20.66388889,-99.89361111
22046,NOGALES,QUERÉTARO,20.69861111,-100.1441667
22011,PEDRO ESCOBEDO,QUERÉTARO,20.5,-100.1333333
22045,JURIQUILLA,QUERÉTARO,20.70444444,-100.4594444
22049,EL ZAMORANO,QUERÉTARO,20.90416667,-100.2116667
22035,VIZARRON,QUERÉTARO,20.83388889,-99.70361111
22061,CONAFRUT LOS CUES,QUERÉTARO,20.78333333,-100.5166667
22059,SAN JUAN (CFE),QUERÉTARO,20.83333333,-99.78333333
22026,COLON,QUERÉTARO,20.78555556,-100.0452778
22053,EL GALLO,QUERÉTARO,20.66833333,-100.0461111
22043,COYOTILLOS,QUERÉTARO,20.59916667,-100.2097222
22036,ARROYO SECO,QUERÉTARO,21.54833333,-99.68861111
22027,E.T.A. 128 CARRILLO,QUERÉTARO,20.6,-100.4333333
22029,HUIMILPAN,QUERÉTARO,20.38388889,-100.2805556
22013,QUERETARO (OBS),QUERÉTARO,20.58333333,-100.4
22006,EL PUEBLITO,QUERÉTARO,20.52194444,-100.4480556
22064,PINAL DE AMOLES,QUERÉTARO,21.13527778,-99.6275
22033,SAN PABLO,QUERÉTARO,20.12833333,-99.99666667
22038,E.T.A. 317 TOLIMAN,QUERÉTARO,20.90861111,-99.92888889
22042,LA LLAVE,QUERÉTARO,20.46416667,-99.99138889
22062,GUILLEN,QUERÉTARO,21.04,-99.86277778
22041,LA JOYA,QUERÉTARO,20.81472222,-100.55
22056,HIGUERILLAS,QUERÉTARO,20.91444444,-99.76305556
22047,PRESA EL CAPULIN,QUERÉTARO,20.12916667,-100.0097222
22071,MESA DE LEON (CFE),QUERÉTARO,20.6825,-99.5625
22063,QUERETARO (DGE),QUERÉTARO,20.57027778,-100.3697222
22017,TOLIMAN,QUERÉTARO,20.85722222,-99.89972222
22054,EL SALITRE,QUERÉTARO,20.71916667,-99.6925
22050,CEJA DE BRAVO,QUERÉTARO,20.3825,-100.3872222
22058,SANTA TERESA,QUERÉTARO,20.49194444,-100.3033333
22057,PEÑAMILLER (DGE),QUERÉTARO,21.05,-99.8
22051,EL COMEDERO,QUERÉTARO,21.14833333,-99.77888889
22069,PATHE (CFE),QUERÉTARO,20.59861111,-99.70166667
22070,PLANTEL 7,QUERÉTARO,20.60555556,-100.3436111
22067,LA VENTA,QUERÉTARO,20.48611111,-100.1875
22068,LA SOLEDAD,QUERÉTARO,20.85333333,-100.0619444
23002,BACALAR,QUINTANA ROO,18.68333333,-88.38333333
23010,ISLA MUJERES,QUINTANA ROO,21.23555556,-86.735
23005,COZUMEL (OBS),QUINTANA ROO,20.41666667,-86.95
23007,TAMPAK,QUINTANA ROO,19.56666667,-88.7
23001,ALVARO OBREGON,QUINTANA ROO,18.29333333,-88.64166667
23012,COBA,QUINTANA ROO,20.48861111,-87.7375
23017,PALMAS,QUINTANA ROO,19.23333333,-88.11666667
23013,LA PRESUMIDA,QUINTANA ROO,19.80222222,-88.75444444
23020,RIO INDIO,QUINTANA ROO,18.96666667,-87.61666667
23011,KANTUNILKIN,QUINTANA ROO,21.09583333,-87.48555556
23015,LOS POZOS,QUINTANA ROO,18.55,-88.48333333
23025,TULUM,QUINTANA ROO,20.22555556,-87.45805556
23026,VALLE HERMOSO,QUINTANA ROO,19.18888889,-88.52388889
23016,NICOLAS BRAVO KM. 71,QUINTANA ROO,18.45833333,-88.93222222
23018,PUCTE,QUINTANA ROO,18.23166667,-88.66555556
23009,ISLA HOLBOX,QUINTANA ROO,21.52138889,-87.37277778
23030,NUEVO XCAN,QUINTANA ROO,20.88333333,-87.58333333
23003,FELIPE CARRILLO PUERTO (DGE),QUINTANA ROO,19.57555556,-88.045
23043,SAN FELIPE BACALAR,QUINTANA ROO,18.75888889,-88.34166667
23029,XCALAK,QUINTANA ROO,18.27138889,-87.83583333
23006,CHETUMAL (OBS),QUINTANA ROO,18.49972222,-88.32638889
23014,LEONA VICARIO,QUINTANA ROO,20.98833333,-87.20444444
23022,SEÑOR,QUINTANA ROO,19.84722222,-88.13777778
23041,DZIUCHE,QUINTANA ROO,19.90111111,-88.81194444
23050,INIP,QUINTANA ROO,18.25,-88.63333333
23042,LIMONES,QUINTANA ROO,19.02194444,-88.11083333
23021,SANTA CRUZ CHICO,QUINTANA ROO,18.91666667,-88.28333333
23031,X-PICHIL,QUINTANA ROO,19.69444444,-88.37638889
23048,COZUMEL (DGE),QUINTANA ROO,20.51,-86.94611111
23044,ADOLFO LOPEZ MATEOS,QUINTANA ROO,19.63305556,-88.6875
23004,COCOYOL,QUINTANA ROO,18.16666667,-88.81666667
23049,I.N.I.A. CAECHET,QUINTANA ROO,18.57222222,-88.45944444
23051,PEDRO ANTONIO DE LOS SANTOS,QUINTANA ROO,18.95472222,-88.16444444
23027,VICTORIA,QUINTANA ROO,20.79055556,-87.28027778
23019,PUERTO MORELOS,QUINTANA ROO,20.85361111,-86.87472222
23023,SOLFERINO,QUINTANA ROO,21.34583333,-87.43027778
23032,CHETUMAL (DGE),QUINTANA ROO,18.50055556,-88.3275
23024,TIHOSUCO,QUINTANA ROO,20.19333333,-88.36611111
23033,CHACCHOBEN,QUINTANA ROO,18.97888889,-88.21333333
23150,SABAN,QUINTANA ROO,20.03222222,-88.54194444
23152,ANDRES QUINTANA ROO,QUINTANA ROO,19.16194444,-88.10361111
23040,SERGIO BUTRON CASAS,QUINTANA ROO,18.51,-88.56861111
23045,FELIPE CARRILLO PUERTO (OBS),QUINTANA ROO,19.56666667,-88.05
23153,TECNOLOGICO CHETUMAL,QUINTANA ROO,18.51888889,-88.30083333
23160,REFORMA,QUINTANA ROO,18.81305556,-88.57277778
23159,CANDELARIA,QUINTANA ROO,19.73777778,-88.9575
23166,CENTRAL VALLARTA,QUINTANA ROO,20.86333333,-87.04805556
23154,AGUA BLANCA,QUINTANA ROO,18.00861111,-88.82305556
23162,LAGUNA KANA,QUINTANA ROO,19.50138889,-88.39777778
23165,JOSE MARIA MORELOS,QUINTANA ROO,19.73888889,-88.70972222
23155,CANCUN,QUINTANA ROO,21.15666667,-86.82027778
23163,PLAYA DEL CARMEN,QUINTANA ROO,20.63444444,-87.07777778
23157,IDEAL,QUINTANA ROO,20.88222222,-87.54638889
23171,LAGUNA GUERRERO,QUINTANA ROO,18.70361111,-88.25777778
23164,DOS AGUADAS,QUINTANA ROO,18.12611111,-89.14361111
23158,MAHAHUAL,QUINTANA ROO,18.70583333,-87.71388889
23172,HOSPITAL MORELOS DE CHETUMAL,QUINTANA ROO,18.50166667,-88.29805556
23169,LA UNION II,QUINTANA ROO,18.3875,-88.9125
23167,OTILIO MONTAÑO,QUINTANA ROO,19.00833333,-88.83333333
23170,JUAN SARABIA,QUINTANA ROO,18.50305556,-88.48138889
23161,MOROCOY,QUINTANA ROO,18.60055556,-88.80972222
24001,AGUA BUENA (SMN),SAN LUIS POTOSÍ,21.8525,-99.37972222
24002,ALTAMIRA,SAN LUIS POTOSÍ,21.66666667,-98.97333333
24003,AQUISMON,SAN LUIS POTOSÍ,21.62777778,-99.01583333
24008,CERRITOS,SAN LUIS POTOSÍ,22.43194444,-100.2808333
24012,CIUDAD VALLES,SAN LUIS POTOSÍ,21.97361111,-99.00138889
24006,CARDENAS (DGE),SAN LUIS POTOSÍ,22.00416667,-99.64638889
24011,CIUDAD DEL MAIZ (DGE),SAN LUIS POTOSÍ,22.40194444,-99.59944444
24004,ARMADILLO DE LOS INFANTE,SAN LUIS POTOSÍ,22.245,-100.6552778
24015,EBANO,SAN LUIS POTOSÍ,22.21027778,-98.39055556
24005,BALLESMI,SAN LUIS POTOSÍ,21.73472222,-98.95
24009,SAN MARTIN CHALCHICUAUTLA,SAN LUIS POTOSÍ,21.37277778,-98.65527778
24013,COLONIA ALVARO OBREGON,SAN LUIS POTOSÍ,22.25305556,-99.67416667
24018,EL CHOY,SAN LUIS POTOSÍ,21.96666667,-98.86666667
24030,FARO GALLINAS,SAN LUIS POTOSÍ,22.02472222,-100.2044444
24010,CHARCAS (DGE),SAN LUIS POTOSÍ,23.12611111,-101.1127778
24017,EL COCO,SAN LUIS POTOSÍ,22.12583333,-98.73
24016,ABRITAS,SAN LUIS POTOSÍ,22.49333333,-99.42888889
24007,NORMAL DEL DESIERTO,SAN LUIS POTOSÍ,23.75583333,-100.7266667
24029,E.T.A. 131 CIUDAD FERNANDEZ,SAN LUIS POTOSÍ,21.95,-100.0166667
24014,DAMIAN CARMONA,SAN LUIS POTOSÍ,22.11,-99.28666667
24022,EL HUIZACHE,SAN LUIS POTOSÍ,22.925,-100.4611111
24038,LOS PILARES,SAN LUIS POTOSÍ,22.45,-101.0833333
24041,MATEHUALA (DGE),SAN LUIS POTOSÍ,23.65,-100.6333333
24036,LAS ADJUNTAS,SAN LUIS POTOSÍ,21.975,-98.56666667
24020,EL FISCAL,SAN LUIS POTOSÍ,21.87,-98.68333333
24034,LA SALITRERA,SAN LUIS POTOSÍ,21.93777778,-100.5844444
24019,EL ESTRIBO,SAN LUIS POTOSÍ,23.09361111,-101.5588889
24023,EL NARANJO,SAN LUIS POTOSÍ,22.51805556,-99.33055556
24031,GALLINAS,SAN LUIS POTOSÍ,21.905,-99.24861111
24024,EL PEAJE,SAN LUIS POTOSÍ,22.09055556,-101.1152778
24025,EL PUJAL,SAN LUIS POTOSÍ,21.84166667,-98.925
24027,EL SALTO (CFE),SAN LUIS POTOSÍ,22.58361111,-99.43666667
24040,MATEHUALA (SMN),SAN LUIS POTOSÍ,23.68055556,-100.6444444
24047,OJO DE AGUA,SAN LUIS POTOSÍ,22.13388889,-99.54
24058,PRESA PALOMAS,SAN LUIS POTOSÍ,22.18333333,-99.65
24032,GUADALCAZAR,SAN LUIS POTOSÍ,22.6175,-100.3980556
24049,PAPAGAYOS,SAN LUIS POTOSÍ,22.37222222,-99.455
24044,MOCTEZUMA (DGE),SAN LUIS POTOSÍ,22.75194444,-101.0833333
24048,VALLEJO,SAN LUIS POTOSÍ,23.11444444,-101.5458333
24035,LAGUNILLAS,SAN LUIS POTOSÍ,21.58611111,-99.56666667
24028,EL TIGRE,SAN LUIS POTOSÍ,22.24694444,-99.12083333
24042,MEXQUITIC,SAN LUIS POTOSÍ,22.28,-101.125
24061,RINCON DEL PORVENIR,SAN LUIS POTOSÍ,22.31972222,-101.1766667
24053,CIUDAD SANTOS,SAN LUIS POTOSÍ,21.50416667,-98.56472222
24056,PONCIANO ARRIAGA,SAN LUIS POTOSÍ,22.21361111,-98.985
24060,RAYON,SAN LUIS POTOSÍ,21.84194444,-99.64083333
24055,PEÑON BLANCO,SAN LUIS POTOSÍ,22.48638889,-101.7911111
24037,LAS MORITAS,SAN LUIS POTOSÍ,21.785,-98.91777778
24033,LA MAROMA,SAN LUIS POTOSÍ,23.46444444,-100.9894444
24021,EL GRITO,SAN LUIS POTOSÍ,22.66861111,-101.1294444
24054,PEDRO MONTOYA,SAN LUIS POTOSÍ,21.65111111,-99.83055556
24066,SAN FRANCISCO,SAN LUIS POTOSÍ,22.07555556,-99.86527778
24059,VILLA DE RAMOS II,SAN LUIS POTOSÍ,22.83194444,-101.9125
24065,SAN FELIPE,SAN LUIS POTOSÍ,21.98222222,-98.93194444
24068,SAN JUAN DEL MECO,SAN LUIS POTOSÍ,22.61944444,-99.62055556
24070,SAN LUIS POTOSI (OBS),SAN LUIS POTOSÍ,22.2075,-101.0222222
24080,S.L.C.A. PONCIANO ARRIAGA,SAN LUIS POTOSÍ,22.01666667,-98.96666667
24067,SAN JOSE ALBURQUERQUE,SAN LUIS POTOSÍ,21.845,-100.4866667
24026,REQUETEMU,SAN LUIS POTOSÍ,21.41805556,-98.88333333
24052,PASTORA,SAN LUIS POTOSÍ,22.13277778,-100.0577778
24046,OJO CALIENTE,SAN LUIS POTOSÍ,21.84972222,-100.7622222
24063,SAN ANTONIO DE GUAYABOS,SAN LUIS POTOSÍ,21.68916667,-99.47166667
24039,MAITINEZ,SAN LUIS POTOSÍ,22.37222222,-99.2875
24051,PASO DE SAN ANTONIO,SAN LUIS POTOSÍ,22.01694444,-100.375
24043,MICOS,SAN LUIS POTOSÍ,22.11805556,-99.16666667
24073,LA REFORMA,SAN LUIS POTOSÍ,22.75666667,-101.6469444
24081,SOLEDAD DE GRACIANO,SAN LUIS POTOSÍ,22.18305556,-100.9408333
24074,SANTA MARIA DEL REFUGIO,SAN LUIS POTOSÍ,23.73333333,-101.2244444
24071,SAN NICOLAS TOLENTINO,SAN LUIS POTOSÍ,22.24777778,-100.5530556
24084,TANCUILIN,SAN LUIS POTOSÍ,21.39166667,-98.875
24078,SANTIAGO,SAN LUIS POTOSÍ,21.87361111,-101.2677778
24069,SAN LUIS POTOSI (DGE),SAN LUIS POTOSÍ,22.15277778,-100.9772222
24064,SAN DIEGUITO,SAN LUIS POTOSÍ,22.01194444,-99.21638889
24057,PRESA DE GUADALUPE,SAN LUIS POTOSÍ,22.85888889,-100.1516667
24050,PAREDES,SAN LUIS POTOSÍ,21.70833333,-100.0097222
24045,NOGAL OSCURO,SAN LUIS POTOSÍ,22.02583333,-100.1777778
24086,TANLACUT,SAN LUIS POTOSÍ,21.675,-99.29166667
24079,SANTIAGUILLO,SAN LUIS POTOSÍ,21.81777778,-98.945
24087,TANLAJAS,SAN LUIS POTOSÍ,21.66666667,-98.88444444
24104,VICHINCHIJOL,SAN LUIS POTOSÍ,22.00361111,-98.46055556
24082,TAMAPATZ,SAN LUIS POTOSÍ,21.6125,-99.11666667
24076,SANTA ROSA,SAN LUIS POTOSÍ,22.00638889,-99.05444444
24093,TIERRA NUEVA,SAN LUIS POTOSÍ,21.66694444,-100.5727778
24075,SANTA MARIA DEL RIO (DGE),SAN LUIS POTOSÍ,21.7975,-100.7361111
24085,TANQUIAN DE ESCOBEDO,SAN LUIS POTOSÍ,21.61722222,-98.65277778
24105,XILITLA,SAN LUIS POTOSÍ,21.38555556,-98.99055556
24102,VILLA HIDALGO,SAN LUIS POTOSÍ,22.45,-100.6833333
24099,ARISTA,SAN LUIS POTOSÍ,22.65,-100.85
24098,EL MEZQUITE,SAN LUIS POTOSÍ,22.67166667,-100.9155556
24095,VELAZCO,SAN LUIS POTOSÍ,22.18333333,-98.56111111
24106,ZARAGOZA,SAN LUIS POTOSÍ,22.0375,-100.7319444
24100,VILLA DE ARRIAGA (DGE),SAN LUIS POTOSÍ,21.91333333,-101.3844444
24097,VIGAS,SAN LUIS POTOSÍ,21.80944444,-99.85444444
24111,SAN LUIS POTOSI (SMN),SAN LUIS POTOSÍ,22.14972222,-100.975
24107,EL PEÑON,SAN LUIS POTOSÍ,22.32194444,-98.87
24077,SANTO DOMINGO,SAN LUIS POTOSÍ,23.32777778,-101.7369444
24062,RIOVERDE (OBS),SAN LUIS POTOSÍ,21.92138889,-99.99638889
24072,SANTA CRUZ,SAN LUIS POTOSÍ,21.70166667,-99.04166667
24091,TEMAMATLA,SAN LUIS POTOSÍ,21.24111111,-98.75888889
24124,SAN JOSE DE LIMON,SAN LUIS POTOSÍ,22.02194444,-98.63638889
24129,PROM.AGROP. 023 LA BRIGADA,SAN LUIS POTOSÍ,21.97388889,-99.9825
24094,VANEGAS,SAN LUIS POTOSÍ,23.88527778,-100.9513889
24109,MOCTEZUMA (SMN),SAN LUIS POTOSÍ,22.75,-101.0833333
24101,VILLA DE REYES,SAN LUIS POTOSÍ,21.80388889,-100.9333333
24108,EL TULILLO,SAN LUIS POTOSÍ,22.23,-98.41222222
24127,VILLA DE ARRIAGA (SMN),SAN LUIS POTOSÍ,21.90916667,-101.3827778
24088,TANTIZOHUICHE,SAN LUIS POTOSÍ,21.80583333,-98.99166667
24117,AGUA BUENA (DGE),SAN LUIS POTOSÍ,21.95,-99.4
24103,VILLA JUAREZ,SAN LUIS POTOSÍ,22.32527778,-100.27
24092,TIERRA BLANCA,SAN LUIS POTOSÍ,21.225,-98.89166667
24125,TLAMAYA,SAN LUIS POTOSÍ,21.43083333,-99.00833333
24130,GRANJENAL,SAN LUIS POTOSÍ,22.39222222,-100.0661111
24135,E.T.A. 170 TANQUIAN DE ESCOBEDO,SAN LUIS POTOSÍ,21.58333333,-98.68333333
24096,VENADO,SAN LUIS POTOSÍ,22.92027778,-101.095
24110,OJO DE AGUA SECO,SAN LUIS POTOSÍ,21.85972222,-100.0763889
24112,SANTA MARIA DEL RIO (SMN),SAN LUIS POTOSÍ,21.8,-100.7333333
24132,EL NARANJO HIDROMETRICA,SAN LUIS POTOSÍ,22.53333333,-99.33333333
24128,PRONAPADE,SAN LUIS POTOSÍ,21.76222222,-100.9747222
24134,E.T.A. 156 SANTA MARIA DEL RIO,SAN LUIS POTOSÍ,21.80083333,-100.7280556
24131,TAMUIN,SAN LUIS POTOSÍ,22.001667,-98.761667
24136,TANLU,SAN LUIS POTOSÍ,21.63333333,-99.25833333
24141,E.T.A. 214 SAN VICENTE TANCUAYALAB,SAN LUIS POTOSÍ,21.8,-98.6
24115,CARDENAS (SMN),SAN LUIS POTOSÍ,21.99666667,-99.64388889
24133,LA GLORIA,SAN LUIS POTOSÍ,21.83583333,-98.81666667
24113,SAN VICENTE,SAN LUIS POTOSÍ,21.68916667,-98.60916667
24122,CHAPULUACANITO,SAN LUIS POTOSÍ,21.22027778,-98.67444444
24147,JESUS MARIA,SAN LUIS POTOSÍ,23.15444444,-102.1922222
24137,VEINTE DE NOVIEMBRE,SAN LUIS POTOSÍ,21.76,-99.27
24138,TAMAZUNCHALE,SAN LUIS POTOSÍ,21.29722222,-98.78833333
24149,SANTA ELENA,SAN LUIS POTOSÍ,21.89027778,-98.85416667
24145,LAGUNA SECA,SAN LUIS POTOSÍ,23.23611111,-100.9533333
24090,TANZABACA,SAN LUIS POTOSÍ,21.66027778,-99.21944444
24139,TAMUIN (DGE),SAN LUIS POTOSÍ,22.07694444,-98.81194444
24114,RIOVERDE (DGE),SAN LUIS POTOSÍ,21.95472222,-99.99638889
24155,ESCUELA DE AGRONOMIA,SAN LUIS POTOSÍ,22.23333333,-100.85
24154,SAN FRANCISCO II,SAN LUIS POTOSÍ,23.30416667,-101.4288889
24151,SAN JUAN DEL SALADO,SAN LUIS POTOSÍ,23.31305556,-101.9594444
24123,LAS GARZAS,SAN LUIS POTOSÍ,22.02777778,-99.04638889
24159,LA MORITA,SAN LUIS POTOSÍ,22.36277778,-99.86416667
24152,SAUZ DE CALERA,SAN LUIS POTOSÍ,22.86527778,-102.1902778
24144,LA CARDONCITA,SAN LUIS POTOSÍ,23.59277778,-101.9033333
24156,BUENAVISTA,SAN LUIS POTOSÍ,22.35222222,-99.03861111
24146,LA VICTORIA,SAN LUIS POTOSÍ,23.63472222,-101.3938889
24163,BLEDOS,SAN LUIS POTOSÍ,21.83805556,-101.1158333
24158,CHARCAS (SMN),SAN LUIS POTOSÍ,23.13055556,-101.1102778
24116,CIUDAD DEL MAIZ (SMN),SAN LUIS POTOSÍ,22.39833333,-99.60416667
24162,EL CARMEN,SAN LUIS POTOSÍ,23.36222222,-100.5541667
24160,COYOTILLOS,SAN LUIS POTOSÍ,23.28555556,-101.2108333
24166,VILLA DE RAMOS I,SAN LUIS POTOSÍ,22.92833333,-101.9111111
24170,EL CHARCO,SAN LUIS POTOSÍ,22.01666667,-100.3316667
24168,BUENAVISTA,SAN LUIS POTOSÍ,22.59805556,-100.1447222
24171,HUIZACHAL,SAN LUIS POTOSÍ,21.77083333,-99.91472222
24173,PRESA ALVARO OBREGON,SAN LUIS POTOSÍ,22.18055556,-99.65277778
24140,TAMUIN (OBS),SAN LUIS POTOSÍ,22.01666667,-98.78361111
24165,SAN JOSE DE CORONADOS,SAN LUIS POTOSÍ,23.59444444,-100.91
24169,BUENAVISTA,SAN LUIS POTOSÍ,23.42277778,-100.7916667
24161,LA HERRRADURA,SAN LUIS POTOSÍ,23.02944444,-101.75
24174,PUERTO DE LOBOS,SAN LUIS POTOSÍ,22.48527778,-99.56277778
24142,LA PRESA,SAN LUIS POTOSÍ,23.49833333,-100.7197222
24179,XOCONOXTLE,SAN LUIS POTOSÍ,22.09833333,-100.71
24181,EL ASTILLERO,SAN LUIS POTOSÍ,23.41333333,-100.7441667
24187,TEPEYAC,SAN LUIS POTOSÍ,22.66194444,-99.90611111
24175,EL SALADO,SAN LUIS POTOSÍ,24.28388889,-100.7841667
24190,LA LIBERTAD,SAN LUIS POTOSÍ,22.41194444,-99.84694444
24180,CAÑADA VERDE,SAN LUIS POTOSÍ,23.06,-101.12
24194,SAN RAFAEL,SAN LUIS POTOSÍ,23.02166667,-101.9430556
24183,EL TULE,SAN LUIS POTOSÍ,22.82527778,-101.1522222
24196,EL TORO,SAN LUIS POTOSÍ,22.83666667,-101.4916667
24204,SANTA MARÍA,SAN LUIS POTOSÍ,22.76612,-101.6133
24195,LAS TABLAS,SAN LUIS POTOSÍ,22.25611111,-99.86305556
24193,SAN JOSE DE TAPANCO,SAN LUIS POTOSÍ,21.76805556,-99.90694444
24199,EL ESTRIBO,SAN LUIS POTOSÍ,22.43,-99.30666667
24201,TOTOMOXTLA,SAN LUIS POTOSÍ,21.378333,-98.763056
24192,SAN FRANCISCO DE LA DICHA,SAN LUIS POTOSÍ,22.76944444,-100.8872222
24153,COLONIA BENITO JUAREZ,SAN LUIS POTOSÍ,22.245,-100.9116667
24189,EL HOSPITAL,SAN LUIS POTOSÍ,23.24222222,-101.2158333
24157,OJO DE AGUA EL LEONCITO,SAN LUIS POTOSÍ,23.64583333,-100.7011111
24148,SALINAS DE HIDALGO,SAN LUIS POTOSÍ,22.62888889,-101.7166667
24188,CORONADO,SAN LUIS POTOSÍ,22.92333333,-100.9413889
24177,SANTA CATARINA,SAN LUIS POTOSÍ,22.05305556,-100.4588889
24176,SAN JUAN DE TUZAL,SAN LUIS POTOSÍ,23.14805556,-101.3430556
24150,GUANAME,SAN LUIS POTOSÍ,22.85222222,-101.2488889
24164,LLANO DEL CARMEN,SAN LUIS POTOSÍ,22.85944444,-100.6886111
24167,MATLAPA (OBS),SAN LUIS POTOSÍ,21.32666667,-98.83888889
24191,SAN ANTONIO DEL MEZQUITE,SAN LUIS POTOSÍ,23.16444444,-101.8858333
24182,TAMPAMOLON,SAN LUIS POTOSÍ,21.56083333,-98.81916667
24197,EL TERRERO,SAN LUIS POTOSÍ,22.4,-100.8866667
24200,TEPEMICHE,SAN LUIS POTOSÍ,21.49166667,-98.64916667
24172,MANANTIAL DE MEDIA LUNA,SAN LUIS POTOSÍ,21.86361111,-100.0280556
24186,HUICHIHUAYAN,SAN LUIS POTOSÍ,21.47166667,-98.97166667
25004,ANGOSTURA (ESDA),SINALOA,25.31666667,-108.1666667
25002,AGUA CALIENTE,SINALOA,26.8,-108.3666667
25010,CULIACAN (CAADES),SINALOA,24.83333333,-107.4333333
25011,CONCORDIA (CFE),SINALOA,23.27083333,-106.0675
25013,COREREPE,SINALOA,25.6275,-108.715
25003,AHOME,SINALOA,25.924433,-109.173667
25008,TOPOLOBAMPO (SMN),SINALOA,25.62972222,-109.0555556
25012,COSALA,SINALOA,24.4275,-106.7
25006,BADIRAGUATO (SMN),SINALOA,25.36666667,-107.55
25016,CHAPULTEPEC CULIACAN,SINALOA,24.8,-107.4
25020,CHOIX (AGLCH),SINALOA,26.71666667,-108.3333333
25001,ACATITAN,SINALOA,24.088071,-106.649869
25024,EL LIMON (CFE),SINALOA,23.73333333,-106.5333333
25009,BOCATOMA SUFRAGIO,SINALOA,26.070618,-108.784867
25005,BACUBIRITO,SINALOA,25.80861111,-107.9147222
25017,CHOIX I (DGE),SINALOA,26.73611111,-108.3458333
25021,DIMAS,SINALOA,23.722211,-106.78475
25040,GUASAVE (AARSP),SINALOA,25.53333333,-108.45
25028,ELOTA  (CFE),SINALOA,23.97027778,-106.7244444
25015,CULIACAN (DGE),SINALOA,24.806146,-107.407188
25022,EL CARRIZO,SINALOA,26.269892,-109.034175
25027,EL NUDO,SINALOA,25.57944444,-108.4833333
25035,FRANCISCO,SINALOA,26.33333333,-108.9333333
25014,CULIACAN (OBS),SINALOA,24.635131,-107.441128
25048,JUAN JOSE RIOS,SINALOA,25.75722222,-108.8211111
25019,CHOIX II (DGE),SINALOA,26.71,-108.3261111
25018,CHOIX (SMN),SINALOA,26.743264,-108.336919
25030,EL PLAYON,SINALOA,25.22335,-108.191642
25037,GUAMUCHIL (AARSP),SINALOA,25.477792,-108.06202
25038,GUASAVE (DGE),SINALOA,25.567542,-108.459653
25023,EL FUERTE,SINALOA,26.410556,-108.617275
25057,LAS FLORES (AARC),SINALOA,24.78444444,-107.4483333
25058,LAS HABITAS,SINALOA,23.02305556,-105.7602778
25032,PRESA JOSEFA ORTIZ DE DOMINGUEZ,SINALOA,26.43635,-108.713083
25025,PRESA MIGUEL HIDALGO Y COSTILLA,SINALOA,26.508017,-108.573
25043,HUACAPAS (CFE),SINALOA,25.73333333,-107.8666667
25036,GUADALUPE DE LOS REYES,SINALOA,24.277995,-106.508847
25033,EL VAREJONAL,SINALOA,25.09483,-107.390136
25061,LLANO DE LOS LOPEZ,SINALOA,26.36666667,-108.7166667
25063,MOCORITO (AGLM),SINALOA,25.46666667,-107.9333333
25050,LA CRUZ,SINALOA,23.931563,-106.882066
25059,LAS ISABELES,SINALOA,26.27361111,-108.5986111
25047,JOCUIXTITA,SINALOA,24.25,-106.25
25070,PANUCO,SINALOA,23.41666667,-105.9166667
25066,OCORONI (CFE),SINALOA,25.93333333,-108.45
25065,MOCHICAHUI,SINALOA,25.939178,-108.931167
25068,PALO DULCE,SINALOA,27.0,-108.4166667
25079,ROSARIO (AARB),SINALOA,23.0,-105.85
25029,EL PALMITO (CFE),SINALOA,23.57111111,-105.8375
25076,QUILA,SINALOA,24.41666667,-107.2166667
25075,PRESA EL PEÑON,SINALOA,22.88333333,-105.75
25042,HIGUERA DE ZARAGOZA,SINALOA,25.966133,-109.301233
25039,GUASAVE (SMN),SINALOA,25.55,-108.4666667
25077,ROSA MORADA,SINALOA,25.368924,-107.837563
25071,PERICOS,SINALOA,25.09305556,-107.6944444
25074,POTRERILLOS,SINALOA,23.456464,-105.827735
25045,IXPALINO,SINALOA,23.970832,-106.61002
25041,GUATENIPA,SINALOA,25.354723,-107.217856
25078,ROSARIO,SINALOA,22.999281,-105.844378
25084,SAN IGNACIO,SINALOA,23.94138889,-106.4241667
25054,LA VAINILLA (CFE),SINALOA,26.07638889,-108.2786111
25055,LAS CAÑAS,SINALOA,26.48277778,-108.5897222
25049,LA CONCHA,SINALOA,22.527362,-105.443132
25083,SAN FRANCISCO DEL RIO,SINALOA,26.83333333,-108.4166667
25085,SAN JOSE DE GRACIA (CFE),SINALOA,26.15555556,-107.8902778
25069,PALOS BLANCOS,SINALOA,24.92361111,-107.3916667
25056,LAS ESTACAS,SINALOA,26.27015,-108.76755
25064,MOCORITO (DGE),SINALOA,25.481405,-107.92487
25062,MAZATLAN (OBS),SINALOA,23.217139,-106.411116
25095,TAPICHAHUA (CFE),SINALOA,23.58333333,-106.1666667
25007,BAMICORI,SINALOA,26.35972222,-108.5111111
25031,EL QUELITE (CFE),SINALOA,23.55722222,-106.4583333
25090,SINALOA DE LEYVA,SINALOA,25.82583333,-108.2166667
25072,PIAXTLA (CFE),SINALOA,23.96666667,-106.35
25044,HUITES,SINALOA,26.820933,-108.371683
25094,TAMEAPA,SINALOA,25.63333333,-107.3666667
25087,SANTA CRUZ DE AYALA,SINALOA,24.484506,-106.956089
25099,TOPOLOBAMPO (CFE),SINALOA,25.60888889,-109.0347222
25052,LA NORIA (CFE),SINALOA,23.50888889,-106.3138889
25080,RUIZ CORTINEZ,SINALOA,25.70985,-108.71975
25046,JAINA,SINALOA,25.895717,-108.023887
25092,SOYATITA (CFE),SINALOA,25.75,-107.3166667
25088,SANTA ROSA,SINALOA,25.91361111,-108.9155556
25097,TECUSIAPA (CFE),SINALOA,25.87861111,-107.4069444
25106,EL TIGRE,SINALOA,24.93414,-107.821848
25103,EL CAIMAN,SINALOA,25.876964,-108.333306
25091,SIQUEROS (CFE),SINALOA,23.33333333,-106.2333333
25105,EL MEZQUITE,SINALOA,25.707876,-108.108708
25112,CONCORDIA (CAADES),SINALOA,23.28333333,-106.0666667
25086,SAN MIGUEL ZAPOTITLAN,SINALOA,25.94861111,-109.0486111
25089,SINALOA DE LEYVA (AARSO),SINALOA,25.8,-108.2166667
25060,LOS MOCHIS (AARFS),SINALOA,25.8,-109.0
25053,LA TINA,SINALOA,26.23333333,-108.6
25098,TOPOLOBAMPO (DGE),SINALOA,25.6,-109.05
25124,BAMOA (FFCC),SINALOA,25.70694444,-108.3122222
25123,ABUYA (FFCC),SINALOA,24.18333333,-107.1002778
25125,CAIMANERO (FFCC),SINALOA,24.95166667,-107.7458333
25122,LOS ALAMOS,SINALOA,26.38472222,-108.6641667
25100,YECORATO (CFE),SINALOA,26.428633,-108.218883
25117,MOCORITO (SMN),SINALOA,25.5,-107.9
25114,EL FUERTE (AARFM),SINALOA,26.45,-108.65
25113,COSALA (AGLC),SINALOA,24.43333333,-106.7166667
25130,ESCUINAPA (FFCC),SINALOA,22.81666667,-105.7833333
25101,SOQUITITAN (CFE),SINALOA,24.16666667,-106.7
25128,DIMAS (FFCC),SINALOA,23.72305556,-106.7805556
25132,LA CRUZ (FFCC),SINALOA,23.91861111,-106.8919444
25131,GUAMUCHIL (FFCC),SINALOA,25.46027778,-108.0888889
25133,LEON FONSECA (FFCC),SINALOA,25.73027778,-108.3447222
25073,PLOMOSAS,SINALOA,23.08333333,-105.4666667
25138,PRESIDIO (FFCC),SINALOA,23.15888889,-106.2202778
25139,QUILA (FFCC),SINALOA,24.43777778,-107.2055556
25111,BADIRAGUATO (AGLB),SINALOA,25.35,-107.55
25082,SAN BLAS,SINALOA,26.07583333,-108.7630556
25142,SAN BLAS (FFCC),SINALOA,26.06666667,-108.75
25134,MARMOL (FFCC),SINALOA,23.48416667,-106.6019444
25144,CEFERINO PAREDES (FFCC),SINALOA,25.83277778,-108.6391667
25093,SURUTATO,SINALOA,25.805307,-107.563303
25118,SAN IGNACIO (CFE),SINALOA,23.93333333,-106.4166667
25115,GUAMUCHIL (DGE),SINALOA,25.46666667,-108.0833333
25149,LAS HIGUERAS,SINALOA,23.05361111,-105.9552778
25143,SUFRAGIO (FFCC),SINALOA,26.05138889,-108.7872222
25107,SACA DE AGUA,SINALOA,25.269444,-107.611111
25148,E.T.A. 057 GUASAVE,SINALOA,25.55,-108.45
25137,NARANJO (FFCC),SINALOA,25.80666667,-108.4808333
25135,MAZATLAN (FFCC),SINALOA,23.23777778,-106.3972222
25081,SANALONA II,SINALOA,24.800418,-107.139427
25151,CHAVEZ TALAMANTES,SINALOA,26.33333333,-109.0283333
25129,EL DORADO (FFCC),SINALOA,25.5,-108.4666667
25153,NARANJO,SINALOA,25.79821,-108.472115
25102,ESCUELA DE BIOLOGIA (UAS),SINALOA,24.8275,-107.3802778
25159,LATERAL CINCUENTA Y SEIS,SINALOA,24.5,-107.4333333
25163,ANDREW WEISS,SINALOA,25.044452,-107.401011
25165,BATAUTO,SINALOA,24.57194444,-107.5838889
25119,SIQUEROS,SINALOA,23.346642,-106.242818
25164,ALTO DE CULIACANCITO,SINALOA,24.80694444,-107.5552778
25121,VINORAMAS,SINALOA,24.751079,-107.059746
25116,LOS MOCHIS,SINALOA,25.783886,-108.996344
25162,LA CURVA,SINALOA,24.6,-107.3166667
25110,BADIRAGUATO (DGE),SINALOA,25.345703,-107.547307
25155,CHOIX (OBS),SINALOA,26.7167,-108.325361
25160,ESPINOZA,SINALOA,24.68333333,-107.7833333
25170,EL TAMARINDO,SINALOA,25.89583333,-107.6319444
25150,LAS TORTUGAS,SINALOA,23.088441,-105.847307
25158,EL PALMAR DE LOS SEPULVEDA,SINALOA,25.707199,-107.920196
25169,SATAYA,SINALOA,24.54166667,-107.6333333
25175,OCORONI,SINALOA,25.94555556,-108.4141667
25166,COSTA RICA,SINALOA,24.59083333,-107.3891667
25174,HOYANCOS,SINALOA,26.36527778,-108.5916667
25179,LATERAL DIEZ,SINALOA,24.6,-107.4833333
25177,SANTIAGO DE LOS CABALLEROS,SINALOA,25.55833333,-107.3766667
25190,TECUXIAPA,SINALOA,25.84861111,-107.3791667
25168,PITAYAL,SINALOA,24.83333333,-107.8166667
25167,SAN LORENZO,SINALOA,24.437656,-107.116306
25173,ALTATA,SINALOA,24.645088,-107.923844
25185,OLAS ALTAS,SINALOA,25.9,-109.1666667
25191,MAZATLAN (CFE),SINALOA,23.23333333,-106.4333333
25161,EL DORADO,SINALOA,24.323053,-107.369408
25193,AGUA CALIENTE (ELOTA),SINALOA,24.223326,-106.613198
25194,CHICO RUIZ (RANCHO VIEJO),SINALOA,25.124743,-107.756036
25199,TECUALILLA,SINALOA,22.769907,-105.6739
25181,NUESTRA SEÑORA,SINALOA,24.39805556,-106.6130556
25178,ZOPILOTE,SINALOA,25.731866,-108.350779
25180,COACUANA,SINALOA,25.67416667,-108.2380556
25198,SANTA MAGDALENA,SINALOA,26.041399,-108.045955
25171,TOBOLOTO,SINALOA,24.76555556,-107.722419
25188,LOS HORNOS,SINALOA,25.88333333,-107.65
25172,SAN JOAQUIN,SINALOA,25.669843,-108.019693
25184,BACURATO,SINALOA,25.854959,-107.902036
25192,JOSE ACEVES POZOS (CFE),SINALOA,23.18333333,-106.3333333
25197,SAN JUAN,SINALOA,25.485615,-107.843369
25186,OTATITAN,SINALOA,23.013487,-105.666225
25176,EL QUEMADO,SINALOA,23.523581,-106.498297
25183,COMEDERO,SINALOA,24.572813,-106.809993
26015,CANDIDO (CFE),SONORA,28.65,-109.1
26002,ALAMOS,SONORA,27.03333333,-108.95
26011,BABIACORA,SONORA,29.71666667,-110.15
26004,ARIVECHI,SONORA,28.92916667,-109.1908333
26005,ARIZPE,SONORA,30.33583333,-110.1675
26006,BACADEHUACHI,SONORA,29.80722222,-109.14
26017,CAZANTE,SONORA,26.71666667,-108.9166667
26001,AGUA PRIETA,SONORA,31.32583333,-109.5488889
26020,CIUDAD OBREGON (OBS),SONORA,27.48333333,-109.9166667
26008,BANAMICHI,SONORA,30.00361111,-110.215
26030,EL DESEMBOQUE,SONORA,29.53333333,-112.4
26033,EL PLOMO,SONORA,31.25,-112.1
26027,EL BENJAMIN,SONORA,28.55,-111.4666667
26010,VILLA JUAREZ,SONORA,27.12555556,-109.8419444
26021,COCORAQUE,SONORA,27.415,-109.6283333
26009,BATACOSA,SONORA,27.52944444,-109.4011111
26036,FRONTERAS,SONORA,30.8975,-109.5588889
26026,CHUSPASCLILLAS,SONORA,28.69333333,-111.5041667
26019,CIANO,SONORA,27.01194444,-109.4922222
26016,CARBO,SONORA,29.68416667,-110.955
26035,FELIX GOMEZ,SONORA,29.83666667,-111.4788889
26042,SAN ANTONIO,SONORA,27.35,-108.6666667
26022,COLONIA MORELOS,SONORA,30.825,-109.2216667
26007,BACANUCHI,SONORA,30.59888889,-110.2386111
26028,EL CARRIZAL,SONORA,29.09194444,-111.7333333
26034,ETCHOJOA,SONORA,26.90694444,-109.6291667
26032,EL OREGANO,SONORA,29.22972222,-110.7061111
26023,COLONIA OAXACA,SONORA,30.72972222,-109.0563889
26012,BAVISPE (SMN),SONORA,30.48027778,-108.9397222
26014,COMPAÑIA MINERA CANANEA (SA),SONORA,30.91666667,-110.3333333
26044,HUATABAMPO,SONORA,26.8275,-109.6422222
26046,LA COLORADA,SONORA,28.80194444,-110.5766667
26047,LA DURA,SONORA,28.38333333,-109.55
26051,EL LINDERO,SONORA,26.87861111,-109.4108333
26013,CANANEA (DGE),SONORA,30.98194444,-110.3005556
26040,HERMOSILLO (OBS),SONORA,29.07833333,-110.93
26058,NACORI GRANDE,SONORA,29.06666667,-110.05
26049,GUADALUPE (CFE),SONORA,28.94694444,-108.7455556
26060,NACHUQUIS,SONORA,27.07694444,-109.5427778
26037,GOLFO DE SANTA CLARA,SONORA,31.68333333,-114.5
26054,MOCTEZUMA,SONORA,29.8,-109.6833333
26052,MAZATAN,SONORA,29.00361111,-110.1377778
26050,LAS PANELAS,SONORA,27.41194444,-108.8766667
26045,IMURIS (SMN),SONORA,30.78333333,-110.85
26059,NACOZARI (SMN),SONORA,30.37444444,-109.6875
26048,LA ESTRELLA,SONORA,28.94916667,-109.6397222
26070,GUAYMAS (FFCC),SONORA,28.08333333,-110.85
26063,NURI,SONORA,28.03333333,-109.3833333
26055,MULATOS (SMN),SONORA,28.65888889,-108.7480556
26029,CIUDAD CUBIL (CFE),SONORA,28.63333333,-108.75
26025,CUCURPE,SONORA,30.33055556,-110.7061111
26038,ATIL,SONORA,30.84361111,-111.5838889
26031,EL NOVILLO (CFE),SONORA,28.97694444,-109.6380556
26018,CIUDAD OBREGON (DGE),SONORA,27.48138889,-109.9380556
26071,PUERTO LIBERTAD,SONORA,29.90888889,-112.685
26066,PALO VERDE,SONORA,28.79555556,-111.3655556
26079,SAN ARTURO,SONORA,28.4,-111.4833333
26072,PUERTO PEÑASCO (SMN),SONORA,31.31666667,-113.5369444
26069,PRESA LA ANGOSTURA,SONORA,30.44166667,-109.3855556
26053,MINAS NUEVAS,SONORA,27.05944444,-109.0063889
26068,PRESA ALVARO OBREGON,SONORA,27.82305556,-109.8858333
26056,MUMUNCUARA,SONORA,26.80666667,-109.4022222
26067,NACORI CHICO (CFE),SONORA,29.68833333,-108.9813889
26062,NOGALES (DGE),SONORA,31.31861111,-110.9458333
26064,OPODEPE,SONORA,29.92611111,-110.6272222
26088,SAN PEDRO DE LA CUEVA (CFE),SONORA,29.28333333,-109.7333333
26087,SAN LUIS RIO COLORADO (DGE),SONORA,32.47611111,-114.7619444
26043,HORNOS,SONORA,27.71305556,-109.9041667
26081,SAN BERNARDO (DGE),SONORA,27.4,-108.8666667
26080,SAN BERNARDO (SMN),SONORA,27.39861111,-108.8438889
26083,SAN JAVIER,SONORA,28.59416667,-109.7383333
26086,SAN LUIS RIO COLORADO (SMN),SONORA,32.43333333,-114.7333333
26097,TAJITOS,SONORA,30.95,-112.35
26089,SANTA ANA (DGE),SONORA,30.55,-111.1333333
26073,PUNTA DE AGUA I,SONORA,28.44416667,-110.3697222
26074,QUEROBABI,SONORA,30.05055556,-111.0213889
26084,SAN JORGE,SONORA,28.66666667,-111.6
26082,SAN ISIDRO,SONORA,28.82611111,-111.6588889
26076,RIITO,SONORA,32.13333333,-114.9013889
26061,NAVOJOA,SONORA,27.07194444,-109.4433333
26090,PRESA ABELARDO RODRIGUEZ,SONORA,29.08277778,-110.9194444
26085,SAN JOSE,SONORA,28.83833333,-111.6616667
26091,PRESA ADOLFO RUIZ CORTINEZ,SONORA,27.22694444,-109.1075
26078,SAHUARIPA  (CFE),SONORA,29.07277778,-109.2394444
26101,TONICHI,SONORA,28.6,-109.5666667
26113,C.I.P.E.S. R GRANADA,SONORA,29.68333333,-110.9833333
26108,YAVAROS I,SONORA,26.71666667,-109.5333333
26114,C.I.P.E.S. RANCHO SAN LUIS,SONORA,29.5575,-111.0736111
26095,SASABE,SONORA,31.47361111,-111.5455556
26104,CIUDAD OBREGON (FFCC),SONORA,27.5,-110.0
26077,SAHUARIPA,SONORA,29.05527778,-109.2327778
26106,VALLE TACUPETO,SONORA,28.7975,-109.1644444
26103,TRINCHERAS,SONORA,30.39944444,-111.5308333
26041,QUITOVAC II,SONORA,31.52777778,-112.7322222
26118,PUERTO PEÑASCO (DGE),SONORA,31.35,-113.5833333
26117,PRESA PLUTARCO ELIAS CALLES,SONORA,28.98111111,-109.6311111
26092,PRESA CUAUHTEMOC,SONORA,30.87055556,-111.515
26100,TESOPACO,SONORA,27.84083333,-109.3675
26111,C.I.P.E.S. CARBO,SONORA,29.68333333,-110.95
26116,PRESA LA ANGOSTURA,SONORA,30.45,-109.4
26098,TESIA,SONORA,27.17111111,-109.3583333
26094,SANTA ROSA,SONORA,28.47277778,-109.1061111
26107,VICAM (SMN),SONORA,27.58416667,-110.3244444
26129,HUATABAMPO (FFCC),SONORA,26.83333333,-109.65
26093,PITIQUITO,SONORA,30.69777778,-112.1
26110,TEONADEPA,SONORA,29.99166667,-109.7958333
26096,SONOITA,SONORA,31.86138889,-112.8544444
26136,VICAM (FFCC),SONORA,27.64861111,-110.2952778
26133,NOGALES (FFCC),SONORA,31.29027778,-110.935
26126,CANANEA (FFCC),SONORA,30.96666667,-110.3333333
26125,SUAQUI GRANDE (SMN),SONORA,28.4,-109.8833333
26127,CARBO (FFCC),SONORA,29.685,-110.9530556
26130,NACO (FFCC),SONORA,31.33333333,-109.95
26141,CANANEA I (SMN),SONORA,30.98333333,-110.3
26135,SANTA ANA (FFCC),SONORA,30.5425,-111.1213889
26102,TRES HERMANOS,SONORA,27.19361111,-109.1955556
26024,PRESA ADOLFO RUIZ CORTINEZ -CORTINA-,SONORA,27.24888889,-109.0583333
26142,MAGDALENA (FFCC),SONORA,30.65,-110.95
26121,URES (DGE),SONORA,29.42694444,-110.3922222
26150,AGUA PRIETA (FFCC),SONORA,31.33333333,-109.55
26132,NOGALES (SMN),SONORA,31.25,-110.8333333
26122,VICAM (DGE),SONORA,27.58333333,-110.3166667
26134,SANTA ANA (SMN),SONORA,30.54083333,-111.1163889
26128,IMURIS (FFCC),SONORA,30.75,-110.8666667
26140,HERMOSILLO (FFCC),SONORA,29.09583333,-110.9247222
26138,HERMOSILLO I (DGE),SONORA,29.07305556,-110.9591667
26154,EMPALME (FFCC),SONORA,27.95361111,-110.8175
26155,ESPERANZA (FFCC),SONORA,28.65194444,-109.8838889
26161,MORENO (FFCC),SONORA,28.5,-110.6666667
26156,ESQUEDA (FFCC),SONORA,30.72138889,-109.5897222
26159,LUIS (FFCC),SONORA,26.57833333,-109.1619444
26165,TORRES (FFCC),SONORA,28.765,-110.7694444
26105,URES (SMN),SONORA,29.43333333,-110.3833333
26153,CORRAL (FFCC),SONORA,27.62888889,-109.9661111
26115,IMURIS (DGE),SONORA,30.77694444,-110.8608333
26163,QUEROBABI (FFCC),SONORA,30.05138889,-111.0241667
26139,HERMOSILLO II (DGE),SONORA,29.09888889,-110.9541667
26099,TESOCOMA,SONORA,27.65833333,-109.2125
26123,YECORA (DGE),SONORA,28.37138889,-108.9277778
26173,CANANEA II (SMN),SONORA,30.975,-110.2916667
26175,E.T.A. 058 CANANEA,SONORA,30.99166667,-110.3083333
26162,ORTIZ (FFCC),SONORA,28.28333333,-110.7
26166,NACOZARI (FFCC),SONORA,30.31666667,-109.6833333
26152,BENJAMIN HILL (FFCC),SONORA,30.53333333,-111.1166667
26176,MASIACA,SONORA,26.77027778,-109.2316667
26158,LLANO (FFCC),SONORA,30.36166667,-111.1022222
26164,SANTA CRUZ (FFCC),SONORA,31.22833333,-110.5933333
26174,CAMPO EXPERIMENTAL UNISON,SONORA,29.01444444,-111.1322222
26177,FRANCISCO (FFCC),SONORA,27.98333333,-110.9666667
26190,RUSBAYO,SONORA,30.91666667,-109.2666667
26189,RANCHO BAHIA,SONORA,30.6125,-113.0166667
26131,NAVOJOA (FFCC),SONORA,27.08083333,-109.4452778
26109,YECORA (SMN),SONORA,28.36666667,-108.9333333
26184,NACORI CHICO,SONORA,29.68333333,-108.9833333
26185,BACANORA,SONORA,28.9825,-109.4002778
26179,BAHIA DE KINO,SONORA,28.82277778,-111.9366667
26186,EL TAPIRO,SONORA,30.23583333,-109.8166667
26195,SANTA CARMELA,SONORA,28.98333333,-111.35
26194,SAN PEDRO,SONORA,27.02583333,-109.6236111
26182,PESQUEIRA,SONORA,29.38027778,-110.8961111
26183,QUIRIEGO (DGE),SONORA,27.525,-109.25
26198,MAZOCAHUI,SONORA,29.54083333,-110.1194444
26160,EL VIVERO,SONORA,30.62694444,-110.9675
26197,EL VERANITO,SONORA,26.98361111,-109.2230556
26192,CABULLONA,SONORA,31.14833333,-109.5413889
26178,ARROYO HONDO,SONORA,26.76194444,-108.7833333
26181,RAYON,SONORA,29.71055556,-110.5705556
26180,EL CAJON,SONORA,29.47222222,-110.7363889
26196,MARIA DEL CARMEN,SONORA,28.90361111,-111.555
26211,YAVAROS II,SONORA,26.70472222,-109.5186111
26145,BACOACHI (SMN),SONORA,30.63194444,-109.97
26216,SARACACHI,SONORA,30.55,-110.5666667
26215,EL LLANO,SONORA,30.55555556,-111.14
26217,QUECHEHUELA,SONORA,27.26472222,-109.9452778
26188,VILLA HIDALGO,SONORA,30.05,-109.3333333
26213,CUMURIPA,SONORA,28.15166667,-109.9077778
26193,SINAHUISA,SONORA,26.91833333,-109.4533333
26207,NACOZARI (OBS),SONORA,30.32833333,-109.6291667
26199,PUEBLO DE ALAMOS,SONORA,29.20444444,-110.1402778
26201,TECORIPA,SONORA,28.625,-109.9525
26209,MULATOS (DGE),SONORA,28.66666667,-108.75
26222,DIVISADEROS,SONORA,29.61555556,-109.4694444
26212,PUERTO LIBERTAD (CFE),SONORA,29.91111111,-112.6872222
26204,EMPALME (OBS),SONORA,27.95,-110.8
26224,BAVISPE (DGE),SONORA,30.48333333,-108.9333333
26230,BURAPACO,SONORA,27.47055556,-108.875
26210,NACOZARI (DGE),SONORA,30.36666667,-109.6833333
26229,BAREBAMPO,SONORA,27.29027778,-109.3547222
26205,BACERAC,SONORA,30.35527778,-108.9316667
26233,CIBUTA,SONORA,31.06111111,-110.9
26227,EJIDO ISLITAS,SONORA,32.35277778,-114.9141667
26208,PUERTO PEÑASCO (OBS),SONORA,31.31555556,-113.5347222
26223,PUNTA DE AGUA II,SONORA,28.47333333,-110.31
26228,LOS ALGODONES,SONORA,27.505,-108.735
26202,TEPACHE,SONORA,29.53472222,-109.5316667
26231,LAS CABAÑAS,SONORA,30.99694444,-110.0066667
26057,NACO,SONORA,31.32694444,-109.9477778
26238,FRONTERAS KM. 047,SONORA,30.95,-109.5388889
26239,MAGDALENA I,SONORA,30.63333333,-110.9666667
26250,SARIC,SONORA,31.10444444,-111.38
26243,PRESA COMAQUITO,SONORA,30.82027778,-110.7102778
26112,SANTA AMELIA,SONORA,28.0425,-110.6705556
26252,BACOACHI (DGE),SONORA,30.63333333,-109.9666667
26232,LA CEBOLLA,SONORA,30.74166667,-111.1583333
26237,VALLE DE YAQUI KM. 024,SONORA,27.61888889,-110.0022222
26235,COLONIA YAQUI,SONORA,27.77666667,-109.9044444
26246,EL SAHUARAL,SONORA,28.33666667,-111.2763889
26247,SAHUARIBO,SONORA,27.35333333,-108.675
26240,MATAPE,SONORA,29.11388889,-109.9661111
26245,REBEIQUITO,SONORA,28.93194444,-109.7483333
26236,GRANADOS,SONORA,29.85638889,-109.3055556
26242,MOVAS,SONORA,28.16111111,-109.4427778
26249,SANTA ROSA,SONORA,30.39472222,-111.4452778
26254,CEDROS,SONORA,27.76166667,-109.2883333
26258,LA MESA DE TRES RIOS,SONORA,29.84305556,-108.7119444
26251,TERAPA,SONORA,29.68166667,-109.6527778
26119,EL AGUILA,SONORA,31.51666667,-112.75
26257,COLONIA ARIBABI,SONORA,30.07,-109.0886111
26266,LA RANCHERIA,SONORA,29.30888889,-109.6166667
26256,COBACHI,SONORA,28.89666667,-110.25
26075,QUIRIEGO (SMN),SONORA,27.51944444,-109.2530556
26157,FRONTERAS (FFCC),SONORA,30.9,-109.5666667
26241,MERESICHIC,SONORA,30.03055556,-110.675
26269,SAN NICOLAS,SONORA,28.43138889,-109.1819444
26260,DON,SONORA,26.42388889,-109.025
26267,SAN ISIDRO DE CABORCA,SONORA,30.8025,-112.42
26273,TARACHI,SONORA,28.80833333,-108.9369444
26261,TORRES (DGE),SONORA,28.76861111,-110.7694444
26263,GUISAMOPA,SONORA,28.64611111,-109.1075
26259,CUMERAL,SONORA,30.88777778,-110.85
26275,EL TUFANITO,SONORA,28.15972222,-109.6891667
26270,SANTA ROSALIA,SONORA,29.125,-110.4772222
26279,C.B.T.A. 161 URES,SONORA,29.42555556,-110.3794444
26151,AGUA ZARCA (FFCC),SONORA,31.17305556,-110.9666667
26262,EL FRESNAL,SONORA,30.81194444,-110.7125
26264,LA MISA,SONORA,28.37694444,-110.5308333
26255,EL CLARO,SONORA,30.45194444,-111.2061111
26282,JUPARE,SONORA,26.80194444,-109.7019444
26276,TURICACHI,SONORA,30.66277778,-109.5936111
26281,CUATRO MILPAS,SONORA,30.39805556,-111.0969444
26284,SAN ANTONIO DE LA HUERTA,SONORA,28.63027778,-109.6102778
26244,RANCHO VIEJO,SONORA,29.12666667,-110.3147222
26200,SANTA CRUZ,SONORA,31.23333333,-110.6
26283,RANCHO AQUITUNA,SONORA,30.47277778,-110.7041667
26248,LA SANGRE,SONORA,30.66583333,-111.405
26272,SUAQUI GRANDE (DGE),SONORA,28.39472222,-109.8902778
26277,YOCOQUIHUA,SONORA,26.81555556,-108.9980556
26274,TOPAHUE,SONORA,29.27083333,-110.6358333
26271,SINOQUIPE,SONORA,30.15555556,-110.245
26290,HUASABAS,SONORA,29.90333333,-109.3
26296,POTAM,SONORA,27.62388889,-110.4166667
26291,ACONCHI,SONORA,29.825,-110.2261111
26289,HUACHINERA,SONORA,30.21055556,-108.9572222
26285,MAYCOBA,SONORA,28.39166667,-108.6594444
26293,SAN IGNACIO RIO MUERTO 4-P-12,SONORA,27.41305556,-110.2469444
26268,SAN JOSE DE PIMAS,SONORA,28.71333333,-110.3483333
26305,VALLE DE YAQUI KM. 081,SONORA,27.54027778,-109.8444444
26310,PELICANO,SONORA,28.53861111,-111.3861111
26302,VALLE DE YAQUI KM. 039,SONORA,27.56027778,-109.8738889
26297,PORFIRIO DIAZ,SONORA,27.59833333,-109.9302778
26294,CARCAMO,SONORA,27.35305556,-109.8594444
26312,TACUPETO (CFE),SONORA,28.25777778,-109.2994444
26286,MAGDALENA II,SONORA,30.615,-110.9488889
26307,VALLE DE YAQUI KM. 105,SONORA,27.71805556,-109.9216667
26292,GUAYMAS 4-P-6,SONORA,27.55,-110.5
26300,VALLE DE YAQUI KM. 014,SONORA,27.70666667,-109.8963889
26298,CALLE SEISCIENTOS,SONORA,27.40944444,-110.0375
26316,RANCHO EL 17,SONORA,28.89666667,-110.8319444
26315,ONAVAS (CFE),SONORA,28.46666667,-109.5333333
26304,VALLE DE YAQUI KM. 068,SONORA,27.45472222,-110.0361111
26295,CABORCA,SONORA,30.71555556,-112.1591667
26306,KM. 91 + 600 PALO ALTO,SONORA,27.29166667,-109.3583333
26301,VALLE DE YAQUI KM. 025,SONORA,27.35416667,-110.0355556
26313,EL MOLINITO,SONORA,29.21333333,-110.7286111
26234,COCHIBAMPO,SONORA,27.17222222,-108.8266667
26308,PESQUEIRA (CESUES),SONORA,29.38083333,-110.9005556
26288,EL YESO,SONORA,30.59888889,-110.8958333
26299,CALLE MIL DOSCIENTOS,SONORA,27.3,-109.9683333
26214,HUEPAC,SONORA,29.91277778,-110.2133333
26309,SOYOPA,SONORA,28.75,-109.6344444
26329,SAN FRANCISCO,SONORA,28.15,-110.6866667
26206,ALTAR (OBS),SONORA,30.72833333,-111.8361111
26265,ONAVAS,SONORA,28.46222222,-109.5263889
26303,VALLE DE YAQUI KM. 058,SONORA,27.44694444,-110.0161111
26287,BACHOCO,SONORA,27.56166667,-109.8458333
26314,CERRO COLORADO (CFE),SONORA,26.76694444,-108.8216667
26402,BASCONCOBE,SONORA,26.95,-109.6666667
26403,CALLE DOSCIENTOS,SONORA,27.48388889,-110.0130556
26405,ZAMORITA,SONORA,29.32111111,-110.8744444
27013,ENCRUCIJADA,TABASCO,18.25,-93.55
27002,BENITO JUAREZ,TABASCO,18.41722222,-92.8
27008,CARDENAS,TABASCO,18.00111111,-93.37638889
27014,ESCUELA DE INGENIERIA,TABASCO,18.01666667,-92.93333333
27007,CENTRO EXPERIMENTAL W-75,TABASCO,18.00138889,-93.61916667
27001,BALANCAN DE DOMINGUEZ (SMN),TABASCO,17.81,-91.53666667
27003,BLASILLO,TABASCO,18.04527778,-93.96666667
27017,HUIMANGUILLO (DGE),TABASCO,17.82916667,-93.39166667
27016,FRONTERA A. OBREGON,TABASCO,18.53361111,-92.63388889
27018,HUIMANGUILLO (SMN),TABASCO,17.86666667,-93.46666667
27021,MACTUN,TABASCO,17.75666667,-91.2925
27010,CUNDUACAN,TABASCO,18.06666667,-93.175
27022,MACUSPANA KM. 262,TABASCO,17.63055556,-92.53611111
27015,FRANCISCO RUEDA,TABASCO,17.83666667,-93.94166667
27027,LOMAS ALEGRES,TABASCO,17.58888889,-92.70138889
27012,EMILIANO ZAPATA,TABASCO,17.74194444,-91.76305556
27029,MACULTEPEC,TABASCO,18.14361111,-92.85833333
27011,DOS PATRIAS,TABASCO,17.61333333,-92.79833333
27041,SANTA ROSALIA,TABASCO,18.08777778,-93.34972222
27020,JALPA DE MENDEZ,TABASCO,18.17166667,-93.045
27019,JALAPA,TABASCO,17.72333333,-92.81166667
27009,COMALCALCO (DGE),TABASCO,18.24722222,-93.22
27032,MEZCALAPA,TABASCO,17.64722222,-93.39722222
27033,MOSQUITERO,TABASCO,17.73333333,-93.63333333
27043,TACOTALPA,TABASCO,17.6,-92.81666667
27026,LA VENTA,TABASCO,18.09777778,-94.04555556
27006,BUENAVISTA,TABASCO,17.63777778,-91.27472222
27036,PASO DE CUNDUACAN,TABASCO,18.06722222,-93.17555556
27038,REFORMA,TABASCO,18.30361111,-93.06805556
27052,TUPILCO,TABASCO,18.42555556,-93.44027778
27024,LA HUASTECA,TABASCO,17.52,-92.92666667
27034,PARAISO,TABASCO,18.39555556,-93.21222222
27035,PAREDON,TABASCO,17.75527778,-93.38444444
27040,SAN PEDRO,TABASCO,17.79166667,-91.15833333
27030,MACUSPANA (DGE),TABASCO,17.75666667,-92.605
27049,TEQUILA,TABASCO,17.72,-92.80638889
27055,VILLAHERMOSA (SMN),TABASCO,17.98333333,-92.91666667
27042,TAPIJULAPA,TABASCO,17.46111111,-92.7775
27037,PUEBLO NUEVO,TABASCO,17.85416667,-93.87916667
27063,APATZINGAN,TABASCO,17.60388889,-91.06888889
27031,MACUSPANA (SMN),TABASCO,17.75,-92.6
27065,DOS MONTES,TABASCO,17.98777778,-92.825
27046,TENOSIQUE (DGE),TABASCO,17.47333333,-91.42666667
27067,E.T.A. 063 BENITO JUAREZ,TABASCO,17.83305556,-92.5425
27004,BOCA DEL CERRO,TABASCO,17.44944444,-91.49305556
27057,COMALCALCO (SMN),TABASCO,18.26666667,-93.21666667
27051,TULIPAN,TABASCO,18.10833333,-93.345
27047,TENOSIQUE (SMN),TABASCO,17.4725,-91.42666667
27053,VICENTE GUERRERO,TABASCO,18.39083333,-92.88333333
27056,BALANCAN DE DOMINGUEZ (DGE),TABASCO,17.80527778,-91.53638889
27069,CHABLE,TABASCO,17.85527778,-91.7825
27071,AQUILES SERDAN,TABASCO,17.80416667,-92.48333333
27050,TRES BRAZOS,TABASCO,18.38416667,-92.6
27061,PUYACATENGO,TABASCO,17.51333333,-92.92
27039,SAMARIA,TABASCO,17.9975,-93.27861111
27070,OXOLOTAN,TABASCO,17.38055556,-92.75
27028,JONUTA,TABASCO,18.09194444,-92.13888889
27048,TEPETITAN,TABASCO,17.82,-92.37333333
27044,TEAPA (DGE),TABASCO,17.54888889,-92.95333333
27045,TEAPA (SMN),TABASCO,17.56666667,-92.96666667
27074,POBLADO C-11,TABASCO,18.17305556,-93.62333333
27085,MIRAMAR,TABASCO,18.48805556,-92.77777778
27076,POBLADO C-16,TABASCO,18.11111111,-93.49666667
27078,POBLADO C-28,TABASCO,18.02138889,-93.49888889
27077,POBLADO C-22,TABASCO,18.06555556,-93.62472222
27059,EL TRIUNFO,TABASCO,17.93666667,-91.17722222
27096,PORVENIR,TABASCO,18.00888889,-92.87722222
27080,POBLADO C-32,TABASCO,17.96722222,-93.50111111
27088,LA T,TABASCO,17.61666667,-91.55
27079,POBLADO C-29,TABASCO,18.04611111,-93.44222222
27095,INIFAP,TABASCO,17.85,-93.38333333
27090,EL PIPILA,TABASCO,17.96833333,-91.6
27068,CAMPO EXP. PUYACATENGO,TABASCO,17.52722222,-92.93055556
27075,POBLADO C-15,TABASCO,18.11055556,-93.56555556
27087,LA HULERIA,TABASCO,17.98833333,-91.38833333
27093,SAN ELPIDIO,TABASCO,18.01333333,-91.56416667
27094,OXOLOTAN (CFE),TABASCO,17.38888889,-92.74305556
27091,PLAYA LARGA,TABASCO,17.93833333,-91.81
27092,PLAYAS DEL ROSARIO,TABASCO,17.85444444,-92.93
27073,POBLADO C-09,TABASCO,18.17472222,-93.48888889
27054,VILLAHERMOSA (DGE),TABASCO,17.99666667,-92.92833333
27084,NACAJUCA,TABASCO,18.16583333,-93.01805556
27083,VILLAHERMOSA (OBS),TABASCO,17.98333333,-92.93333333
27060,GONZALEZ,TABASCO,17.97388889,-93.76833333
28001,ABASOLO (DGE),TAMAULIPAS,24.06555556,-98.39
28003,ALDAMA (DGE),TAMAULIPAS,22.92888889,-98.075
28004,ALTAMIRA (SMN),TAMAULIPAS,22.4,-97.93333333
28007,BARRANCO AZUL,TAMAULIPAS,24.39972222,-99.11305556
28009,BURGOS (DGE),TAMAULIPAS,24.94833333,-98.79694444
28006,BARBERENA,TAMAULIPAS,22.62083333,-98.17083333
28002,AHUALULCO,TAMAULIPAS,22.98861111,-99.145
28014,S.J. 2-11 CAMARGO,TAMAULIPAS,26.31888889,-98.84888889
28005,EL REFUGIO (SMN),TAMAULIPAS,22.46666667,-99.08333333
28025,EJIDO TRES DE MAYO (CFE),TAMAULIPAS,22.4,-98.01666667
28012,C.E.I. CIUDAD MANTE,TAMAULIPAS,22.71666667,-98.96666667
28022,BALCON DE MOCTEZUMA,TAMAULIPAS,23.60527778,-99.20305556
28024,CAÑON DEL DIABLO,TAMAULIPAS,23.62666667,-98.37083333
28021,CORRALEJO,TAMAULIPAS,24.39361111,-99.01111111
28008,BELLAVISTA,TAMAULIPAS,22.82777778,-99.05138889
28016,CAMPO EXPERIMENTAL CUAUHTEMOC,TAMAULIPAS,22.54305556,-98.15138889
28015,CAPITAN EMILIO CARRANZA,TAMAULIPAS,23.255,-98.83333333
28019,CRUILLAS,TAMAULIPAS,24.75416667,-98.53472222
28027,EL MULATO,TAMAULIPAS,24.89333333,-98.95166667
28020,CORONA,TAMAULIPAS,23.93916667,-98.93583333
28010,BUSTAMANTE,TAMAULIPAS,23.43583333,-99.75416667
28023,CHAMAL NUEVO,TAMAULIPAS,22.84083333,-99.19138889
28011,FRACCIONAMIENTO CALLEJONES,TAMAULIPAS,22.8525,-99.49277778
28037,HIDALGO (SMN),TAMAULIPAS,24.25,-99.43333333
28017,CAMPO EXPERIMENTAL MANUEL GONZALEZ,TAMAULIPAS,22.71277778,-98.85194444
28026,EL AGUACATE,TAMAULIPAS,22.63333333,-98.58333333
28033,FRANCISCO CASTELLANOS,TAMAULIPAS,23.2575,-98.60833333
28030,EL OCOTILLAL,TAMAULIPAS,24.44111111,-98.49166667
28039,JAUMAVE (SMN),TAMAULIPAS,23.4,-99.36666667
28031,EL OYUL,TAMAULIPAS,22.55,-99.08666667
28042,JOYA DE SALAS,TAMAULIPAS,23.17583333,-99.27444444
28038,HIDALGO (DGE),TAMAULIPAS,24.2525,-99.43444444
28035,GONZALEZ,TAMAULIPAS,22.81416667,-98.41972222
28028,EL BARRETAL I,TAMAULIPAS,24.08388889,-99.12694444
28045,LA ENCARNACION,TAMAULIPAS,23.38166667,-98.015
28032,EL REFUGIO (DGE),TAMAULIPAS,22.57166667,-99.02138889
28043,LA BOQUILLA,TAMAULIPAS,22.77222222,-99.27916667
28040,JAUMAVE (DGE),TAMAULIPAS,23.4075,-99.37527778
28036,GUEMEZ,TAMAULIPAS,23.91861111,-99.00444444
28034,FRANCISCO ZORRILLA,TAMAULIPAS,23.47027778,-99.34333333
28041,JIMENEZ,TAMAULIPAS,24.21194444,-98.48472222
28051,LAS ALAZANAS,TAMAULIPAS,24.06666667,-98.53333333
28046,LA ESPERANZA,TAMAULIPAS,23.16638889,-97.95333333
28029,EL MAYAB,TAMAULIPAS,22.91555556,-98.34555556
28044,LA ENCANTADA,TAMAULIPAS,23.21666667,-99.07666667
28053,LA VEGA,TAMAULIPAS,23.46666667,-99.43333333
28052,LAS NORIAS,TAMAULIPAS,24.61833333,-98.29722222
28048,FRANCISCO GONZALEZ VILLARREAL,TAMAULIPAS,25.36611111,-97.97916667
28057,MAGISCATZIN (SMN),TAMAULIPAS,22.8,-98.7
28072,PASO DEL AURA,TAMAULIPAS,23.64666667,-98.08333333
28066,NUEVO MORELOS,TAMAULIPAS,22.52833333,-99.21388889
28065,NUEVO LAREDO,TAMAULIPAS,27.48638889,-99.50805556
28071,PALMILLAS,TAMAULIPAS,23.30222222,-99.54833333
28056,C.A.E. LLERA,TAMAULIPAS,23.31666667,-99.01666667
28063,MIQUIHUANA,TAMAULIPAS,23.57388889,-99.75305556
28060,VILLA MAINERO,TAMAULIPAS,24.54555556,-99.61666667
28067,PRESA FALCON,TAMAULIPAS,26.58333333,-99.18333333
28054,ESTEROS,TAMAULIPAS,22.52055556,-98.12694444
28062,MENDEZ,TAMAULIPAS,25.1175,-98.58638889
28073,PASO REAL DE GUERRERO,TAMAULIPAS,23.17805556,-99.46138889
28055,LOS TOMATES,TAMAULIPAS,22.45277778,-98.19722222
28074,PASO DE MOLINA,TAMAULIPAS,23.725,-98.74527778
28047,LA LOBA,TAMAULIPAS,24.35833333,-98.61722222
28059,MAGUEYES,TAMAULIPAS,24.56666667,-99.55111111
28050,LA SONADORA,TAMAULIPAS,23.96444444,-98.64694444
28069,OCAMPO,TAMAULIPAS,22.84444444,-99.33166667
28049,LA SERVILLETA,TAMAULIPAS,22.85222222,-99.12
28064,LAZARO CARDENAS,TAMAULIPAS,22.49888889,-98.825
28058,MAGISCATZIN (DGE),TAMAULIPAS,22.79416667,-98.71611111
28079,REYNOSA (SMN),TAMAULIPAS,26.1,-98.28333333
28090,EL NOVILLO,TAMAULIPAS,23.71833333,-99.25111111
28070,PADILLA,TAMAULIPAS,24.07083333,-98.74222222
28095,S.J. 1-02 SAN PEDRO,TAMAULIPAS,26.36666667,-99.03333333
28097,SANTA ELENA,TAMAULIPAS,22.53333333,-98.93333333
28094,SAN NICOLAS,TAMAULIPAS,24.68944444,-98.82972222
28099,S.J. 2-09 CAMARGO,TAMAULIPAS,26.25583333,-98.80638889
28101,S.J. 2-33 REYNOSA,TAMAULIPAS,26.03333333,-98.21666667
28076,PRETIL,TAMAULIPAS,23.0,-98.71666667
28080,RIO FRIO,TAMAULIPAS,22.82861111,-99.02083333
28106,S.J. 3-58 REYNOSA,TAMAULIPAS,25.83333333,-98.18333333
28084,SAN CARLOS,TAMAULIPAS,24.58111111,-98.94694444
28104,S.J. 3-47 RIO BRAVO,TAMAULIPAS,25.96666667,-98.13333333
28082,S.J. 3-48 RIO BRAVO,TAMAULIPAS,25.87,-98.09
28088,SAN JOSE DE LAS RUSIAS,TAMAULIPAS,23.55194444,-98.03666667
28085,SAN FELIPE,TAMAULIPAS,22.63527778,-98.91638889
28107,S.J. 3-60 REYNOSA,TAMAULIPAS,25.76666667,-98.18333333
28093,S.J. 2-18 SAN MIGUEL,TAMAULIPAS,26.25,-98.71666667
28108,S.J. 3-63 TAPON,TAMAULIPAS,25.66666667,-98.13333333
28103,S.J. 3-42 REYNOSA,TAMAULIPAS,26.19166667,-98.4825
28098,SANTA MARIA DE LOS NOGALES,TAMAULIPAS,23.20833333,-98.34944444
28100,S.J. 2-18 GUSTAVO DIAZ ORDAZ,TAMAULIPAS,26.23222222,-98.59694444
28112,TANCASNEQUE,TAMAULIPAS,22.56388889,-98.53194444
28075,PLAN DE AYALA,TAMAULIPAS,23.56916667,-99.415
28113,TENACITAS,TAMAULIPAS,23.59777778,-97.78027778
28115,LOS UVALLE,TAMAULIPAS,23.57444444,-99.85666667
28089,SAN JOSE DEL VERDE,TAMAULIPAS,23.61388889,-98.60833333
28122,ABASOLO (SMN),TAMAULIPAS,24.06666667,-98.38333333
28077,PUERTO DE VALLES,TAMAULIPAS,24.18138889,-99.59527778
28102,S.J. 2-38 GUSTAVO DIAZ ORDAZ,TAMAULIPAS,26.21666667,-98.56666667
28120,XICOTENCATL,TAMAULIPAS,22.99333333,-98.99138889
28111,TAMPICO,TAMAULIPAS,22.23861111,-97.87888889
28118,VILLAGRAN (SMN),TAMAULIPAS,24.47055556,-99.48861111
28105,S.J. 3-55 REYNOSA,TAMAULIPAS,25.88333333,-98.18333333
28128,REYNOSA (DGE),TAMAULIPAS,26.08888889,-98.27777778
28078,PUNTA JEREZ,TAMAULIPAS,22.8975,-97.79333333
28092,SOTO LA MARINA (OBS),TAMAULIPAS,23.76666667,-98.2
28096,SAN VICENTE,TAMAULIPAS,23.42333333,-99.31444444
28110,TAMPICO (OBS),TAMAULIPAS,22.3775,-97.91333333
28083,SABINAS,TAMAULIPAS,23.02277778,-99.09444444
28086,SAN FERNANDO,TAMAULIPAS,24.84722222,-98.15833333
28131,MATAMOROS,TAMAULIPAS,25.83333333,-97.43333333
28133,LAS NORIAS,TAMAULIPAS,22.63583333,-98.44972222
28091,SAN PABLO,TAMAULIPAS,22.80694444,-99.84166667
28081,ROSILLO,TAMAULIPAS,22.91666667,-98.5975
28087,SAN GABRIEL,TAMAULIPAS,23.08416667,-98.7875
28121,S.J. 2-23 VALADEZ,TAMAULIPAS,26.2,-98.55
28130,EL BARRANCO,TAMAULIPAS,22.56583333,-97.905
28125,NUEVA APOLONIA,TAMAULIPAS,22.50333333,-98.61722222
28116,CIUDAD VICTORIA (DGE),TAMAULIPAS,23.72611111,-99.14611111
28138,TANCOL,TAMAULIPAS,22.29416667,-97.88611111
28155,S.J. 1-02 MIGUEL ALEMAN,TAMAULIPAS,26.40027778,-99.02527778
28146,E.T.A. 167 TOMATAN,TAMAULIPAS,23.73333333,-99.15
28127,CIUDAD VICTORIA (SMN),TAMAULIPAS,23.73333333,-99.13333333
28137,LAS ANIMAS,TAMAULIPAS,22.65861111,-98.69083333
28119,ALDAMA (SMN),TAMAULIPAS,22.91666667,-98.06666667
28123,BURGOS (SMN),TAMAULIPAS,24.95,-98.78333333
28136,GOMEZ FARIAS,TAMAULIPAS,23.02861111,-99.14583333
28152,SOTO LA MARINA,TAMAULIPAS,23.76888889,-98.21083333
28151,PRESA VICENTE GUERRERO,TAMAULIPAS,23.96166667,-98.66611111
28145,EL APURO,TAMAULIPAS,22.72138889,-97.92138889
28149,EL PILON,TAMAULIPAS,24.20638889,-99.02111111
28169,LOS TRONCONES,TAMAULIPAS,23.77361111,-99.24638889
28171,SIERRA MADRE,TAMAULIPAS,23.73222222,-99.17722222
28150,LA ALBERCA,TAMAULIPAS,23.48222222,-98.98027778
28154,REPUBLICA ESPAÑOLA,TAMAULIPAS,23.7,-98.2
28161,PRESA LA PATRIA,TAMAULIPAS,23.96777778,-98.45916667
28170,SAN MARCOS,TAMAULIPAS,23.69916667,-99.18805556
28164,LA ANGOSTURA,TAMAULIPAS,23.36666667,-99.01111111
28165,CIUDAD VICTORIA (OBS),TAMAULIPAS,23.74777778,-99.17166667
28163,EL CARRIZAL,TAMAULIPAS,22.85861111,-98.23333333
28117,VILLAGRAN (DGE),TAMAULIPAS,24.47361111,-99.49027778
28139,EL REFUGIO,TAMAULIPAS,22.50083333,-98.91722222
28160,LAS LAJITAS,TAMAULIPAS,23.815,-98.03333333
28135,ATOTONILCO,TAMAULIPAS,22.66166667,-98.455
28172,S.J. 2-00 PRESA DIAZ ORDAZ,TAMAULIPAS,26.23333333,-98.61666667
28156,E.T.A. 067 CIUDAD MANTE,TAMAULIPAS,22.7425,-98.97222222
28176,LAS ANTONIAS,TAMAULIPAS,23.37638889,-99.88555556
28148,EL BARRETAL II,TAMAULIPAS,24.09416667,-99.14694444
28179,CARRIZOS,TAMAULIPAS,24.4,-99.29166667
28178,LA CAÑADA,TAMAULIPAS,23.14444444,-98.75111111
28182,LA LIBERTAD,TAMAULIPAS,24.42583333,-98.90888889
28186,EL MIRADOR,TAMAULIPAS,24.10416667,-98.81138889
28185,MARIA TERESA,TAMAULIPAS,23.5625,-99.025
28175,ALTAMIRA (DGE),TAMAULIPAS,22.42305556,-97.945
28183,MAGDALENO AGUILAR,TAMAULIPAS,23.45361111,-99.50916667
28114,TULA,TAMAULIPAS,23.00111111,-99.7125
28180,EL ENCINAL,TAMAULIPAS,24.39666667,-98.38416667
28184,MARIANO ESCOBEDO,TAMAULIPAS,24.38138889,-99.50055556
28167,LOPEZ RAYON,TAMAULIPAS,22.615,-98.46166667
28147,TAMESI,TAMAULIPAS,22.42388889,-98.42277778
28199,GUADALUPE,TAMAULIPAS,24.3675,-99.09694444
28201,EL NACIMIENTO,TAMAULIPAS,22.96305556,-98.12805556
28188,PALO SOLO,TAMAULIPAS,25.08638889,-97.91666667
28202,LAZARO CARDENAS,TAMAULIPAS,24.86666667,-98.63472222
28200,EL LAJAL,TAMAULIPAS,22.84611111,-98.72944444
28191,PRESA PEDRO J. MENDEZ,TAMAULIPAS,24.04527778,-99.39388889
28210,CHARCO LARGO,TAMAULIPAS,24.17916667,-97.98611111
28189,PEDRO RUIZ MOLINA,TAMAULIPAS,23.14166667,-99.68944444
28194,SAN ISIDRO,TAMAULIPAS,24.19694444,-99.34805556
28209,CONRADO CASTILLO,TAMAULIPAS,24.66694444,-99.25388889
28214,LUCIO BLANCO,TAMAULIPAS,24.73166667,-99.40277778
28192,PUERTO RICO,TAMAULIPAS,24.25277778,-98.97777778
28196,LA CABECERA,TAMAULIPAS,22.95555556,-97.93583333
28197,SAN JOSE DE LAS FLORES,TAMAULIPAS,23.90444444,-99.11777778
28217,EJIDO GRACIANO SANCHEZ,TAMAULIPAS,24.17583333,-99.04361111
28215,LA MISION,TAMAULIPAS,24.26166667,-98.35666667
28213,LAGUNA DE SAN JUAN,TAMAULIPAS,24.8,-98.03888889
28198,GARZA VALDEZ,TAMAULIPAS,24.51833333,-99.38694444
28193,LA REFORMA,TAMAULIPAS,23.62916667,-99.30444444
28218,LA BOCA,TAMAULIPAS,23.6525,-99.10388889
28195,SAN LORENZO,TAMAULIPAS,22.94833333,-98.8
28190,EL PIRULI,TAMAULIPAS,23.57111111,-98.53166667
28223,EL SARNOSO,TAMAULIPAS,24.86833333,-98.69083333
28204,SAN FRANCISCO,TAMAULIPAS,24.97777778,-98.31111111
28226,CINCO DE FEBRERO,TAMAULIPAS,23.565,-98.79361111
28221,LAVIN,TAMAULIPAS,23.54888889,-98.90388889
28220,GENERAL FELIPE ANGELES,TAMAULIPAS,23.23888889,-99.09611111
28206,EL CHIJOL,TAMAULIPAS,22.87694444,-98.035
28207,LA CHONA,TAMAULIPAS,24.24,-98.81833333
28219,EL ENCINO,TAMAULIPAS,23.14083333,-99.115
28203,SANTA JUANA,TAMAULIPAS,22.77888889,-98.10333333
28222,SAN FRANCISCO,TAMAULIPAS,23.38833333,-98.81111111
28216,PALO BLANCO,TAMAULIPAS,24.54472222,-98.16333333
28263,LA PESCA,TAMAULIPAS,23.78722222,-97.77777778
28264,VILLA CARDENAS (B,TAMAULIPAS,24.215,-98.64138889
28400,GALLOS GRANDES,TAMAULIPAS,22.72888889,-99.60055556
28402,RANCHO VEINTIDOS DE DICIEMBRE,TAMAULIPAS,23.60166667,-97.98055556
28404,SANTA ISABEL,TAMAULIPAS,24.07194444,-97.84305556
28405,SACA DE AGUA,TAMAULIPAS,22.78361111,-98.86472222
29001,ACHICHAPA,TLAXCALA,19.55,-98.65
29014,LIMITES,TLAXCALA,19.55,-98.53333333
29020,SAN ANDRES BUENAVISTA,TLAXCALA,19.58333333,-98.28333333
29006,CUAULA,TLAXCALA,19.6,-98.65
29008,ESTOYITO,TLAXCALA,19.56666667,-98.63333333
29016,NANACAMILPA (DGE),TLAXCALA,19.4925,-98.53527778
29007,EL CARMEN,TLAXCALA,19.31805556,-97.64722222
29022,SAN BUENAVENTURA,TLAXCALA,19.6,-98.31666667
29019,SAN ANTONIO CALPULALAPAN,TLAXCALA,19.55472222,-98.56805556
29005,CUAPIAXTLA,TLAXCALA,19.29888889,-97.76972222
29004,CUAMANTZINGO,TLAXCALA,19.51972222,-98.26916667
29028,SOMBRERIRO,TLAXCALA,19.53333333,-98.65
29003,ATLANGA SAN JOSE,TLAXCALA,19.55555556,-98.20277778
29011,HUAMANTLA,TLAXCALA,19.31583333,-97.91111111
29024,SANCTORUM,TLAXCALA,19.4925,-98.47194444
29017,NANACAMILPA (SMN),TLAXCALA,19.48333333,-98.53333333
29010,HUEYOTLIPAN,TLAXCALA,19.47194444,-98.34527778
29002,APIZACO,TLAXCALA,19.41555556,-98.14
29038,E.T.A. 072 NATIVITAS,TLAXCALA,19.23333333,-98.3
29012,LA GLORIA (CFE),TLAXCALA,19.62055556,-97.98
29025,SAN MARCOS HUAQUILPAN,TLAXCALA,19.59694444,-98.63194444
29030,TLAXCALA DE XICONTECATL (DGE),TLAXCALA,19.32388889,-98.24666667
29023,SAN CRISTOBAL,TLAXCALA,19.56833333,-98.66194444
29026,ZITLALTEPEC,TLAXCALA,19.19972222,-97.9075
29027,TOCATLAN,TLAXCALA,19.38861111,-98.02138889
29015,MAZAPA,TLAXCALA,19.55,-98.56666667
29029,TEMONTITLA,TLAXCALA,19.56666667,-98.46666667
29034,ZOQUIAPAN,TLAXCALA,19.58472222,-98.47805556
29049,PANZACOLA,TLAXCALA,19.16666667,-98.2
29031,TLAXCALA DE XICONTECATL (OBS),TLAXCALA,19.31194444,-98.24416667
29060,CENTRO VACACIONAL MALITZIN,TLAXCALA,19.28333333,-98.04166667
29048,C.E.E.S.T.M. IXTACUIXTLA,TLAXCALA,19.33333333,-98.3
29013,LA VENTA,TLAXCALA,19.56666667,-98.68333333
29053,TERRENATE,TLAXCALA,19.47694444,-97.91722222
29032,TLAXCO,TLAXCALA,19.5925,-98.12555556
29061,PANOTLA,TLAXCALA,19.31388889,-98.26722222
29039,ESCUELA AGROPECUARIA NANACAMILPA,TLAXCALA,19.49805556,-98.52472222
29042,AMAXAC DE GUERRERO,TLAXCALA,19.34277778,-98.16055556
29051,TOLUCA DE GUADALUPE,TLAXCALA,19.46472222,-97.95805556
29052,EL ROSARIO,TLAXCALA,19.65527778,-98.22888889
29047,ESPAÑITA,TLAXCALA,19.45777778,-98.42222222
29050,TEOLOCHOLCO,TLAXCALA,19.24333333,-98.19083333
29045,SANTIAGO TETLA,TLAXCALA,19.44055556,-98.10333333
29041,TEPETITLA,TLAXCALA,19.26138889,-98.37055556
29056,TENANCINGO,TLAXCALA,19.14583333,-98.20138889
29035,CALPULALPAN,TLAXCALA,19.58611111,-98.56388889
29040,IXTACUIXTLA,TLAXCALA,19.32666667,-98.36611111
29043,E.T.A. 161 XOCOYUCAN,TLAXCALA,19.30722222,-98.38277778
29172,I.T.A. 029 XOCOYUCAN,TLAXCALA,19.30722222,-98.37277778
29166,SAN SIMON,TLAXCALA,19.39666667,-98.22416667
29151,ALTZAYANCA,TLAXCALA,19.42805556,-97.79888889
29162,BENITO JUAREZ,TLAXCALA,19.58666667,-98.4275
29170,SAN PABLO DEL MONTE,TLAXCALA,19.115,-98.17527778
29161,ACXOTLA DEL MONTE,TLAXCALA,19.23777778,-98.15916667
29165,EL EPAZOTE,TLAXCALA,19.58055556,-97.95833333
29169,ZACATELCO,TLAXCALA,19.21944444,-98.24305556
30002,ACAZONICA (CFE),VERACRUZ DE IGNACIO DE LA LLAVE,19.2125,-96.58777778
30001,ACAYUCAN,VERACRUZ DE IGNACIO DE LA LLAVE,17.94722222,-94.91527778
30004,ACULTZINGO,VERACRUZ DE IGNACIO DE LA LLAVE,18.71666667,-97.30833333
30005,AGUA DULCE,VERACRUZ DE IGNACIO DE LA LLAVE,18.14166667,-94.14444444
30020,CAÑADA RICA,VERACRUZ DE IGNACIO DE LA LLAVE,21.68472222,-98.16
30017,BOCA DE SOCHIAPA,VERACRUZ DE IGNACIO DE LA LLAVE,19.19194444,-96.93861111
30007,ALMOLONGA,VERACRUZ DE IGNACIO DE LA LLAVE,19.58833333,-96.78416667
30023,CERRITO,VERACRUZ DE IGNACIO DE LA LLAVE,18.03333333,-95.28333333
30014,BELLACO,VERACRUZ DE IGNACIO DE LA LLAVE,17.78888889,-95.18194444
30010,AMATITLA (CFE),VERACRUZ DE IGNACIO DE LA LLAVE,19.35,-96.88027778
30018,EL BUZON,VERACRUZ DE IGNACIO DE LA LLAVE,19.15694444,-96.35055556
30024,CERRO COLORADO (CFE),VERACRUZ DE IGNACIO DE LA LLAVE,19.35388889,-96.70777778
30029,COLONIA GRUPO TRES,VERACRUZ DE IGNACIO DE LA LLAVE,17.9,-95.53333333
30013,AZUETA,VERACRUZ DE IGNACIO DE LA LLAVE,18.075,-95.7
30015,BELLA ESPERANZA (CFE),VERACRUZ DE IGNACIO DE LA LLAVE,19.43333333,-96.86666667
30021,EL CARRIZAL,VERACRUZ DE IGNACIO DE LA LLAVE,19.36305556,-96.65833333
30037,CUITLAHUAC,VERACRUZ DE IGNACIO DE LA LLAVE,18.81138889,-96.72
30008,ALTOTONGA,VERACRUZ DE IGNACIO DE LA LLAVE,19.7625,-97.23472222
30036,CUICHAPA,VERACRUZ DE IGNACIO DE LA LLAVE,18.77083333,-96.86944444
30026,COATEPEC,VERACRUZ DE IGNACIO DE LA LLAVE,19.45555556,-96.94444444
30022,CATEMACO,VERACRUZ DE IGNACIO DE LA LLAVE,18.41944444,-95.11361111
30038,TUXPAN (CFE),VERACRUZ DE IGNACIO DE LA LLAVE,20.90694444,-97.43861111
30032,COSCOMATEPEC (SMN),VERACRUZ DE IGNACIO DE LA LLAVE,19.07166667,-97.04611111
30011,ANGEL R. CABADA,VERACRUZ DE IGNACIO DE LA LLAVE,18.59722222,-95.44722222
30025,CIUDAD ALEMAN,VERACRUZ DE IGNACIO DE LA LLAVE,18.1875,-96.09444444
30030,HEROICA CORDOBA (OBS),VERACRUZ DE IGNACIO DE LA LLAVE,18.90333333,-96.92722222
30039,CHICAYAN,VERACRUZ DE IGNACIO DE LA LLAVE,21.62694444,-98.12416667
30033,COYAME (CFE),VERACRUZ DE IGNACIO DE LA LLAVE,18.4375,-95.02555556
30031,COSAMALOAPAN DE CARPIO (SMN),VERACRUZ DE IGNACIO DE LA LLAVE,18.37222222,-95.79722222
30019,CAMELPO,VERACRUZ DE IGNACIO DE LA LLAVE,18.73888889,-96.45555556
30034,COYUTLA (CFE),VERACRUZ DE IGNACIO DE LA LLAVE,20.25583333,-97.64361111
30043,CHINAMECA,VERACRUZ DE IGNACIO DE LA LLAVE,18.04166667,-94.6625
30044,DOBLEDERO,VERACRUZ DE IGNACIO DE LA LLAVE,18.11527778,-95.76666667
30009,ALVARADO (SMN),VERACRUZ DE IGNACIO DE LA LLAVE,18.77777778,-95.76388889
30052,ELOTEPEC (CFE),VERACRUZ DE IGNACIO DE LA LLAVE,19.18666667,-97.03944444
30045,EL BARRIO,VERACRUZ DE IGNACIO DE LA LLAVE,18.54305556,-96.09861111
30040,CHICONQUIACO,VERACRUZ DE IGNACIO DE LA LLAVE,19.74305556,-96.81805556
30053,EL PALMAR,VERACRUZ DE IGNACIO DE LA LLAVE,18.53333333,-96.78333333
30056,EL TEJAR,VERACRUZ DE IGNACIO DE LA LLAVE,19.06722222,-96.15833333
30006,ALAMO,VERACRUZ DE IGNACIO DE LA LLAVE,20.92944444,-97.67944444
30062,FRANCISCO SARABIA,VERACRUZ DE IGNACIO DE LA LLAVE,20.02027778,-96.97361111
30054,EL RAUDAL,VERACRUZ DE IGNACIO DE LA LLAVE,20.15611111,-96.72111111
30051,EL OLIVO,VERACRUZ DE IGNACIO DE LA LLAVE,21.83222222,-98.50388889
30063,FRANCISCO VILLA,VERACRUZ DE IGNACIO DE LA LLAVE,17.50555556,-94.04027778
30064,HIDALGOTITLAN,VERACRUZ DE IGNACIO DE LA LLAVE,17.77166667,-94.63888889
30003,ACTOPAN,VERACRUZ DE IGNACIO DE LA LLAVE,19.50277778,-96.61111111
30065,HUAZUNTLAN,VERACRUZ DE IGNACIO DE LA LLAVE,18.15555556,-94.79138889
30059,PAIJA,VERACRUZ DE IGNACIO DE LA LLAVE,22.04,-98.41111111
30061,FORTIN DE LAS FLORES,VERACRUZ DE IGNACIO DE LA LLAVE,18.90277778,-96.99722222
30058,ESPINAL (CFE),VERACRUZ DE IGNACIO DE LA LLAVE,20.25777778,-97.41861111
30060,FANAL DE NAUTLA,VERACRUZ DE IGNACIO DE LA LLAVE,20.20722222,-96.77222222
30049,EL HIGO,VERACRUZ DE IGNACIO DE LA LLAVE,21.77722222,-98.44388889
30028,COLONIA CINCO DE MAYO,VERACRUZ DE IGNACIO DE LA LLAVE,17.86666667,-95.3
30050,EL FAISAN,VERACRUZ DE IGNACIO DE LA LLAVE,19.31861111,-96.37694444
30068,LOS IDOLOS,VERACRUZ DE IGNACIO DE LA LLAVE,19.40833333,-96.51638889
30027,COATZACOALCOS (OBS),VERACRUZ DE IGNACIO DE LA LLAVE,18.14027778,-94.52222222
30016,BENITO JUAREZ,VERACRUZ DE IGNACIO DE LA LLAVE,20.88666667,-98.20111111
30048,EL COPITAL,VERACRUZ DE IGNACIO DE LA LLAVE,18.96666667,-96.205
30041,CHICONTEPEC DE TEJEDA (SMN),VERACRUZ DE IGNACIO DE LA LLAVE,20.99333333,-98.16388889
30057,EL ZETAL (CFE),VERACRUZ DE IGNACIO DE LA LLAVE,19.52722222,-96.66888889
30035,CUATOTOLAPAN,VERACRUZ DE IGNACIO DE LA LLAVE,18.14444444,-95.29583333
30073,JUCHIQUE DE FERRER,VERACRUZ DE IGNACIO DE LA LLAVE,19.84166667,-96.69722222
30069,IGNACIO DE LA LLAVE,VERACRUZ DE IGNACIO DE LA LLAVE,18.72777778,-95.98611111
30078,JOACHIN,VERACRUZ DE IGNACIO DE LA LLAVE,18.63888889,-96.23333333
30071,IXCATEPEC,VERACRUZ DE IGNACIO DE LA LLAVE,21.23944444,-98.00333333
30079,JOLOAPAN (CFE),VERACRUZ DE IGNACIO DE LA LLAVE,20.23777778,-97.27944444
30070,INDEPENDENCIA,VERACRUZ DE IGNACIO DE LA LLAVE,17.79583333,-95.42083333
30077,JALTIPAN DE MORELOS,VERACRUZ DE IGNACIO DE LA LLAVE,17.96388889,-94.72222222
30080,RIO BLANCO,VERACRUZ DE IGNACIO DE LA LLAVE,18.71666667,-96.1
30012,ATZALAN,VERACRUZ DE IGNACIO DE LA LLAVE,19.78888889,-97.24583333
30042,CHILAPA,VERACRUZ DE IGNACIO DE LA LLAVE,18.98333333,-97.15
30047,EL COYOL (CFE),VERACRUZ DE IGNACIO DE LA LLAVE,19.17222222,-96.69638889
30067,HUAYACOCOTLA,VERACRUZ DE IGNACIO DE LA LLAVE,20.53361111,-98.47777778
30081,LA FLORENCIA,VERACRUZ DE IGNACIO DE LA LLAVE,17.575,-95.18055556
30085,LA TEMBLADERA (CFE),VERACRUZ DE IGNACIO DE LA LLAVE,19.51611111,-97.11833333
30076,JALCOMULCO (CFE),VERACRUZ DE IGNACIO DE LA LLAVE,19.33,-96.76194444
30074,JALACINGO,VERACRUZ DE IGNACIO DE LA LLAVE,19.80611111,-97.30777778
30082,LA GRANJA,VERACRUZ DE IGNACIO DE LA LLAVE,18.36111111,-96.25972222
30096,LOS NARANJOS,VERACRUZ DE IGNACIO DE LA LLAVE,18.36666667,-96.2
30075,JALAPA DE ENRIQUEZ (OBS),VERACRUZ DE IGNACIO DE LA LLAVE,19.51194444,-96.90388889
30095,LOS MANGOS,VERACRUZ DE IGNACIO DE LA LLAVE,18.24361111,-95.12277778
30091,LAS PRIETAS,VERACRUZ DE IGNACIO DE LA LLAVE,18.50222222,-96.41111111
30092,LAS VIGAS,VERACRUZ DE IGNACIO DE LA LLAVE,18.74444444,-96.08194444
30066,HUATUSCO DE CHICUELLAR,VERACRUZ DE IGNACIO DE LA LLAVE,19.15,-96.95972222
30088,LAS CHARCAS,VERACRUZ DE IGNACIO DE LA LLAVE,18.55527778,-96.02805556
30083,LA LIMA,VERACRUZ DE IGNACIO DE LA LLAVE,17.92361111,-95.16388889
30072,IXHUATLAN DEL CAFE,VERACRUZ DE IGNACIO DE LA LLAVE,19.05,-96.98611111
30084,LA MICHOACANA,VERACRUZ DE IGNACIO DE LA LLAVE,22.355,-98.2675
30089,LAS MINAS (CFE),VERACRUZ DE IGNACIO DE LA LLAVE,19.68972222,-97.1475
30093,LOMA FINA,VERACRUZ DE IGNACIO DE LA LLAVE,19.26138889,-96.41
30109,MORENO SUR,VERACRUZ DE IGNACIO DE LA LLAVE,18.57638889,-96.24444444
30110,MORILLO,VERACRUZ DE IGNACIO DE LA LLAVE,18.29444444,-95.41944444
30105,MATA TENATITO,VERACRUZ DE IGNACIO DE LA LLAVE,18.72222222,-96.6625
30097,LOS PESCADOS (CFE),VERACRUZ DE IGNACIO DE LA LLAVE,19.56138889,-97.14805556
30103,MATA DE LIMONES,VERACRUZ DE IGNACIO DE LA LLAVE,18.10972222,-95.52777778
30116,NOPALAPAN,VERACRUZ DE IGNACIO DE LA LLAVE,18.10972222,-95.33055556
30111,MOTZORONGO,VERACRUZ DE IGNACIO DE LA LLAVE,18.64305556,-96.73194444
30104,MATA ANONA (CFE),VERACRUZ DE IGNACIO DE LA LLAVE,19.16305556,-96.49583333
30100,MALTRATA (DGE),VERACRUZ DE IGNACIO DE LA LLAVE,18.81111111,-97.27222222
30106,MELCHOR OCAMPO (CFE),VERACRUZ DE IGNACIO DE LA LLAVE,20.345,-97.53416667
30123,PALO GACHO,VERACRUZ DE IGNACIO DE LA LLAVE,18.74861111,-96.33194444
30119,OMEALCA,VERACRUZ DE IGNACIO DE LA LLAVE,18.74722222,-96.78611111
30094,LOS CAPULINES,VERACRUZ DE IGNACIO DE LA LLAVE,18.85666667,-96.29111111
30087,LAS ANIMAS,VERACRUZ DE IGNACIO DE LA LLAVE,19.5,-96.885
30118,NUEVO IXCATLAN,VERACRUZ DE IGNACIO DE LA LLAVE,17.63333333,-95.43888889
30086,LA VICTORIA,VERACRUZ DE IGNACIO DE LA LLAVE,18.76666667,-96.25
30099,MADEREROS,VERACRUZ DE IGNACIO DE LA LLAVE,18.73472222,-96.18333333
30112,MOZOMBOA,VERACRUZ DE IGNACIO DE LA LLAVE,19.50388889,-96.47222222
30138,ALTO LUCERO,VERACRUZ DE IGNACIO DE LA LLAVE,19.62166667,-96.73611111
30113,NANCHITAL (SMN),VERACRUZ DE IGNACIO DE LA LLAVE,18.06666667,-94.41666667
30129,PIEDRAS NEGRAS,VERACRUZ DE IGNACIO DE LA LLAVE,18.75,-96.16666667
30121,OTATITLAN,VERACRUZ DE IGNACIO DE LA LLAVE,18.18055556,-96.03888889
30126,PASO DEL CEDRO,VERACRUZ DE IGNACIO DE LA LLAVE,19.50222222,-96.38944444
30046,CARDON,VERACRUZ DE IGNACIO DE LA LLAVE,21.41388889,-98.48333333
30055,EL REMOLINO (CFE),VERACRUZ DE IGNACIO DE LA LLAVE,20.3875,-97.24333333
30117,PARAISO NOVILLERO,VERACRUZ DE IGNACIO DE LA LLAVE,18.25833333,-95.94166667
30133,PRESA OTAPA,VERACRUZ DE IGNACIO DE LA LLAVE,18.68333333,-96.43333333
30124,PANUCO (SMN),VERACRUZ DE IGNACIO DE LA LLAVE,22.06666667,-98.18333333
30135,XALAPA (CFE),VERACRUZ DE IGNACIO DE LA LLAVE,19.55,-96.85
30128,PEROTE,VERACRUZ DE IGNACIO DE LA LLAVE,19.58083333,-97.24777778
30114,NAOLINCO DE VICTORIA,VERACRUZ DE IGNACIO DE LA LLAVE,19.65194444,-96.87305556
30142,RINCON PACHECO,VERACRUZ DE IGNACIO DE LA LLAVE,18.36666667,-96.16666667
30125,PAPANTLA,VERACRUZ DE IGNACIO DE LA LLAVE,20.44583333,-97.325
30139,PUNTA LIMON (CFE),VERACRUZ DE IGNACIO DE LA LLAVE,19.87305556,-96.50333333
30101,MANLIO FABIO ALTAMIRAMO,VERACRUZ DE IGNACIO DE LA LLAVE,19.09444444,-96.33888889
30107,MINATITLAN,VERACRUZ DE IGNACIO DE LA LLAVE,17.98888889,-94.55861111
30102,MARTINEZ DE LA TORRE (DGE),VERACRUZ DE IGNACIO DE LA LLAVE,20.07916667,-97.06388889
30143,JUAN RODRIGUEZ CLARA,VERACRUZ DE IGNACIO DE LA LLAVE,17.99305556,-95.40277778
30136,PUENTE JULA,VERACRUZ DE IGNACIO DE LA LLAVE,19.19611111,-96.34388889
30098,LOS HULES,VERACRUZ DE IGNACIO DE LA LLAVE,21.17083333,-98.27916667
30090,LAS PERLAS,VERACRUZ DE IGNACIO DE LA LLAVE,17.41666667,-94.91388889
30131,PLAYA VICENTE,VERACRUZ DE IGNACIO DE LA LLAVE,17.83055556,-95.81111111
30122,OZULUAMA,VERACRUZ DE IGNACIO DE LA LLAVE,21.66111111,-97.85055556
30120,ORIZABA (OBS),VERACRUZ DE IGNACIO DE LA LLAVE,18.85,-97.1
30153,SAN RAFAEL,VERACRUZ DE IGNACIO DE LA LLAVE,20.19444444,-96.86944444
30146,SAN ANDRES,VERACRUZ DE IGNACIO DE LA LLAVE,18.44722222,-95.21111111
30145,SAN ALEJO,VERACRUZ DE IGNACIO DE LA LLAVE,18.93333333,-96.75166667
30150,SAN MIGUEL,VERACRUZ DE IGNACIO DE LA LLAVE,18.53333333,-95.73333333
30134,PROGRESO DE ZARAGOZA,VERACRUZ DE IGNACIO DE LA LLAVE,20.27361111,-97.71111111
30127,TAMPICO ALTO,VERACRUZ DE IGNACIO DE LA LLAVE,22.10916667,-97.79861111
30149,SAN JUAN SECO,VERACRUZ DE IGNACIO DE LA LLAVE,18.31111111,-95.15416667
30154,SANTA ANA (CFE),VERACRUZ DE IGNACIO DE LA LLAVE,20.25861111,-97.59166667
30141,RINCONADA,VERACRUZ DE IGNACIO DE LA LLAVE,19.35277778,-96.56388889
30157,SANTA MARIA TATETLA (CFE),VERACRUZ DE IGNACIO DE LA LLAVE,19.27305556,-96.71333333
30140,RANCHO VIEJO,VERACRUZ DE IGNACIO DE LA LLAVE,19.44694444,-96.78361111
30108,MISANTLA,VERACRUZ DE IGNACIO DE LA LLAVE,19.92916667,-96.85555556
30155,SANTA ANITA,VERACRUZ DE IGNACIO DE LA LLAVE,18.92,-96.81
30159,SANTA ROSALIA,VERACRUZ DE IGNACIO DE LA LLAVE,18.46805556,-95.58333333
30115,NARANJAL (CFE),VERACRUZ DE IGNACIO DE LA LLAVE,18.81388889,-96.96222222
30164,SUMIDERO,VERACRUZ DE IGNACIO DE LA LLAVE,18.90694444,-97.02222222
30160,SANTA TRINIDAD,VERACRUZ DE IGNACIO DE LA LLAVE,21.8925,-98.29
30151,SAN MIGUELITO,VERACRUZ DE IGNACIO DE LA LLAVE,18.86388889,-96.91805556
30137,PUENTE NACIONAL (CFE),VERACRUZ DE IGNACIO DE LA LLAVE,19.325,-96.48166667
30130,PLATON SANCHEZ,VERACRUZ DE IGNACIO DE LA LLAVE,21.29805556,-98.35638889
30147,SAN JUAN EVANGELISTA (DGE),VERACRUZ DE IGNACIO DE LA LLAVE,17.88333333,-95.14583333
30168,TANTIMA,VERACRUZ DE IGNACIO DE LA LLAVE,21.33027778,-97.83305556
30132,POZA RICA,VERACRUZ DE IGNACIO DE LA LLAVE,20.54083333,-97.47277778
30152,GARRO,VERACRUZ DE IGNACIO DE LA LLAVE,18.27055556,-95.55694444
30165,TAMARINDO,VERACRUZ DE IGNACIO DE LA LLAVE,19.33722222,-96.49166667
30156,SANTA INES,VERACRUZ DE IGNACIO DE LA LLAVE,18.75666667,-96.79138889
30167,TANCOCHAPA,VERACRUZ DE IGNACIO DE LA LLAVE,17.87361111,-94.08888889
30172,TECUANAPA,VERACRUZ DE IGNACIO DE LA LLAVE,17.7875,-94.19583333
30166,TAMOS,VERACRUZ DE IGNACIO DE LA LLAVE,22.21611111,-97.99861111
30162,XOCHIAPA,VERACRUZ DE IGNACIO DE LA LLAVE,17.66388889,-95.73888889
30174,TEHUIPANGO,VERACRUZ DE IGNACIO DE LA LLAVE,18.51944444,-97.05694444
30186,TOTALCO,VERACRUZ DE IGNACIO DE LA LLAVE,19.50416667,-97.33805556
30184,TLALIXCOYAN,VERACRUZ DE IGNACIO DE LA LLAVE,18.80277778,-96.06111111
30171,TECOLUTLA,VERACRUZ DE IGNACIO DE LA LLAVE,20.47916667,-97.00972222
30148,SAN JUANILLO,VERACRUZ DE IGNACIO DE LA LLAVE,18.065,-95.14861111
30144,RODRIGUEZ TEJEDA,VERACRUZ DE IGNACIO DE LA LLAVE,18.63055556,-96.41666667
30163,SOLEDAD DE DOBLADO,VERACRUZ DE IGNACIO DE LA LLAVE,19.04583333,-96.425
30178,TENEXTEPEC,VERACRUZ DE IGNACIO DE LA LLAVE,19.48611111,-97.26416667
30196,ISLA,VERACRUZ DE IGNACIO DE LA LLAVE,18.025,-95.52916667
30170,TAPALAPA,VERACRUZ DE IGNACIO DE LA LLAVE,18.53194444,-95.30277778
30197,VISTA HERMOSA,VERACRUZ DE IGNACIO DE LA LLAVE,18.66388889,-96.7125
30176,TEMPOAL DE SANCHEZ,VERACRUZ DE IGNACIO DE LA LLAVE,21.51888889,-98.41027778
30179,TEOCELO,VERACRUZ DE IGNACIO DE LA LLAVE,19.38611111,-96.97361111
30182,TIERRA BLANCA (SMN),VERACRUZ DE IGNACIO DE LA LLAVE,18.45,-96.36666667
30180,TERRERILLOS,VERACRUZ DE IGNACIO DE LA LLAVE,21.04083333,-98.15305556
30199,ZEMPOALA,VERACRUZ DE IGNACIO DE LA LLAVE,19.44166667,-96.41666667
30194,VILLA CUAUHTEMOC,VERACRUZ DE IGNACIO DE LA LLAVE,22.18333333,-97.85
30200,ZONGOLICA,VERACRUZ DE IGNACIO DE LA LLAVE,18.66666667,-97.0
30169,TANTOYUCA,VERACRUZ DE IGNACIO DE LA LLAVE,21.345,-98.22611111
30161,SANTIAGO TUXTLA,VERACRUZ DE IGNACIO DE LA LLAVE,18.46666667,-95.3
30189,TRES ZAPOTES,VERACRUZ DE IGNACIO DE LA LLAVE,18.46666667,-95.43611111
30192,VERACRUZ (OBS),VERACRUZ DE IGNACIO DE LA LLAVE,19.16111111,-96.13694444
30210,FORTÍN,VERACRUZ DE IGNACIO DE LA LLAVE,18.91444444,-97.01416667
30201,ALVARADO (DGE),VERACRUZ DE IGNACIO DE LA LLAVE,18.77083333,-95.75555556
30202,SAN PEDRO AMATITLAN,VERACRUZ DE IGNACIO DE LA LLAVE,18.45,-95.75
30191,VEGA DE ALATORRE,VERACRUZ DE IGNACIO DE LA LLAVE,20.02361111,-96.65416667
30206,COSCOMATEPEC (DGE),VERACRUZ DE IGNACIO DE LA LLAVE,19.07,-97.02833333
30218,PUEBLO VIEJO,VERACRUZ DE IGNACIO DE LA LLAVE,17.35694444,-94.17777778
30217,LA CUMBRE,VERACRUZ DE IGNACIO DE LA LLAVE,19.37833333,-96.68305556
30207,CHICONTEPEC DE TEJEDA (DGE),VERACRUZ DE IGNACIO DE LA LLAVE,20.96944444,-98.16833333
30195,EMILIANO ZAPATA (CFE),VERACRUZ DE IGNACIO DE LA LLAVE,19.48333333,-96.78333333
30181,TETELZINGO,VERACRUZ DE IGNACIO DE LA LLAVE,19.05333333,-97.13333333
30198,ZALAYETA,VERACRUZ DE IGNACIO DE LA LLAVE,19.41388889,-97.38888889
30175,TEMBLADERAS,VERACRUZ DE IGNACIO DE LA LLAVE,19.51222222,-97.11805556
30212,MALTRATA (SMN),VERACRUZ DE IGNACIO DE LA LLAVE,18.81111111,-97.275
30187,TOTUTLA,VERACRUZ DE IGNACIO DE LA LLAVE,19.2125,-96.96388889
30209,IXHUACAN DE LOS REYES (CFE),VERACRUZ DE IGNACIO DE LA LLAVE,19.35555556,-97.11666667
30225,PASO DEL MACHO,VERACRUZ DE IGNACIO DE LA LLAVE,18.975,-96.71388889
30214,NANCHITAL (DGE),VERACRUZ DE IGNACIO DE LA LLAVE,18.07222222,-94.40972222
30226,MILCAHUAL,VERACRUZ DE IGNACIO DE LA LLAVE,20.84916667,-98.06166667
30230,NAOLINCO AC,VERACRUZ DE IGNACIO DE LA LLAVE,19.65055556,-96.87361111
30223,SINAPA DE ABAJO,VERACRUZ DE IGNACIO DE LA LLAVE,18.64027778,-95.40138889
30204,CATEMACO (CFE),VERACRUZ DE IGNACIO DE LA LLAVE,18.41361111,-95.11916667
30221,SAN JUAN EVANGELISTA (SMN),VERACRUZ DE IGNACIO DE LA LLAVE,17.88333333,-95.15
30231,SAN JOAQUIN (CFE),VERACRUZ DE IGNACIO DE LA LLAVE,19.79305556,-97.04194444
30205,COSAMALOAPAN DE CARPIO (DGE),VERACRUZ DE IGNACIO DE LA LLAVE,18.36666667,-95.8
30240,LAS BADEAS,VERACRUZ DE IGNACIO DE LA LLAVE,21.74,-98.41138889
30227,TUXPANGO,VERACRUZ DE IGNACIO DE LA LLAVE,18.81666667,-97.01666667
30238,PACHO VIEJO,VERACRUZ DE IGNACIO DE LA LLAVE,19.49666667,-96.91805556
30213,MARTINEZ DE LA TORRE (SMN),VERACRUZ DE IGNACIO DE LA LLAVE,20.06666667,-97.05
30219,PUENTE ENRIQUEZ (CFE),VERACRUZ DE IGNACIO DE LA LLAVE,19.9225,-97.22055556
30248,PB1 LA CANGREJERA,VERACRUZ DE IGNACIO DE LA LLAVE,17.87277778,-94.21027778
30241,MIRADORES,VERACRUZ DE IGNACIO DE LA LLAVE,19.46527778,-96.78611111
30242,MATA DE CHAVEZ,VERACRUZ DE IGNACIO DE LA LLAVE,22.10916667,-97.8425
30211,LAS VIGAS,VERACRUZ DE IGNACIO DE LA LLAVE,19.63888889,-97.10972222
30245,SAN LUCIANO,VERACRUZ DE IGNACIO DE LA LLAVE,21.855,-97.77111111
30222,SANTA ANA,VERACRUZ DE IGNACIO DE LA LLAVE,19.88,-96.50333333
30224,JESUS CARRANZA,VERACRUZ DE IGNACIO DE LA LLAVE,17.42916667,-95.01944444
30244,PLACETAS,VERACRUZ DE IGNACIO DE LA LLAVE,21.59666667,-98.36388889
30183,TLACOTALPAN,VERACRUZ DE IGNACIO DE LA LLAVE,18.61388889,-95.65555556
30216,NARANJAL,VERACRUZ DE IGNACIO DE LA LLAVE,18.64638889,-95.53194444
30228,JALAPA DE ENRIQUEZ I,VERACRUZ DE IGNACIO DE LA LLAVE,19.51805556,-96.89833333
30255,EL MIRADOR,VERACRUZ DE IGNACIO DE LA LLAVE,22.33222222,-98.41055556
30259,SAN JOSE DE ABAJO,VERACRUZ DE IGNACIO DE LA LLAVE,18.77527778,-96.77833333
30257,E.T.A. 155 URSULO GALVAN,VERACRUZ DE IGNACIO DE LA LLAVE,19.40972222,-96.36111111
30256,E.T.A. 073 SALADERO,VERACRUZ DE IGNACIO DE LA LLAVE,21.42472222,-97.54333333
30262,PB2 LA CANGREJERA,VERACRUZ DE IGNACIO DE LA LLAVE,17.95444444,-94.25388889
30260,TANTAVIL,VERACRUZ DE IGNACIO DE LA LLAVE,21.44916667,-98.41
30190,TUXPAM DE RODRIGUEZ CANO (OBS),VERACRUZ DE IGNACIO DE LA LLAVE,20.95972222,-97.41888889
30229,TUXPAM DE RODRIGUEZ CANO (SMN),VERACRUZ DE IGNACIO DE LA LLAVE,20.94722222,-97.44444444
30261,E.T.A. 175 TLACOLULA,VERACRUZ DE IGNACIO DE LA LLAVE,20.91666667,-98.16666667
30270,UXPANAPA,VERACRUZ DE IGNACIO DE LA LLAVE,17.57722222,-94.09722222
30272,PASO NACIONAL,VERACRUZ DE IGNACIO DE LA LLAVE,18.78333333,-96.71666667
30263,ALVARADO (OBS),VERACRUZ DE IGNACIO DE LA LLAVE,18.76666667,-95.76666667
30277,EL ELEFANTE,VERACRUZ DE IGNACIO DE LA LLAVE,17.83055556,-94.17222222
30269,EL ZAPOTE,VERACRUZ DE IGNACIO DE LA LLAVE,18.76833333,-96.12333333
30265,CEDILLO,VERACRUZ DE IGNACIO DE LA LLAVE,17.25,-94.6125
30284,SANTA ELENA,VERACRUZ DE IGNACIO DE LA LLAVE,18.31666667,-95.55
30279,KILOMETRO 92,VERACRUZ DE IGNACIO DE LA LLAVE,17.3,-94.38333333
30283,MIGUEL ALEMAN,VERACRUZ DE IGNACIO DE LA LLAVE,17.22305556,-94.63194444
30282,LA RAYA,VERACRUZ DE IGNACIO DE LA LLAVE,17.75138889,-94.65694444
30287,POBLADO UNO,VERACRUZ DE IGNACIO DE LA LLAVE,17.20972222,-94.72361111
30266,EL DIAMANTE,VERACRUZ DE IGNACIO DE LA LLAVE,19.45,-96.54416667
30273,AGUSTIN MELGAR,VERACRUZ DE IGNACIO DE LA LLAVE,17.25138889,-94.58472222
30264,TIERRA BLANCA (DGE),VERACRUZ DE IGNACIO DE LA LLAVE,18.45,-96.3625
30267,LA CONCEPCION,VERACRUZ DE IGNACIO DE LA LLAVE,19.60472222,-96.9
30278,E.T.A. 075 IXCANELCO,VERACRUZ DE IGNACIO DE LA LLAVE,21.13861111,-98.19472222
30268,LA POTOSINA,VERACRUZ DE IGNACIO DE LA LLAVE,22.32444444,-98.1475
30289,POBLADO TRES,VERACRUZ DE IGNACIO DE LA LLAVE,17.28222222,-94.63444444
30274,AQUILA,VERACRUZ DE IGNACIO DE LA LLAVE,18.79722222,-97.30972222
30291,POBLADO SEIS,VERACRUZ DE IGNACIO DE LA LLAVE,17.26861111,-94.50222222
30290,POBLADO CINCO,VERACRUZ DE IGNACIO DE LA LLAVE,17.27194444,-94.55083333
30288,POBLADO DOS,VERACRUZ DE IGNACIO DE LA LLAVE,17.245,-94.65055556
30293,SOTEAPAN,VERACRUZ DE IGNACIO DE LA LLAVE,18.23055556,-94.87361111
30281,LA LAGUNA,VERACRUZ DE IGNACIO DE LA LLAVE,17.27222222,-94.50555556
30298,RIO ALEGRE,VERACRUZ DE IGNACIO DE LA LLAVE,17.19722222,-94.70416667
30295,CAMPAMENTO PROGRESO,VERACRUZ DE IGNACIO DE LA LLAVE,18.90527778,-96.67611111
30305,PB3 LA CANGREJERA,VERACRUZ DE IGNACIO DE LA LLAVE,18.10361111,-94.39416667
30297,EJIDO MATA DE VARAS,VERACRUZ DE IGNACIO DE LA LLAVE,19.01944444,-96.67083333
30308,INGENIO CENTRAL PROGRESO,VERACRUZ DE IGNACIO DE LA LLAVE,18.9,-96.68333333
30310,PLAN DE PERICOS,VERACRUZ DE IGNACIO DE LA LLAVE,17.34583333,-94.67083333
30292,RIO GRANDE,VERACRUZ DE IGNACIO DE LA LLAVE,17.27638889,-94.37361111
30296,EJIDO LA DEFENSA,VERACRUZ DE IGNACIO DE LA LLAVE,19.01805556,-96.79166667
30306,PLAN DE LAS HAYAS,VERACRUZ DE IGNACIO DE LA LLAVE,19.76,-96.67166667
30303,HIDALGO AMAJAC,VERACRUZ DE IGNACIO DE LA LLAVE,17.40833333,-94.42222222
30299,PUERTO DEL AIRE,VERACRUZ DE IGNACIO DE LA LLAVE,18.73055556,-97.33194444
30285,PANUCO (DGE),VERACRUZ DE IGNACIO DE LA LLAVE,22.05916667,-98.17555556
30294,SONTECOMAPAN,VERACRUZ DE IGNACIO DE LA LLAVE,18.50416667,-95.03555556
30307,CASTILLO DE TEAYO,VERACRUZ DE IGNACIO DE LA LLAVE,20.74861111,-97.63333333
30320,MATA ANONILLA,VERACRUZ DE IGNACIO DE LA LLAVE,18.58888889,-96.23888889
30316,JUAN JOSE BAZ,VERACRUZ DE IGNACIO DE LA LLAVE,18.83194444,-96.79861111
30312,EL ENCAJONADO,VERACRUZ DE IGNACIO DE LA LLAVE,17.43333333,-94.21666667
30313,CAMPO EXPERIMENTAL PECUARIO,VERACRUZ DE IGNACIO DE LA LLAVE,17.83055556,-95.81388889
30314,CARLOS A. CARRILLO,VERACRUZ DE IGNACIO DE LA LLAVE,18.37638889,-95.75416667
30304,PRESA PASO DE PIEDRAS CHICAYAN,VERACRUZ DE IGNACIO DE LA LLAVE,21.7425,-98.16083333
30321,MAMEY,VERACRUZ DE IGNACIO DE LA LLAVE,21.52277778,-97.63944444
30318,LOS LIBERALES,VERACRUZ DE IGNACIO DE LA LLAVE,17.32638889,-94.15
30315,LAS FLORES,VERACRUZ DE IGNACIO DE LA LLAVE,21.27583333,-97.56
30317,LA LAJA,VERACRUZ DE IGNACIO DE LA LLAVE,21.68166667,-97.69388889
30302,SIHUAPAN,VERACRUZ DE IGNACIO DE LA LLAVE,18.43888889,-95.17777778
30319,EL MERCADO,VERACRUZ DE IGNACIO DE LA LLAVE,21.48666667,-97.91333333
30158,SANTA ROSA,VERACRUZ DE IGNACIO DE LA LLAVE,19.46527778,-96.46388889
30326,POBLADO NUEVE,VERACRUZ DE IGNACIO DE LA LLAVE,17.32638889,-94.43888889
30323,NUEVA ESPERANZA,VERACRUZ DE IGNACIO DE LA LLAVE,17.33333333,-94.78333333
30328,ZAPOTAL,VERACRUZ DE IGNACIO DE LA LLAVE,18.48333333,-95.56666667
30300,CAROLINO ANAYA,VERACRUZ DE IGNACIO DE LA LLAVE,17.34583333,-94.74027778
30330,HEROICA CORDOBA (SMN),VERACRUZ DE IGNACIO DE LA LLAVE,18.88333333,-96.91666667
30324,LA POSTA,VERACRUZ DE IGNACIO DE LA LLAVE,19.01388889,-96.13888889
30311,COSAUTLAN,VERACRUZ DE IGNACIO DE LA LLAVE,19.33277778,-96.99444444
30335,SUCHILAPAN DEL RIO,VERACRUZ DE IGNACIO DE LA LLAVE,17.39166667,-94.96666667
30329,LA TINAJA,VERACRUZ DE IGNACIO DE LA LLAVE,21.46666667,-97.91666667
30332,BARRA DE CAZONES (CFE),VERACRUZ DE IGNACIO DE LA LLAVE,20.71944444,-97.20083333
30173,TECUANTEPEC (CFE),VERACRUZ DE IGNACIO DE LA LLAVE,20.14083333,-97.53472222
30325,LA PUENTE,VERACRUZ DE IGNACIO DE LA LLAVE,21.81416667,-98.01416667
30346,EL COYOL,VERACRUZ DE IGNACIO DE LA LLAVE,21.42916667,-98.115
30327,TIERRA MORADA,VERACRUZ DE IGNACIO DE LA LLAVE,17.57194444,-94.16333333
30347,EL COROZAL,VERACRUZ DE IGNACIO DE LA LLAVE,21.55555556,-98.55666667
30349,PILETAS,VERACRUZ DE IGNACIO DE LA LLAVE,19.58861111,-96.99638889
30322,MIHUAPAN,VERACRUZ DE IGNACIO DE LA LLAVE,20.61805556,-97.61416667
30348,E.T.A. 233 PLAYA VICENTE,VERACRUZ DE IGNACIO DE LA LLAVE,17.83333333,-95.81666667
30339,CERRO GORDO,VERACRUZ DE IGNACIO DE LA LLAVE,19.43305556,-96.69777778
30354,SAYULA,VERACRUZ DE IGNACIO DE LA LLAVE,17.88055556,-94.96388889
30331,TAMIAHUA (CFE),VERACRUZ DE IGNACIO DE LA LLAVE,21.31527778,-97.44416667
30343,C.I.E.E.G.T.-U.N.A.M.,VERACRUZ DE IGNACIO DE LA LLAVE,20.06111111,-97.08361111
30344,VEINTICUATRO DE FEBRERO,VERACRUZ DE IGNACIO DE LA LLAVE,17.21666667,-94.81666667
30356,LA PALMA,VERACRUZ DE IGNACIO DE LA LLAVE,20.97666667,-97.835
30352,GUTIERREZ ZAMORA I,VERACRUZ DE IGNACIO DE LA LLAVE,20.48333333,-97.1
30338,ACATLAN,VERACRUZ DE IGNACIO DE LA LLAVE,19.69583333,-96.84388889
30337,LIBERTAD,VERACRUZ DE IGNACIO DE LA LLAVE,20.05194444,-96.97277778
30340,NARANJOS,VERACRUZ DE IGNACIO DE LA LLAVE,21.35388889,-97.68166667
30350,CITLALTEPETL,VERACRUZ DE IGNACIO DE LA LLAVE,21.32916667,-97.8775
30345,RANCHO SANTA ROSA,VERACRUZ DE IGNACIO DE LA LLAVE,21.51333333,-98.1775
30342,CENTRO REGIONAL HUATUSCO,VERACRUZ DE IGNACIO DE LA LLAVE,19.14666667,-96.95
30362,TIHUATLAN,VERACRUZ DE IGNACIO DE LA LLAVE,20.71111111,-97.53611111
30351,COATZINTLA,VERACRUZ DE IGNACIO DE LA LLAVE,20.48888889,-97.4875
30360,POTRERO DEL LLANO,VERACRUZ DE IGNACIO DE LA LLAVE,21.08416667,-97.73166667
30355,CHICUALQUE,VERACRUZ DE IGNACIO DE LA LLAVE,20.38111111,-97.66222222
30357,LAS FLORES,VERACRUZ DE IGNACIO DE LA LLAVE,21.27583333,-97.56
30353,LA MANCHA,VERACRUZ DE IGNACIO DE LA LLAVE,19.59611111,-96.38361111
30363,LA VIGUETA,VERACRUZ DE IGNACIO DE LA LLAVE,20.33444444,-96.87972222
30365,ZACUALPAN,VERACRUZ DE IGNACIO DE LA LLAVE,20.43055556,-98.35277778
30177,TENAMPA (CFE),VERACRUZ DE IGNACIO DE LA LLAVE,19.25166667,-96.8825
30373,ADOLFO RUIZ CORTINEZ,VERACRUZ DE IGNACIO DE LA LLAVE,20.60083333,-97.305
30367,APAZAPAN (CFE),VERACRUZ DE IGNACIO DE LA LLAVE,19.32055556,-96.71805556
30366,FRIJOL COLORADO (CFE),VERACRUZ DE IGNACIO DE LA LLAVE,19.50416667,-97.33583333
30371,GUTIERREZ ZAMORA II,VERACRUZ DE IGNACIO DE LA LLAVE,20.44916667,-97.08388889
30368,CUAUHTAMINGO (CFE),VERACRUZ DE IGNACIO DE LA LLAVE,19.74833333,-97.31388889
30381,ZILACATIPAN,VERACRUZ DE IGNACIO DE LA LLAVE,20.65583333,-98.34805556
30203,CACALILAO,VERACRUZ DE IGNACIO DE LA LLAVE,22.15277778,-98.17277778
30359,PALO BENDITO,VERACRUZ DE IGNACIO DE LA LLAVE,20.50916667,-98.50388889
30185,LAUCHAPAN,VERACRUZ DE IGNACIO DE LA LLAVE,18.25,-95.35972222
30383,SAN JOSE DEL CARMEN,VERACRUZ DE IGNACIO DE LA LLAVE,17.93138889,-94.21361111
30370,ORILLA DEL MONTE (CFE),VERACRUZ DE IGNACIO DE LA LLAVE,19.66111111,-97.29277778
30385,TEPETAPAN (CFE),VERACRUZ DE IGNACIO DE LA LLAVE,18.43333333,-95.13333333
30386,PLQ SEDEÑO,VERACRUZ DE IGNACIO DE LA LLAVE,19.59527778,-96.92138889
30377,MAJAHUAL,VERACRUZ DE IGNACIO DE LA LLAVE,21.11638889,-97.41333333
30364,VILLA TEJEDA,VERACRUZ DE IGNACIO DE LA LLAVE,19.02222222,-96.61388889
30389,SAN JOSÉ NOVILLERO,VERACRUZ DE IGNACIO DE LA LLAVE,19.08583333,-96.14722222
30390,TEPETLÁN,VERACRUZ DE IGNACIO DE LA LLAVE,19.67444444,-96.81444444
30391,TLAQUILPA,VERACRUZ DE IGNACIO DE LA LLAVE,18.59638889,-97.14194444
30388,SAN ANDRES TUXTLA AC,VERACRUZ DE IGNACIO DE LA LLAVE,18.45083333,-95.22944444
30387,POTRERO NUEVO,VERACRUZ DE IGNACIO DE LA LLAVE,18.88805556,-96.81194444
30393,XALAPA DOS DE ABRIL,VERACRUZ DE IGNACIO DE LA LLAVE,19.53472222,-96.90111111
30384,JALACINGO (CFE),VERACRUZ DE IGNACIO DE LA LLAVE,19.82833333,-97.30388889
30392,XALAPA CRISTAL,VERACRUZ DE IGNACIO DE LA LLAVE,19.55888889,-96.90388889
30361,SOMBRERETE,VERACRUZ DE IGNACIO DE LA LLAVE,20.88722222,-97.80972222
30382,ZONTECOMATLAN,VERACRUZ DE IGNACIO DE LA LLAVE,20.76166667,-98.34361111
30394,XALAPA MAGISTERIAL,VERACRUZ DE IGNACIO DE LA LLAVE,19.56388889,-96.93555556
30395,XALAPA OLMOS,VERACRUZ DE IGNACIO DE LA LLAVE,19.52833333,-96.87166667
30396,XALAPA REVOLUCIÓN,VERACRUZ DE IGNACIO DE LA LLAVE,19.5825,-96.93222222
30397,XALAPA SUMIDERO,VERACRUZ DE IGNACIO DE LA LLAVE,19.55583333,-96.91111111
30398,YECUATLA,VERACRUZ DE IGNACIO DE LA LLAVE,19.88055556,-96.79444444
30220,QUEBRACHE,VERACRUZ DE IGNACIO DE LA LLAVE,21.97666667,-97.99083333
30193,JOSE CARDEL,VERACRUZ DE IGNACIO DE LA LLAVE,19.36472222,-96.37444444
30301,VICHINCHIJOL,VERACRUZ DE IGNACIO DE LA LLAVE,22.025,-98.33611111
30336,IXHUACAN DE LOS REYES,VERACRUZ DE IGNACIO DE LA LLAVE,19.34861111,-97.10833333
30358,HUEYTEPEC,VERACRUZ DE IGNACIO DE LA LLAVE,20.32833333,-96.98666667
30456,LA CANGREJERA,VERACRUZ DE IGNACIO DE LA LLAVE,18.125,-94.35555556
30461,TEPETAPAN,VERACRUZ DE IGNACIO DE LA LLAVE,18.42,-95.12694444
30375,CHALAHUITE,VERACRUZ DE IGNACIO DE LA LLAVE,21.06833333,-97.545
30464,CHACALTIANGUIS,VERACRUZ DE IGNACIO DE LA LLAVE,18.30416667,-95.84194444
30458,MINZAPAN,VERACRUZ DE IGNACIO DE LA LLAVE,18.1375,-94.77083333
30453,OXTLAPA,VERACRUZ DE IGNACIO DE LA LLAVE,19.43222222,-97.09166667
30465,PRESA EL MORALILLO,VERACRUZ DE IGNACIO DE LA LLAVE,21.18444444,-97.81444444
30455,LA JOYA,VERACRUZ DE IGNACIO DE LA LLAVE,19.61083333,-97.02722222
30457,LA CEIBILLA,VERACRUZ DE IGNACIO DE LA LLAVE,18.22972222,-95.44527778
30468,PASO DEL TORO,VERACRUZ DE IGNACIO DE LA LLAVE,19.0375,-96.13472222
30467,EL NARANJAL,VERACRUZ DE IGNACIO DE LA LLAVE,19.42305556,-96.38805556
30462,TENOCHTITLAN,VERACRUZ DE IGNACIO DE LA LLAVE,19.81111111,-96.91666667
30469,BANDERILLA,VERACRUZ DE IGNACIO DE LA LLAVE,19.59027778,-96.94611111
30487,MESA DE GOMEZ,VERACRUZ DE IGNACIO DE LA LLAVE,19.52916667,-96.97638889
30488,JALAPA DE ENRIQUEZ II,VERACRUZ DE IGNACIO DE LA LLAVE,19.54,-96.91666667
30486,LOMA GRANDE,VERACRUZ DE IGNACIO DE LA LLAVE,18.92888889,-97.23277778
30454,INGENIO LA CONCEPCION,VERACRUZ DE IGNACIO DE LA LLAVE,19.60472222,-96.88444444
30452,BRIONES,VERACRUZ DE IGNACIO DE LA LLAVE,19.50833333,-96.94944444
31006,CHACSINKIN,YUCATÁN,20.1725,-89.01611111
31004,CELESTUN (SMN),YUCATÁN,20.85,-90.4
31005,C.I.A.P.Y.,YUCATÁN,20.42666667,-89.75555556
31012,EL CUYO,YUCATÁN,21.51361111,-87.68305556
31015,IZAMAL ESCUELA,YUCATÁN,20.93694444,-89.02527778
31002,BECANCHEN,YUCATÁN,19.87416667,-89.21694444
31026,SAN ROMAN,YUCATÁN,21.21666667,-88.5
31003,BUCTZOTZ,YUCATÁN,21.20805556,-88.8
31019,CANTAMAYEC,YUCATÁN,20.46722222,-89.07944444
31001,ABALA,YUCATÁN,20.65,-89.68
31011,DZITAS,YUCATÁN,20.83722222,-88.52694444
31028,SANTA ROSA,YUCATÁN,19.95,-88.88333333
31013,ESPITA,YUCATÁN,21.00805556,-88.28277778
31025,E.T.A. 169 SAN DIEGO,YUCATÁN,20.2,-89.28333333
31007,CHICXULUB PUERTO,YUCATÁN,21.29388889,-89.60833333
31009,DZAN,YUCATÁN,20.36055556,-89.47638889
31010,DZILAM DE BRAVO,YUCATÁN,21.3925,-88.89138889
31020,MOTUL,YUCATÁN,21.07888889,-89.28361111
31024,RIO LAGARTOS,YUCATÁN,21.58972222,-88.1475
31029,SISAL,YUCATÁN,21.16527778,-90.03055556
31030,SOTUTA (DGE),YUCATÁN,20.59527778,-89.00527778
31033,TEKAX DE ALVARO OBREGON,YUCATÁN,20.205,-89.29111111
31047,FUERZA AEREA,YUCATÁN,20.93805556,-89.64722222
31022,PETO,YUCATÁN,20.12222222,-88.94833333
31049,KANTEMO,YUCATÁN,21.15,-88.95583333
31037,XOCNACEH,YUCATÁN,20.34305556,-89.48
31035,TIXMEHUAC,YUCATÁN,20.23333333,-89.11277778
31017,LOCHE,YUCATÁN,21.39,-88.1475
31052,UMAN,YUCATÁN,20.88194444,-89.75
31051,HUNUCMA,YUCATÁN,21.01666667,-89.87833333
31032,TELCHAQUILLO,YUCATÁN,20.64305556,-89.46166667
31027,SANTA ELENA,YUCATÁN,20.3275,-89.63944444
31042,VALLADOLID (DGE),YUCATÁN,20.7,-88.21666667
31031,TELCHAC PUERTO,YUCATÁN,21.33777778,-89.26583333
31036,C.I.C.Y.,YUCATÁN,21.02972222,-89.63972222
31041,MAYAPAN,YUCATÁN,20.46361111,-89.22333333
31021,MUNA,YUCATÁN,20.49277778,-89.71222222
31040,CELESTUN (DGE),YUCATÁN,20.85916667,-90.4
31016,KINCHIL,YUCATÁN,20.91305556,-89.955
31023,PROGRESO (OBS),YUCATÁN,21.27583333,-89.65388889
31038,XUL,YUCATÁN,20.10083333,-89.4625
31046,VALLADOLID (OBS),YUCATÁN,20.69,-88.20416667
31050,CACALCHEN,YUCATÁN,21.01638889,-89.225
31055,E.T.A. 443 ESPITA,YUCATÁN,21.01277778,-88.30472222
31008,CHANCHICHIMILA,YUCATÁN,20.39055556,-88.47611111
31053,DZONOT CARRETERO,YUCATÁN,21.40194444,-87.8775
31039,YAXCABA,YUCATÁN,20.53333333,-88.83333333
31066,CANSANCAB,YUCATÁN,21.15,-89.1
31070,HOCABA,YUCATÁN,20.81694444,-89.23694444
31054,PANABA,YUCATÁN,21.29638889,-88.27055556
31064,SACALUM,YUCATÁN,20.495,-89.58972222
31044,MERIDA (OBS),YUCATÁN,20.95,-89.65
31079,MERIDA SANTIAGO,YUCATÁN,20.98333333,-89.58333333
31057,CONKAL,YUCATÁN,21.07333333,-89.52083333
31068,CHAN CENOTE,YUCATÁN,20.99083333,-87.78388889
31069,CHEMAX,YUCATÁN,20.64861111,-87.935
31076,COLONIA YUCATAN,YUCATÁN,21.2125,-87.72583333
31058,HALACHO,YUCATÁN,20.49277778,-90.0775
31075,CATZIN,YUCATÁN,20.76444444,-87.86472222
31063,TICUL,YUCATÁN,20.39722222,-89.55777778
31078,F.I.U.A.D.Y. (PERIFERICO),YUCATÁN,21.04944444,-89.64722222
31014,INGENIO CATMIS,YUCATÁN,19.95611111,-88.94833333
31045,SOTUTA (SMN),YUCATÁN,20.6,-89.01666667
31034,TIZIMIN,YUCATÁN,21.15611111,-88.16861111
31073,TZUCACAB,YUCATÁN,20.07055556,-89.04388889
31084,YOKDZONOT PRESENTADO,YUCATÁN,20.96944444,-87.90555556
31056,MOCOCHA,YUCATÁN,21.105,-89.45361111
31077,CHUNCHUCMIL,YUCATÁN,20.64333333,-90.21527778
31091,CAROLINA,YUCATÁN,21.14166667,-89.45555556
31043,OPICHEN,YUCATÁN,20.54638889,-89.84944444
31059,TEKAX UNIDAD,YUCATÁN,20.16861111,-89.235
31093,C.E.P. TIZIMIN,YUCATÁN,21.18333333,-87.98333333
31018,MAXCANU,YUCATÁN,20.6,-90.0
31048,CUZAMA,YUCATÁN,20.74138889,-89.31555556
31062,TABI,YUCATÁN,20.2275,-89.53194444
31061,OXCUTZCAB,YUCATÁN,20.29111111,-89.39472222
31065,ACANCEH,YUCATÁN,20.81111111,-89.44666667
31060,AKIL,YUCATÁN,20.24416667,-89.32472222
31101,HUHI,YUCATÁN,20.72527778,-89.16138889
31099,TANTANKIN,YUCATÁN,20.20694444,-89.28111111
31080,NABULA,YUCATÁN,21.0275,-88.085
31086,KUXEB,YUCATÁN,20.855,-87.87027778
31098,NOHALAL,YUCATÁN,19.79305556,-89.33277778
31090,CHOCHOLA,YUCATÁN,20.75083333,-89.83
31089,DZONOT AKE,YUCATÁN,21.23666667,-87.93694444
31088,PISTE,YUCATÁN,20.69138889,-88.58277778
31083,YALSIHON,YUCATÁN,21.40805556,-88.505
31071,HOLCA,YUCATÁN,20.7575,-88.93388889
31095,COLONIA EMILIANO ZAPATA,YUCATÁN,20.98388889,-89.58361111
31097,MERIDA (CONAGUA),YUCATÁN,20.98416667,-89.65805556
31094,DZIDZANTUM,YUCATÁN,21.26,-89.045
31085,SAN DIEGO BUENAVISTA,YUCATÁN,19.85611111,-89.29777778
31072,TEABO,YUCATÁN,20.41027778,-89.28777778
31100,TUNKAS,YUCATÁN,20.90111111,-88.75805556
31082,X - HUALTEZ,YUCATÁN,21.12361111,-88.63861111
31074,CALOTMUL,YUCATÁN,21.01861111,-88.18194444
31096,TEMAX,YUCATÁN,21.15972222,-88.95777778
32009,JEREZ DE GARCIA SALINAS (SMN),ZACATECAS,22.65,-103.0
32002,BOCA DEL TESORERO,ZACATECAS,22.82361111,-102.9516667
32014,EL ENCINAL,ZACATECAS,23.78333333,-102.1666667
32012,CHALCHIHUITES (DGE),ZACATECAS,23.47722222,-103.8875
32001,AGUA NUEVA,ZACATECAS,23.78333333,-102.1602778
32003,CALERA,ZACATECAS,22.90861111,-102.6597222
32007,CEDROS,ZACATECAS,24.6775,-101.7730556
32005,CAÑITAS DE FELIPE PESCADOR,ZACATECAS,23.60222222,-102.7338889
32004,CAMACHO (SMN),ZACATECAS,24.44388889,-102.3736111
32017,EL TECOMATE,ZACATECAS,21.75,-103.05
32006,EL CAZADERO,ZACATECAS,23.69305556,-103.0936111
32021,COLONIA GONZALEZ ORTEGA,ZACATECAS,23.95666667,-103.4475
32010,CAOPAS,ZACATECAS,24.78166667,-102.175
32024,GUADALUPE VICTORIA,ZACATECAS,22.39583333,-101.8313889
32015,EL RUSIO,ZACATECAS,22.44194444,-101.7855556
32013,EL CHIQUE,ZACATECAS,22.00027778,-102.8891667
32029,JUCHIPILA (SMN),ZACATECAS,21.40472222,-103.1141667
32011,CONCEPCION DE LA NORMA,ZACATECAS,23.84333333,-101.96
32016,EL PLATANITO,ZACATECAS,22.61138889,-104.0508333
32018,EL SAUZ,ZACATECAS,23.28166667,-103.1088889
32026,JEREZ DE GARCIA SALINAS (DGE),ZACATECAS,22.64277778,-103.0019444
32019,EXCAME,ZACATECAS,21.64944444,-103.3397222
32036,MAZAPIL,ZACATECAS,24.64055556,-101.5558333
32023,GUADALUPE DE LAS CORRIENTES,ZACATECAS,23.7,-102.5166667
32027,JIMENEZ DEL TEUL,ZACATECAS,23.24888889,-103.8047222
32031,LA BUFA (OBS),ZACATECAS,22.77888889,-102.5669444
32039,NOCHISTLAN,ZACATECAS,21.3575,-102.8455556
32020,FRESNILLO,ZACATECAS,23.17388889,-102.8908333
32041,OJOCALIENTE,ZACATECAS,22.57777778,-102.2694444
32022,GRUÑIDORA,ZACATECAS,24.21444444,-101.9222222
32032,LA VILLITA,ZACATECAS,21.60472222,-103.3377778
32040,NUEVO MERCURIO,ZACATECAS,24.22972222,-102.1508333
32033,LORETO,ZACATECAS,22.26472222,-101.9855556
32034,PUERTO SAN FRANCISCO,ZACATECAS,23.73555556,-103.3872222
32043,PINOS (DGE),ZACATECAS,22.27,-101.6047222
32025,HUANUSCO,ZACATECAS,21.7675,-102.9688889
32030,LA FLORIDA,ZACATECAS,22.68611111,-103.6025
32037,MONTE ESCOBEDO,ZACATECAS,22.30694444,-103.5616667
32042,PALOMAS,ZACATECAS,22.34722222,-102.7966667
32056,TEUL DE GONZALEZ ORTEGA (SMN),ZACATECAS,21.46666667,-103.45
32062,VILLANUEVA (SMN),ZACATECAS,22.35,-102.8833333
32045,RIO GRANDE (SMN),ZACATECAS,23.81694444,-103.0258333
32052,SAN RAFAEL,ZACATECAS,24.59,-102.1108333
32048,SAN BENITO,ZACATECAS,23.90277778,-101.7191667
32047,SAN ANTONIO DEL CIPRES,ZACATECAS,22.94083333,-102.4875
32044,ESCUELA DE AGRONOMIA UAZ,ZACATECAS,22.72111111,-102.6866667
32028,JUAN ALDAMA,ZACATECAS,24.28166667,-103.3977778
32055,TAYAHUA,ZACATECAS,22.09777778,-102.8719444
32038,NIEVES,ZACATECAS,24.00138889,-103.0194444
32057,TLALTENANGO SANCHEZ ROMAN,ZACATECAS,21.77361111,-103.3094444
32060,VILLA GARCIA (SMN),ZACATECAS,22.15,-101.95
32046,SAIN ALTO,ZACATECAS,23.58,-103.2638889
32061,VILLA HIDALGO,ZACATECAS,22.34722222,-101.7158333
32059,VILLA DE COS (SMN),ZACATECAS,23.28888889,-102.3441667
32050,SAN GIL,ZACATECAS,24.19583333,-102.9783333
32080,SAN ANTONIO DE TRIANA,ZACATECAS,23.88222222,-102.5055556
32077,SAN TIBURCIO (SMN),ZACATECAS,24.14166667,-101.4722222
32068,PINOS (SMN),ZACATECAS,22.28277778,-101.5808333
32076,COLONIA GREVER LA COLORADA,ZACATECAS,23.80944444,-102.4719444
32074,HACIENDA DE ZARAGOZA,ZACATECAS,23.94361111,-103.4163889
32072,VILLA GARCIA (DGE),ZACATECAS,22.16638889,-101.9519444
32073,VILLANUEVA (DGE),ZACATECAS,22.36277778,-102.8891667
32069,SAN JUAN CAPISTRANO,ZACATECAS,22.64527778,-104.1005556
32071,VILLA DE COS (DGE),ZACATECAS,23.29055556,-102.3455556
32089,E.T.A. 143 MIGUEL AUZA,ZACATECAS,24.27416667,-103.5077778
32084,SAN ANDRES,ZACATECAS,23.69944444,-101.93
32049,SAN FRANCISCO (SMN),ZACATECAS,24.32472222,-102.885
32065,CHALCHIHUITES (SMN),ZACATECAS,23.47194444,-103.88
32088,PETUCHE,ZACATECAS,23.35,-102.3333333
32053,SANTA ROSA,ZACATECAS,22.92583333,-103.1127778
32070,TEUL DE GONZALEZ ORTEGA (DGE),ZACATECAS,21.46861111,-103.4619444
32067,JUCHIPILA (DGE),ZACATECAS,21.4075,-103.1138889
32058,TRANCOSO,ZACATECAS,22.74555556,-102.3694444
32096,RIO GRANDE (DGE),ZACATECAS,23.80027778,-103.0266667
32090,E.T.A. 144 COLONIA GONZALEZ ORTEGA,ZACATECAS,23.96666667,-103.45
32093,EL ARENAL,ZACATECAS,23.64972222,-103.4475
32095,PAJARITOS DE LA SIERRA,ZACATECAS,22.52083333,-104.3186111
32091,E.T.A. 145 EL SALVADOR,ZACATECAS,24.53333333,-100.8833333
32097,TENAYUCA,ZACATECAS,21.50277778,-102.6525
32102,TONALA,ZACATECAS,22.71666667,-103.55
32086,ZACATECAS (DGE),ZACATECAS,22.76138889,-102.5766667
32092,CAMACHO (DGE),ZACATECAS,24.43722222,-102.3702778
32051,SAN PEDRO PIEDRA GORDA -CIUDAD CUAUHTEMOC-,ZACATECAS,22.45305556,-102.3472222
32098,VALPARAISO,ZACATECAS,22.77277778,-103.5686111
32085,SANTA LUCIA,ZACATECAS,22.46805556,-104.2166667
32110,COLONIA GREVER PURISIMA SIFUENTES,ZACATECAS,23.88888889,-102.3352778
32101,SAN JOSE DE LOS LLANETES,ZACATECAS,22.91166667,-103.2780556
32099,MALPASO,ZACATECAS,22.61694444,-102.7672222
32100,SAN ISIDRO DE LOS GONZALEZ,ZACATECAS,22.84472222,-103.3825
32087,CONCEPCION DEL ORO,ZACATECAS,24.62138889,-101.3894444
32105,TLACHICHILA,ZACATECAS,21.56055556,-102.7863889
32104,RANCHO DE EN MEDIO,ZACATECAS,22.55583333,-103.5194444
32116,ADJUNTAS DEL REFUGIO,ZACATECAS,22.62361111,-103.4116667
32054,SOMBRERETE (DGE),ZACATECAS,23.63472222,-103.6397222
32115,SOMBRERETE (OBS),ZACATECAS,23.63888889,-103.6366667
32109,SAN PEDRO DE LA SIERRA,ZACATECAS,22.77194444,-103.9441667
32103,AMECA LA VIEJA,ZACATECAS,22.91888889,-104.0086111
32114,VILLA GONZALEZ ORTEGA,ZACATECAS,22.52055556,-101.9172222
32078,SAN TIBURCIO (DGE),ZACATECAS,24.14777778,-101.4836111
32063,ZACATECAS (SMN),ZACATECAS,22.78333333,-102.5833333
32107,SIERRA HERMOSA,ZACATECAS,23.61805556,-101.7230556
32113,PASTORIA,ZACATECAS,22.54444444,-103.5663889
32108,CORRALES,ZACATECAS,23.23166667,-103.6438889
32106,CUEVA GRANDE,ZACATECAS,22.6625,-103.3575
32112,MILPILLAS DE ALLENDE,ZACATECAS,21.32972222,-103.6141667
32122,LUIS MOYA,ZACATECAS,22.43888889,-102.2516667
32129,PRESA SUSTICACAN,ZACATECAS,22.60972222,-103.0975
32124,MOMAX,ZACATECAS,21.92333333,-103.3163889
32119,FELIPE ANGELES,ZACATECAS,22.54805556,-102.7908333
32117,LAS ANIMAS,ZACATECAS,22.49055556,-103.8388889
32125,MOYAHUA DE ESTRADA,ZACATECAS,21.25888889,-103.1569444
32123,MESILLAS,ZACATECAS,23.47388889,-103.5813889
32126,PALMILLAS,ZACATECAS,22.65333333,-102.355
32131,SAN GERONIMO,ZACATECAS,22.65722222,-102.4958333
32111,JALPA,ZACATECAS,21.65222222,-102.9813889
32120,GENARO CODINA,ZACATECAS,22.4875,-102.46
32127,PINO SUAREZ,ZACATECAS,22.11777778,-101.3991667
32118,LOS CAMPOS,ZACATECAS,22.01833333,-101.8547222
32132,TEPETONGO,ZACATECAS,22.45472222,-103.1536111
32145,LA BUFA (DGE),ZACATECAS,22.77805556,-102.5658333
32151,SIERRA VIEJA,ZACATECAS,23.49777778,-102.1336111
32156,MORELOS,ZACATECAS,22.85805556,-102.6066667
32154,CERRO DE LA VIRGEN OBS.ASTR.,ZACATECAS,22.7675,-102.5886111
32130,EL ROMERILLO,ZACATECAS,22.62027778,-103.6530556
32150,SAN GERONIMO,ZACATECAS,22.65027778,-102.4916667
32121,GUADALUPE,ZACATECAS,22.74694444,-102.5066667
32144,SAN FRANCISCO (DGE),ZACATECAS,24.32222222,-102.8844444
32148,LAS HUERTAS,ZACATECAS,24.39388889,-101.0966667
32138,CANOAS,ZACATECAS,22.50805556,-102.4744444
32133,FELIPE ANGELES,ZACATECAS,23.55555556,-103.5669444
32152,APOZOL,ZACATECAS,21.46166667,-103.0866667
32141,EL SALVADOR,ZACATECAS,24.52083333,-100.8716667
32153,FLORENCIA DE BENITO JUAREZ,ZACATECAS,21.49944444,-103.5505556
32137,CHICHIMEQUILLAS,ZACATECAS,23.24138889,-102.5747222
32143,GARCIA DE LA CADENA,ZACATECAS,21.20694444,-103.4588889
32136,VICENTE GUERRERO,ZACATECAS,22.31583333,-103.44
32142,TIERRA Y LIBERTAD,ZACATECAS,23.45027778,-102.3891667
32135,POTRERO DE GALLEGOS,ZACATECAS,22.64972222,-103.6997222
32134,MILPILLAS DE LA SIERRA,ZACATECAS,23.09194444,-103.6711111
32157,PRESA MORALEÑOS,ZACATECAS,21.72388889,-102.8975
32140,MEZQUITAL DEL ORO,ZACATECAS,21.2125,-103.3638889
32139,HUITZILA,ZACATECAS,21.22388889,-103.6058333
32173,EL PEÑASCO,ZACATECAS,22.99277778,-102.8372222
32158,PRESA SANTIAGO,ZACATECAS,24.28861111,-103.5066667
32172,RANCHO GRANDE,ZACATECAS,23.44972222,-102.9597222
32171,MIGUEL AUZA,ZACATECAS,24.2875,-103.4430556
32181,LA PITAYA,ZACATECAS,21.55361111,-103.0277778
32176,SAUCEDA DE LA BORDA,ZACATECAS,22.83166667,-102.4988889
32175,PRESA JULIAN ADAME,ZACATECAS,22.12083333,-102.8591667
32174,LLANO BLANCO,ZACATECAS,22.99694444,-102.6605556
32182,PALMA CUATA,ZACATECAS,21.48638889,-103.0208333
32179,SAN JERONIMO,ZACATECAS,24.98805556,-102.2130556
32184,LOS FRESNOS,ZACATECAS,21.7325,-103.2147222
32177,NUEVO TAMPICO,ZACATECAS,24.98333333,-102.615
32191,CAMPO LA ONDA,ZACATECAS,24.09583333,-103.4886111
32186,EL SALADILLO,ZACATECAS,22.67305556,-102.0408333
32183,ATOLINGA,ZACATECAS,21.81138889,-103.4591667
32189,PRESA SANTA TERESA,ZACATECAS,22.33305556,-103.4933333
32188,EL NIGROMANTE,ZACATECAS,22.15277778,-101.7069444
32180,GENERAL JOAQUIN AMARO,ZACATECAS,21.93333333,-103.0933333
32187,ESPIRITU SANTO,ZACATECAS,22.60444444,-101.4386111
